case,problem,speedup,subset
case_021,1,5.280108,>5.25
case_059,1,5.501141,>5.25
case_079,1,5.154741,5~5.25
case_084,1,6.215265,>5.25
case_097,1,5.482122,>5.25
case_007,2,5.138552,5~5.25
case_008,2,7.632782,>5.25
case_018,2,5.089938,5~5.25
case_019,2,5.395213,>5.25
case_021,2,5.257458,>5.25
case_023,2,5.27599,>5.25
case_025,2,5.156317,5~5.25
case_027,2,5.128446,5~5.25
case_028,2,5.440847,>5.25
case_030,2,5.020999,5~5.25
case_033,2,5.010791,5~5.25
case_034,2,5.163582,5~5.25
case_041,2,5.015602,5~5.25
case_058,2,5.008144,5~5.25
case_059,2,5.501141,>5.25
case_065,2,5.163764,5~5.25
case_067,2,5.07069,5~5.25
case_072,2,5.088828,5~5.25
case_073,2,5.436512,>5.25
case_074,2,5.006902,5~5.25
case_076,2,5.040616,5~5.25
case_079,2,5.191201,5~5.25
case_083,2,5.269939,>5.25
case_084,2,8.83439,>5.25
case_089,2,5.632055,>5.25
case_092,2,5.968871,>5.25
case_095,2,7.903997,>5.25
case_097,2,5.466036,>5.25
case_007,3,5.138552,5~5.25
case_008,3,7.632782,>5.25
case_018,3,5.052453,5~5.25
case_021,3,5.256957,>5.25
case_023,3,5.27599,>5.25
case_025,3,5.156317,5~5.25
case_027,3,5.128446,5~5.25
case_028,3,5.445693,>5.25
case_030,3,5.004043,5~5.25
case_033,3,5.010791,5~5.25
case_034,3,5.108571,5~5.25
case_038,3,5.031118,5~5.25
case_041,3,5.002814,5~5.25
case_052,3,5.206648,5~5.25
case_055,3,5.026436,5~5.25
case_059,3,5.502819,>5.25
case_065,3,5.163764,5~5.25
case_067,3,5.084652,5~5.25
case_072,3,5.073358,5~5.25
case_073,3,5.7016,>5.25
case_074,3,5.023663,5~5.25
case_076,3,5.027848,5~5.25
case_078,3,5.06162,5~5.25
case_079,3,5.177588,5~5.25
case_083,3,5.337845,>5.25
case_084,3,8.83439,>5.25
case_089,3,5.632055,>5.25
case_092,3,5.982411,>5.25
case_095,3,7.903997,>5.25
case_097,3,5.46629,>5.25
