case,src,mk_p1,mk_base
case_001,2,47502,47502.0
case_002,2,85883,60771.0
case_003,2,511412,471708.0
case_004,2,247003,88341.0
case_005,2,104369,78222.0
case_006,2,39692,27104.0
case_007,2,203834,203834.0
case_008,2,183629,100603.0
case_009,2,94841,89916.0
case_010,2,39451,26692.0
case_011,2,61917,46777.0
case_012,2,20469,15229.0
case_013,2,137258,55154.0
case_014,2,3691924,3660594.0
case_015,2,54238,41799.0
case_016,2,3396319,7715523.0
case_017,2,54034,35540.0
case_018,2,228773,210148.0
case_019,2,25349,20408.0
case_020,2,121884,107954.0
case_021,2,1283116,1243902.0
case_022,2,13114,12557.0
case_023,2,39684,27331.0
case_024,2,1120033,2555343.0
case_025,2,977115,978638.0
case_026,2,60306,41611.0
case_027,2,896573,496774.0
case_028,2,9155524,8926395.0
case_029,2,17645,11476.0
case_030,2,562242,578673.0
case_031,2,301094,291340.0
case_032,2,15412,10210.0
case_033,2,409253,369532.0
case_034,2,217599,179066.0
case_035,2,135749,95455.0
case_036,2,187182,187182.0
case_037,2,43013,43013.0
case_038,2,274321,283423.0
case_039,2,327297,315610.0
case_040,2,115346,104881.0
case_041,2,1219639,1223254.0
case_042,2,356217,348692.0
case_043,2,232434,225465.0
case_044,2,86834,132892.0
case_045,2,30856,26558.0
case_046,2,139929,114951.0
case_047,2,348093,305956.0
case_048,2,196774,211292.0
case_049,2,225882,134375.0
case_050,2,105684,89939.0
case_051,2,262382,603863.0
case_052,2,49808,39731.0
case_053,2,789368,450810.0
case_054,2,620405,469239.0
case_055,2,35457,27082.0
case_056,2,329314,232764.0
case_057,2,16869,14053.0
case_058,2,943156,943156.0
case_059,2,150782,150782.0
case_060,2,190105,185435.0
case_061,2,26450,20200.0
case_062,2,890401,701700.0
case_063,2,364212,240418.0
case_064,2,21568,16589.0
case_065,2,13556,12395.0
case_066,2,156776,151163.0
case_067,2,17138268,13167883.0
case_068,2,357400,288672.0
case_069,2,16372,13115.0
case_070,2,55255,27260.0
case_071,2,13654,10555.0
case_072,2,5010263,4879417.0
case_073,2,2124193,2124193.0
case_074,2,404145,349220.0
case_075,2,719790,719790.0
case_076,2,1271630,1290116.0
case_077,2,132005,108317.0
case_078,2,576363,486196.0
case_079,2,6025507,6025063.0
case_080,2,119367,101212.0
case_081,2,30943,30943.0
case_082,2,357876,353798.0
case_083,2,256897,234944.0
case_084,2,415797,503472.0
case_085,2,1473074,1469227.0
case_086,2,131230,94322.0
case_087,2,916490,857588.0
case_088,2,186035,175359.0
case_089,2,384010,147432.0
case_090,2,381265,365572.0
case_091,2,1868606,1904885.0
case_092,2,1214658,1167773.0
case_093,2,15876,15876.0
case_094,2,19895,20858.0
case_095,2,554514,420852.0
case_096,2,33828,27210.0
case_097,2,2123528,2097377.0
case_098,2,83299,78314.0
case_099,2,415496,334879.0
case_100,2,58301,55401.0
case_001,3,47502,47502.0
case_002,3,90141,60771.0
case_003,3,511412,471708.0
case_004,3,247003,88341.0
case_005,3,99373,78222.0
case_006,3,38903,27104.0
case_007,3,203834,203834.0
case_008,3,183629,100603.0
case_009,3,121527,89916.0
case_010,3,41296,26692.0
case_011,3,61917,46777.0
case_012,3,22027,15229.0
case_013,3,137258,55154.0
case_014,3,3660594,3660594.0
case_015,3,53618,41799.0
case_016,3,3396319,7715523.0
case_017,3,54034,35540.0
case_018,3,228773,210148.0
case_019,3,24461,20408.0
case_020,3,134535,107954.0
case_021,3,1283116,1243902.0
case_022,3,13114,12557.0
case_023,3,39684,27331.0
case_024,3,1120033,2555343.0
case_025,3,977115,978638.0
case_026,3,54732,41611.0
case_027,3,896573,496774.0
case_028,3,9155524,8926395.0
case_029,3,12622,11476.0
case_030,3,562242,578673.0
case_031,3,301094,291340.0
case_032,3,15293,10210.0
case_033,3,409253,369532.0
case_034,3,217599,179066.0
case_035,3,153913,95455.0
case_036,3,187182,187182.0
case_037,3,43013,43013.0
case_038,3,274321,283423.0
case_039,3,592786,315610.0
case_040,3,118438,104881.0
case_041,3,1219639,1223254.0
case_042,3,356217,348692.0
case_043,3,232434,225465.0
case_044,3,94231,132892.0
case_045,3,30856,26558.0
case_046,3,115892,114951.0
case_047,3,370796,305956.0
case_048,3,202629,211292.0
case_049,3,227786,134375.0
case_050,3,104923,89939.0
case_051,3,262382,603863.0
case_052,3,49808,39731.0
case_053,3,789368,450810.0
case_054,3,620405,469239.0
case_055,3,35457,27082.0
case_056,3,328429,232764.0
case_057,3,17059,14053.0
case_058,3,943156,943156.0
case_059,3,150782,150782.0
case_060,3,190105,185435.0
case_061,3,28603,20200.0
case_062,3,890401,701700.0
case_063,3,364238,240418.0
case_064,3,20981,16589.0
case_065,3,15908,12395.0
case_066,3,162993,151163.0
case_067,3,17138268,13167883.0
case_068,3,356937,288672.0
case_069,3,16396,13115.0
case_070,3,53830,27260.0
case_071,3,13766,10555.0
case_072,3,4867304,4879417.0
case_073,3,2124193,2124193.0
case_074,3,404145,349220.0
case_075,3,720888,719790.0
case_076,3,1296112,1290116.0
case_077,3,132005,108317.0
case_078,3,576363,486196.0
case_079,3,6025507,6025063.0
case_080,3,182722,101212.0
case_081,3,30943,30943.0
