问题,N,均值,min,p25,中位,p75,max,超核数用例数
问题1,2,1.6,0.949,1.068,1.717,1.989,2.24,7
问题1,3,2.075,0.942,1.457,2.022,2.858,3.305,5
问题1,4,2.337,0.949,1.382,2.222,2.977,4.458,5
问题1,5,2.583,0.945,1.653,2.381,3.291,5.501,3
问题2,2,1.642,0.978,1.31,1.819,1.992,2.188,9
问题2,3,2.157,0.966,1.647,2.289,2.842,3.104,2
问题2,4,2.566,0.975,1.812,2.587,3.62,4.227,2
问题2,5,2.942,0.971,1.84,3.043,3.836,5.501,1
问题3 相对(无L2/Cache),2,1.013,1.0,1.0,1.0,1.0,1.519,
问题3 相对(无L2/Cache),3,1.017,0.993,1.0,1.0,1.001,1.581,
问题3 相对(无L2/Cache),4,1.017,1.0,1.0,1.0,1.001,1.411,
问题3 相对(无L2/Cache),5,1.018,1.0,1.0,1.0,1.002,1.404,
