case,N,n_ops,K,sc_makespan,sp_p1,sp_p2,超核数P1,超核数P2,p1_spill_MB,p2_spill_MB
case_006,2,851,6,82837,2.04,2.129,True,True,0.0,0.0
case_017,2,1758,8,162810,2.136,2.188,True,True,0.0,0.0
case_019,2,766,4,81144,1.989,2.021,False,True,0.0,0.0
case_021,2,4450,6,6567937,2.047,2.015,True,True,1.74,5.2
case_021,3,4450,9,6567937,3.134,3.047,True,True,0.0,4.57
case_021,4,4450,8,6567937,4.23,4.034,True,True,0.0,4.09
case_021,5,4450,10,6567937,5.28,4.834,True,False,0.0,4.55
case_027,2,1800,4,2363952,2.116,1.99,True,False,0.0,1.74
case_027,4,1800,4,2363952,4.227,4.227,True,True,0.0,0.0
case_040,2,3381,7,253454,1.864,2.022,False,True,0.0,0.0
case_055,2,1468,5,118835,1.995,2.012,False,True,0.0,0.0
case_058,3,17886,6,4539717,3.006,2.798,True,False,20.0,30.78
case_059,2,3168,6,829473,2.24,1.912,True,False,0.0,1.75
case_059,3,3168,9,829473,3.305,2.815,True,False,0.0,1.21
case_059,4,3168,8,829473,4.458,3.096,True,False,0.0,1.69
case_059,5,3168,5,829473,5.501,5.501,True,True,0.0,0.0
case_079,2,20130,8,31052251,2.029,2.0,True,True,22.17,34.23
case_079,3,20130,9,31052251,3.071,2.981,True,False,16.0,34.34
case_079,4,20130,12,31052251,4.062,3.944,True,False,10.03,32.37
case_095,2,6006,4,2084853,1.999,2.003,False,True,0.0,0.0
case_097,2,7488,8,11491509,2.228,2.012,True,True,0.0,11.86
case_097,3,7488,9,11491509,3.29,3.104,True,True,0.03,12.42
case_097,4,7488,8,11491509,4.454,3.959,True,False,0.0,11.44
case_097,5,7488,10,11491509,5.479,4.87,True,False,0.0,7.89
