case,q,bal5,final_LNS,g5tf_x2,mergeN5,p2strandN5,p3strandN5,strandN5,bal5_solve_s,g5tf_x2_solve_s,mergeN5_solve_s,p2strandN5_solve_s,p3strandN5_solve_s,strandN5_solve_s
case_001,1,,4.9073723211654245,,4.9074,,,4.9074,,,24.59,,,2.901
case_002,1,,4.310361850224614,,4.2386,,,4.2386,,,29.658,,,7.385
case_003,1,,1.276662681150203,,1.253,,,1.2145,,,59.414,,,105.454
case_004,1,,4.441391879195391,,4.1717,,,3.549,,,23.43,,,3.85
case_005,1,,1.222392677251924,,1.2161,,,1.1881,,,31.265,,,11.462
case_006,1,,3.0562647579693034,,2.9157,,,2.8887,,,17.768,,,2.331
case_007,1,,4.967581463347626,,4.9676,,,4.9676,,,40.381,,,11.076
case_008,1,,4.846824,,4.8468,,,4.8468,,,32.377,,,2.683
case_009,1,,1.7044908581342586,,1.699,,,1.6913,,,34.709,,,33.403
case_010,1,,3.2582421699385584,,3.0592,,,2.8929,,,11.233,,,2.205
case_011,1,,3.948458,,3.9485,,,3.1702,,,11.156,,,2.942
case_012,1,,3.879965854619476,,3.8604,,,3.4278,,,15.512,,,4.134
case_013,1,,4.785672843311455,,4.7673,,,4.7673,,,56.746,,,8.36
case_014,1,,4.834905,,4.8349,,,4.8349,,,79.023,,,382.386
case_015,1,,4.24321156008517,,4.0682,,,3.4538,,,16.875,,,3.762
case_016,1,,2.271000770881121,,1.0,,,1.0,,,50.259,,,210.015
case_017,1,,4.581035453010692,,4.3174,,,4.1606,,,20.143,,,5.305
case_018,1,,4.779331709081219,,4.7173,,,4.6642,,,27.72,,,10.481
case_019,1,,3.9760878087024696,,3.5784,,,3.3898,,,10.816,,,2.099
case_020,1,,4.934935250199159,,4.9349,,,4.9349,,,36.67,,,14.5
case_021,1,,5.280108079253832,,5.2801,,,5.2801,,,22.104,,,13.437
case_022,1,,4.5217806800987494,,4.4108,,,4.3268,,,21.755,,,4.32
case_023,1,,4.48626102228239,,4.4022,,,4.4022,,,18.144,,,3.297
case_024,1,,2.2719107716791656,,1.0,,,1.0,,,19.885,,,28.09
case_025,1,,4.9691775712776325,,4.944,,,4.9422,,,67.926,,,87.687
case_026,1,,2.384057100285982,,2.3425,,,2.2693,,,13.282,,,2.126
case_027,1,,4.758606529327219,,4.6748,,,4.6487,,,22.442,,,6.925
case_028,1,,4.910834,,4.9108,,,4.7879,,,95.828,,,149.763
case_029,1,,3.2724817009410945,,3.0966,,,2.9991,,,16.414,,,3.471
case_030,1,,4.852540208373296,,4.8525,,,4.8525,,,52.27,,,39.7
case_031,1,,4.854702409555846,,4.6974,,,4.6974,,,36.35,,,25.216
case_032,1,,4.059059745347699,,3.9689,,,3.8674,,,14.771,,,2.886
case_033,1,,4.801197,,4.8012,,,4.8012,,,27.842,,,13.762
case_034,1,,4.707739045938369,,4.6177,,,4.6177,,,29.889,,,13.819
case_035,1,,1.7764496359541144,,1.7502,,,1.7442,,,31.295,,,9.368
case_036,1,,4.976493466252097,,4.9765,,,4.9765,,,48.875,,,8.268
case_037,1,,4.882268151489085,,4.8823,,,4.8823,,,34.284,,,2.232
case_038,1,,4.707618,,4.7076,,,4.5133,,,39.084,,,23.405
case_039,1,,4.547581,,4.5476,,,4.5342,,,37.199,,,18.984
case_040,1,,2.416586416986871,,2.4105,,,2.4093,,,23.69,,,7.006
case_041,1,,4.908185,,4.9082,,,4.9062,,,63.377,,,87.626
case_042,1,,4.837335,,4.8373,,,4.8373,,,32.204,,,17.99
case_043,1,,3.005592885813763,,2.9839,,,2.9839,,,52.44,,,37.066
case_044,1,,1.161898383649881,,1.1619,,,0.995,,,17.397,,,5.481
case_045,1,,4.729799,,4.7298,,,4.7298,,,19.89,,,4.533
case_046,1,,2.4049812528816625,,2.2406,,,2.1097,,,24.205,,,3.415
case_047,1,,1.0671730575638327,,1.0627,,,1.0619,,,44.906,,,114.918
case_048,1,,1.046741,,1.0467,,,1.0446,,,27.13,,,4.974
case_049,1,,1.4606586046511627,,1.4605,,,1.4598,,,23.532,,,12.338
case_050,1,,1.6643502818577036,,1.6596,,,1.6595,,,25.544,,,11.475
case_051,1,,2.271863245818035,,1.0003,,,1.0,,,23.344,,,3.762
case_052,1,,4.538043341471395,,4.3141,,,4.2388,,,16.377,,,3.917
case_053,1,,3.266755395843038,,3.2595,,,3.2224,,,58.525,,,87.484
case_054,1,,1.7369634663785405,,1.737,,,1.7187,,,61.181,,,152.286
case_055,1,,4.387969869285873,,4.0714,,,3.776,,,18.711,,,3.999
case_056,1,,1.1912709869223763,,1.1868,,,1.1824,,,33.48,,,27.683
case_057,1,,4.250053369387319,,3.9902,,,3.9902,,,15.839,,,3.385
case_058,1,,4.813325685252493,,4.7957,,,4.7957,,,79.118,,,207.565
case_059,1,,5.501141,,5.5011,,,5.5011,,,14.819,,,8.328
case_060,1,,4.792995,,4.793,,,4.7808,,,38.799,,,16.484
case_061,1,,3.8213366336633663,,3.3796,,,3.3265,,,17.91,,,4.743
case_062,1,,4.068418127404874,,4.0337,,,1.7178,,,92.469,,,170.99
case_063,1,,4.452233193854037,,4.3731,,,4.3731,,,51.874,,,34.122
case_064,1,,1.15233,,1.1523,,,1.1098,,,26.67,,,1.976
case_065,1,,4.281403791851553,,4.135,,,3.6123,,,11.405,,,2.304
case_066,1,,2.375382864854495,,2.2829,,,2.2739,,,44.75,,,20.975
case_067,1,,4.847767,,4.8478,,,4.8478,,,48.18,,,44.219
case_068,1,,1.2543474947345084,,1.2445,,,1.2443,,,26.933,,,31.098
case_069,1,,1.9171940526115134,,1.8931,,,1.7518,,,11.724,,,2.679
case_070,1,,4.303008070432869,,3.7774,,,3.7214,,,11.591,,,4.796
case_071,1,,1.7924206537186167,,1.736,,,1.5938,,,7.662,,,1.708
case_072,1,,4.897681,,4.8977,,,4.8948,,,69.335,,,286.467
case_073,1,,4.746097,,4.7461,,,4.7461,,,31.409,,,19.337
case_074,1,,4.817132,,4.8171,,,4.8171,,,31.342,,,15.071
case_075,1,,2.003097,,2.0031,,,2.0031,,,28.14,,,66.105
case_076,1,,4.794230131244012,,4.7942,,,4.7942,,,67.464,,,280.536
case_077,1,,4.572874064089663,,4.564,,,4.4857,,,27.898,,,16.53
case_078,1,,4.7226694584077205,,4.3055,,,4.0536,,,11.966,,,4.813
case_079,1,,5.153847,,5.1538,,,5.1533,,,85.739,,,93.618
case_080,1,,2.8863968699363713,,2.7235,,,2.0405,,,10.637,,,4.085
case_081,1,,4.905632937982743,,3.4202,,,3.3891,,,28.856,,,9.183
case_082,1,,2.038001910694803,,2.0278,,,2.0278,,,25.923,,,18.59
case_083,1,,4.503170968400981,,4.1184,,,4.1184,,,29.066,,,8.775
case_084,1,,4.98024120507198,,4.9802,,,4.9802,,,32.416,,,37.835
case_085,1,,2.16978,,2.1698,,,2.1698,,,73.503,,,235.706
case_086,1,,1.255306291215199,,1.228,,,1.1858,,,20.295,,,16.848
case_087,1,,4.634009571029446,,4.5482,,,4.5482,,,74.083,,,209.373
case_088,1,,1.3892814169788834,,1.3864,,,1.3,,,21.328,,,17.722
case_089,1,,4.701096098540344,,4.7011,,,4.7011,,,27.079,,,13.463
case_090,1,,3.2233404090028777,,3.0907,,,3.0907,,,18.551,,,8.582
case_091,1,,4.822742,,4.8227,,,4.8227,,,71.624,,,311.55
case_092,1,,4.123707261599643,,3.9645,,,3.9645,,,49.352,,,91.494
case_093,1,,4.674036281179139,,4.674,,,4.674,,,17.258,,,2.19
case_094,1,,4.222113,,4.2221,,,3.6685,,,6.715,,,2.067
case_095,1,,4.953886401870491,,4.9539,,,4.9539,,,27.09,,,11.89
case_096,1,,3.0942300624770307,,3.0864,,,3.0233,,,14.648,,,3.569
case_097,1,,5.478991,,5.479,,,5.479,,,32.061,,,26.275
case_098,1,,2.175267,,2.1753,,,2.0929,,,15.176,,,4.015
case_099,1,,4.846524,,4.8465,,,4.8465,,,33.901,,,24.515
case_100,1,,2.7296077688128375,,2.6657,,,2.6356,,,14.598,,,4.034
case_001,2,,4.9073723211654245,4.9074,,4.9074,,,,9.609,,3.719,,
case_002,2,,4.586755152427814,4.3431,,3.9821,,,,29.677,,7.253,,
case_003,2,,2.5580541844718754,2.5581,,2.5581,,,,303.475,,78.099,,
case_004,2,,4.441392,4.4414,,4.4414,,,,10.59,,4.13,,
case_005,2,,2.0514922010770453,1.4082,,1.3792,,,,57.881,,13.092,,
case_006,2,,4.65481006967858,3.7969,,3.3951,,,,10.462,,3.347,,
case_007,2,,4.967581463347626,4.9676,,4.9676,,,,52.323,,17.914,,
case_008,2,,6.63272801469088,4.8468,,4.8468,,,,12.401,,4.499,,
case_009,2,,1.8023284529899453,1.7857,,1.7857,,,,80.905,,22.717,,
case_010,2,,4.9279805077062555,3.719,,3.719,,,,8.222,,2.509,,
case_011,2,,4.613504,4.6135,,4.3924,,,,12.645,,3.421,,
case_012,2,,4.490310813891633,4.103,,3.7426,,,,13.537,,4.851,,
case_013,2,,4.922952103849597,4.8553,,4.8553,,,,29.401,,10.07,,
case_014,2,,4.793876038618347,4.7939,,4.7939,,,,364.677,,232.158,,
case_015,2,,4.614956286427977,4.0138,,3.8233,,,,12.863,,4.066,,
case_016,2,,3.4435428909606767,1.436,,1.436,,,,302.926,,81.994,,
case_017,2,,6.281977080680634,4.882,,4.882,,,,17.079,,6.737,,
case_018,2,,5.07163848997152,4.9764,,4.9764,,,,44.775,,12.13,,
case_019,2,,5.1399252549566095,4.4602,,4.4602,,,,7.83,,2.416,,
case_020,2,,4.949193166299713,4.9457,,4.9457,,,,73.997,,20.601,,
case_021,2,,5.283340345141863,5.2536,,5.2536,,,,78.379,,22.495,,
case_022,2,,4.872146902351124,4.7419,,4.428,,,,15.182,,4.555,,
case_023,2,,6.449295181990322,5.276,,5.2183,,,,11.729,,4.082,,
case_024,2,,3.437335890923961,1.4346,,1.4346,,,,67.181,,15.845,,
case_025,2,,4.98945888822769,4.9832,,4.9832,,,,386.177,,120.42,,
case_026,2,,3.580818654345943,2.8525,,2.8525,,,,8.352,,2.364,,
case_027,2,,5.128446,5.1284,,5.1284,,,,33.347,,7.417,,
case_028,2,,5.440847101239804,5.4408,,5.4408,,,,449.57,,129.108,,
case_029,2,,4.480434263898831,4.0235,,3.8966,,,,11.223,,3.001,,
case_030,2,,4.994351186855482,4.9944,,4.9944,,,,175.425,,55.452,,
case_031,2,,4.978910276267988,4.7848,,4.6254,,,,103.981,,33.925,,
case_032,2,,3.8953849045962965,3.418,,3.2047,,,,10.709,,3.112,,
case_033,2,,5.039957275883031,5.0108,,5.0038,,,,60.944,,17.166,,
case_034,2,,5.360796683031058,4.753,,4.753,,,,65.086,,18.166,,
case_035,2,,2.1049554358350506,1.8743,,1.7992,,,,51.543,,10.023,,
case_036,2,,4.976493466252097,4.9765,,4.9765,,,,34.953,,11.547,,
case_037,2,,4.882268151489085,4.8823,,4.8823,,,,12.064,,3.27,,
case_038,2,,4.974300181174609,4.9743,,4.9743,,,,108.441,,32.987,,
case_039,2,,4.385198,4.3852,,4.3852,,,,113.354,,35.609,,
case_040,2,,2.8219248240847956,2.4553,,2.3967,,,,40.085,,9.085,,
case_041,2,,4.922733,4.9227,,4.9227,,,,371.703,,110.954,,
case_042,2,,5.000874620874087,4.926,,4.926,,,,92.755,,24.054,,
case_043,2,,3.4936124142908698,3.2371,,2.982,,,,169.561,,37.74,,
case_044,2,,4.022167808486806,2.2108,,2.1632,,,,15.971,,5.538,,
case_045,2,,4.888845644897642,4.801,,4.801,,,,16.173,,5.448,,
case_046,2,,3.216650183256734,3.0035,,2.501,,,,11.65,,3.81,,
case_047,2,,1.5947056094165915,1.279,,1.1125,,,,221.592,,61.879,,
case_048,2,,1.5432909001257022,1.2433,,1.135,,,,20.227,,5.058,,
case_049,2,,2.4242379329084534,1.8389,,1.5857,,,,55.57,,12.18,,
case_050,2,,2.5237725923927705,2.0507,,1.8005,,,,59.276,,12.684,,
case_051,2,,3.41241351424207,1.4274,,1.4274,,,,12.965,,3.798,,
case_052,2,,5.486610674943704,4.8347,,4.8219,,,,13.666,,4.866,,
case_053,2,,3.6857601217336025,3.6853,,3.6853,,,,204.345,,56.493,,
case_054,2,,2.9038442354282457,2.9038,,2.9038,,,,295.554,,83.535,,
case_055,2,,5.640812645369535,4.3448,,4.3448,,,,14.179,,4.405,,
case_056,2,,2.1538371912381544,1.3868,,1.2414,,,,119.886,,24.992,,
case_057,2,,4.656998050682261,3.7953,,3.7953,,,,10.381,,3.324,,
case_058,2,,4.820419678731917,4.7881,,4.7881,,,,416.954,,114.816,,
case_059,2,,5.501141,5.5011,,5.5011,,,,44.469,,12.899,,
case_060,2,,5.320401309763967,4.919,,4.6386,,,,94.894,,22.752,,
case_061,2,,3.805699,3.8057,,3.8057,,,,15.462,,5.259,,
case_062,2,,4.858323179240723,4.4542,,4.2263,,,,665.586,,128.176,,
case_063,2,,4.600257003120138,4.6003,,3.9013,,,,180.576,,33.1,,
case_064,2,,1.281577,1.2816,,1.2816,,,,10.035,,2.348,,
case_065,2,,4.617821092934215,4.5214,,4.5214,,,,8.169,,2.413,,
case_066,2,,2.867558977143861,2.7146,,2.6478,,,,98.922,,20.986,,
case_067,2,,5.07069,5.0707,,5.0707,,,,153.589,,42.843,,
case_068,2,,2.157138,2.1571,,2.1571,,,,82.608,,21.839,,
case_069,2,,2.6601777401608127,2.5501,,2.5501,,,,12.484,,2.95,,
case_070,2,,4.757462686567164,4.1565,,4.1565,,,,14.092,,5.263,,
case_071,2,,2.3672422422422423,2.308,,2.308,,,,8.585,,1.96,,
case_072,2,,4.771552255142713,4.7316,,4.7316,,,,285.521,,177.603,,
case_073,2,,5.436512,5.4365,,5.4365,,,,69.204,,20.46,,
case_074,2,,5.006902114386399,5.0069,,4.8373,,,,68.075,,17.456,,
case_075,2,,3.371935,3.3719,,3.3719,,,,112.483,,32.341,,
case_076,2,,4.775975698179294,4.7708,,4.7708,,,,336.811,,202.038,,
case_077,2,,4.5226855614094355,4.4746,,4.3815,,,,59.691,,16.079,,
case_078,2,,4.619644,4.6196,,4.5358,,,,13.75,,4.608,,
case_079,2,,5.11172482114787,5.1107,,5.1107,,,,492.219,,148.765,,
case_080,2,,3.131201834960718,3.0346,,2.823,,,,17.691,,5.137,,
case_081,2,,4.905632937982743,4.8384,,4.8384,,,,45.505,,9.634,,
case_082,2,,3.445885,3.4459,,3.4459,,,,65.596,,14.656,,
case_083,2,,5.269939,5.2699,,5.2699,,,,50.718,,12.273,,
case_084,2,,6.623727380795139,4.989,,4.989,,,,187.912,,57.567,,
case_085,2,,3.756489,3.7565,,3.7565,,,,427.092,,133.038,,
case_086,2,,1.9628819150876147,1.3991,,1.3366,,,,76.884,,16.223,,
case_087,2,,4.654226,4.6542,,4.6542,,,,226.713,,157.276,,
case_088,2,,2.3420559310139297,1.9629,,1.9629,,,,42.53,,12.358,,
case_089,2,,5.632055,5.6321,,5.6321,,,,54.278,,16.421,,
case_090,2,,4.045604,4.0456,,4.0456,,,,21.214,,6.75,,
case_091,2,,4.9363152572354005,4.6133,,4.6133,,,,405.927,,225.774,,
case_092,2,,5.968871,5.9689,,5.9689,,,,354.938,,94.725,,
case_093,2,,4.674036281179139,4.674,,4.674,,,,8.062,,2.639,,
case_094,2,,4.769641,4.7696,,4.7696,,,,7.65,,2.559,,
case_095,2,,4.955099120853525,4.9539,,4.9539,,,,59.774,,15.896,,
case_096,2,,3.2023886501084022,3.1122,,3.1122,,,,13.228,,4.311,,
case_097,2,,5.466036,5.466,,5.466,,,,152.53,,39.673,,
case_098,2,,3.3688387635756056,2.8323,,2.6761,,,,17.603,,4.763,,
case_099,2,,4.946976185613831,4.898,,4.898,,,,103.158,,32.837,,
case_100,2,,3.1076837713980394,2.8491,,2.8491,,,,17.364,,5.202,,
case_001,3,4.9074,4.9073723211654245,4.9074,,,4.9074,,10.26,10.644,,,5.209,
case_002,3,4.3431,4.868956672057101,4.3431,,,3.9821,,35.947,37.535,,,13.937,
case_003,3,2.7148,2.7147944785552642,2.7148,,,2.7148,,338.734,307.66,,,131.833,
case_004,3,4.4414,4.441392,4.4414,,,4.4414,,10.932,11.264,,,8.874,
case_005,3,1.4214,2.2643806095626022,1.4214,,,1.3973,,68.662,66.935,,,25.045,
case_006,3,3.9881,4.684026010743568,3.9881,,,3.6162,,11.199,11.828,,,4.572,
case_007,3,4.9676,4.967581463347626,4.9676,,,4.9676,,58.653,62.3,,,26.924,
case_008,3,5.1137,5.113683,5.1137,,,5.1137,,14.829,14.769,,,6.887,
case_009,3,1.7852,2.20789454728805,1.7852,,,1.7852,,95.28,104.888,,,42.841,
case_010,3,3.889,4.869212250153967,3.889,,,3.889,,9.722,9.761,,,4.206,
case_011,3,4.6135,4.631667377184844,4.6135,,,4.4318,,14.643,14.395,,,6.115,
case_012,3,4.3272,4.978766430738119,4.3272,,,3.9149,,16.479,16.149,,,7.128,
case_013,3,4.8774,4.877377,4.8774,,,4.8774,,33.704,37.52,,,16.077,
case_014,3,4.8034,4.810819802871548,4.8046,,,4.8046,,459.847,503.295,,,375.378,
case_015,3,4.0141,4.651996013219326,4.0141,,,3.8554,,15.282,15.66,,,6.817,
case_016,3,1.0,3.4435428909606767,1.436,,,1.436,,365.908,404.628,,,193.879,
case_017,3,4.8826,4.882591,4.8826,,,4.8826,,20.342,21.605,,,9.356,
case_018,3,4.9834,5.0351277372262775,4.9834,,,4.9834,,47.006,47.964,,,20.543,
case_019,3,4.4602,4.975107296137339,4.4602,,,4.4602,,9.383,9.159,,,4.121,
case_020,3,4.9489,4.948871342313051,4.9489,,,4.9489,,93.686,90.495,,,35.319,
case_021,3,5.257,5.256957050697146,5.257,,,5.257,,84.875,87.838,,,38.31,
case_022,3,4.7439,4.855481443475287,4.7439,,,4.428,,18.685,18.435,,,20.103,
case_023,3,5.276,5.27599,5.276,,,5.2426,,13.909,14.197,,,6.288,
case_024,3,1.0,3.437335890923961,1.4346,,,1.4346,,87.098,85.487,,,33.876,
case_025,3,4.9832,4.986276789687495,4.9832,,,4.9832,,400.962,455.025,,,233.494,
case_026,3,2.9064,3.6931983172629463,2.9064,,,2.9064,,9.804,9.98,,,4.116,
case_027,3,4.8691,5.128446,5.1284,,,5.1284,,38.488,37.198,,,13.749,
case_028,3,5.4457,5.445693,5.4457,,,5.4457,,408.486,436.949,,,196.199,
case_029,3,4.1793,4.558752124302015,4.1793,,,3.9002,,13.399,13.153,,,5.414,
case_030,3,4.9949,4.994902,4.9949,,,4.9949,,224.302,212.312,,,92.45,
case_031,3,4.7922,4.826522568514304,4.7922,,,4.7922,,119.723,130.003,,,51.664,
case_032,3,3.5788,3.9964320154291224,3.5788,,,3.3189,,12.829,13.027,,,5.288,
case_033,3,5.0108,5.0107914989762055,5.0108,,,5.0038,,72.449,74.385,,,32.677,
case_034,3,4.9105,4.910475147518829,4.9105,,,4.9105,,70.217,72.435,,,30.571,
case_035,3,1.8754,2.2083582944807647,1.8754,,,1.8088,,58.517,54.967,,,19.927,
case_036,3,4.9765,4.976493466252097,4.9765,,,4.9765,,44.064,42.963,,,18.285,
case_037,3,4.8823,4.882268151489085,4.8823,,,4.8823,,14.774,14.477,,,5.973,
case_038,3,5.007,5.007045,5.007,,,5.007,,137.737,130.474,,,54.55,
case_039,3,4.6586,4.889744,4.6586,,,4.8897,,132.074,145.235,,,57.871,
case_040,3,2.4635,2.583813320012641,2.4635,,,2.3973,,46.02,47.876,,,16.785,
case_041,3,4.9576,4.957568,4.9576,,,4.9576,,398.716,435.661,,,202.644,
case_042,3,4.9363,4.936347,4.9363,,,4.9363,,97.347,102.976,,,44.394,
case_043,3,3.2453,3.245277,3.2453,,,2.982,,207.287,187.774,,,67.973,
case_044,3,2.6386,4.389929775680209,2.6386,,,2.7015,,19.211,19.753,,,9.029,
case_045,3,4.801,4.8561487609695755,4.801,,,4.801,,19.171,19.696,,,8.532,
case_046,3,4.0693,4.358838925327952,4.0693,,,4.0846,,13.857,14.259,,,6.048,
case_047,3,1.2793,1.6902887139107612,1.2793,,,1.1525,,274.175,297.098,,,124.454,
case_048,3,1.2442,1.588227306188669,1.2442,,,1.135,,22.573,23.401,,,8.889,
case_049,3,1.8389,2.4606782423368645,1.8389,,,1.5857,,65.402,73.321,,,25.017,
case_050,3,2.0545,2.5393136439973536,2.0545,,,1.8005,,69.09,74.015,,,25.254,
case_051,3,1.0143,3.412471007126771,1.4274,,,1.4274,,16.412,15.935,,,7.204,
case_052,3,4.8688,5.206647607496607,4.8688,,,4.8688,,16.181,17.356,,,7.627,
case_053,3,3.9332,3.933194,3.9332,,,3.9332,,255.245,275.198,,,104.776,
case_054,3,2.9825,2.9824540218528846,2.9825,,,2.9825,,367.81,373.957,,,167.619,
case_055,3,4.6881,5.026436003722189,4.6881,,,4.3448,,16.88,17.108,,,7.223,
case_056,3,1.3878,2.1817659648128913,1.3878,,,1.2697,,151.079,141.519,,,49.316,
case_057,3,3.7953,4.638192125495069,3.7953,,,3.7953,,12.41,12.969,,,5.6,
case_058,3,4.7885,4.843119035071061,4.7885,,,4.7885,,397.04,428.892,,,196.42,
case_059,3,5.5028,5.502819498991615,5.5028,,,5.5028,,55.594,52.732,,,23.403,
case_060,3,4.919,4.985606183843698,4.919,,,4.7434,,114.549,115.783,,,40.65,
case_061,3,3.8063,4.742627181125584,3.8063,,,3.8063,,17.931,18.547,,,8.31,
case_062,3,4.3932,4.858323179240723,4.3932,,,4.2281,,445.317,579.674,,,322.411,
case_063,3,4.6003,4.619813808551686,4.6003,,,3.9013,,220.683,246.018,,,81.052,
case_064,3,1.2818,1.2879665813232717,1.2818,,,1.2818,,11.795,12.602,,,4.15,
case_065,3,4.5214,4.6497853325155525,4.5214,,,4.5214,,9.586,10.082,,,4.149,
case_066,3,2.7232,2.834845219203714,2.7232,,,2.7043,,104.697,108.659,,,42.935,
case_067,3,5.0847,5.084652,5.0847,,,5.0847,,197.918,177.426,,,74.187,
case_068,3,2.2753,2.300724983003247,2.2753,,,2.2753,,100.259,96.776,,,40.598,
case_069,3,2.5501,2.8680278316413825,2.5501,,,2.5501,,14.674,14.723,,,5.413,
case_070,3,4.2318,5.197624955689472,4.2318,,,4.2318,,16.511,16.709,,,7.853,
case_071,3,2.3371,2.3935981781376516,2.3371,,,2.3371,,10.337,10.315,,,3.759,
case_072,3,4.9511,4.951081,4.9511,,,,,382.582,409.337,,,,
case_073,3,5.7016,5.7016,5.7016,,,5.7016,,80.625,88.205,,,35.585,
case_074,3,5.0237,5.023663408617852,5.0237,,,4.9373,,72.909,75.233,,,32.364,
case_075,3,3.4158,3.4166332936016133,3.4158,,,3.4158,,152.579,138.841,,,65.907,
case_076,3,4.8269,4.974,4.9739,,,4.9739,,402.078,459.286,,,325.231,
case_077,3,4.555,4.55496,4.555,,,4.555,,72.036,70.582,,,26.527,
case_078,3,4.9828,4.982776,4.9828,,,5.0569,,16.825,16.634,,,7.228,
case_079,3,5.1111,5.112042077370128,5.1111,,,5.1111,,411.791,476.643,,,259.933,
case_080,3,4.0549,4.055,4.0549,,,4.0549,,22.153,22.095,,,8.806,
case_081,3,4.8384,4.905632937982743,4.8384,,,4.8384,,55.472,60.13,,,22.08,
case_082,3,3.4986,3.5016438821843963,3.4986,,,3.4986,,71.28,73.59,,,29.77,
case_083,3,5.3378,5.337845,5.3378,,,5.3378,,56.763,53.067,,,22.476,
case_084,3,4.989,6.623727380795139,4.989,,,4.989,,249.353,248.275,,,98.224,
case_085,3,3.8217,3.8216831043407686,3.8217,,,3.8217,,425.453,492.066,,,273.266,
case_086,3,1.4417,2.227336857352471,1.4417,,,1.3485,,97.251,100.644,,,31.353,
case_087,3,4.7286,4.728628,4.7286,,,4.7286,,309.3,341.464,,,231.692,
case_088,3,2.1326,2.392800667878014,2.1326,,,2.1326,,56.306,54.159,,,22.528,
case_089,3,5.6321,5.632055,5.6321,,,5.6321,,63.764,69.666,,,28.339,
case_090,3,4.7594,4.759428075206495,4.7594,,,4.7594,,25.231,25.39,,,11.318,
case_091,3,4.9444,4.944384,4.9444,,,4.9444,,438.66,477.291,,,400.557,
case_092,3,5.9824,5.982411,5.9824,,,5.9824,,385.091,414.47,,,146.593,
case_093,3,4.674,4.674036281179139,4.674,,,4.674,,9.187,9.283,,,4.325,
case_094,3,4.7696,4.769641,4.7696,,,4.7696,,9.037,9.219,,,4.005,
case_095,3,4.9539,4.955099120853525,4.9539,,,4.9539,,71.059,76.028,,,29.983,
case_096,3,3.1122,3.3464764100321953,3.1122,,,3.1122,,16.106,16.305,,,6.848,
case_097,3,5.4663,5.46629,5.4663,,,5.4663,,190.438,205.378,,,87.738,
case_098,3,2.9216,4.005463123913583,2.9216,,,2.7574,,19.859,20.222,,,8.16,
case_099,3,4.911,4.970108895367353,4.911,,,4.9316,,133.381,121.772,,,57.488,
case_100,3,3.0018,3.3154940694130803,3.0018,,,2.8498,,20.641,21.71,,,8.221,
