stage,exp,baseline_mean,candidate_mean,delta,wins,losses
v3前缀→v3波前(场景A修复),A-P1-WAVEFRONT-002,2.9688,3.0433,0.0421,30,6
wave→STRAND,A-P1-STRAND-002,3.04,3.0664,0.0113,5,1
STRAND→MERGE全评估,A-P1-MERGE-002,3.0664,3.1148,0.0173,55,0
wave→P2股流,A-P2-STRAND-002,3.3841,3.4504,0.0657,4,0
P2股流→K5均衡,A-P2-BAL5-001,,,,,
wave→P3股流,A-P3-STRAND-002,3.4511,3.5065,0.0616,4,7
wave→P3精修基线,A-P3-L1SPREAD-003,3.436,3.4511,0.0044,24,0
P1: MERGE→+LNS精修,P1-LNS(N5),3.587,3.7048,0.1178,84,0
P2: G5TF→+LNS精修,P2-LNS(N5),4.156,4.2697,0.1137,74,0
P3: 池→+LNS精修,P3-LNS(N5),4.2441,4.3091,0.065,67,0
