case,q,N,mk,sp,source
case_001,1,2,116868,1.994644,rerun:A-P1-STRAND-N2R
case_002,1,2,140400,1.8657051282051282,climb:LNS-N2
case_003,1,2,501960,1.1997210933142084,climb:LNS-N2
case_004,1,2,199074,1.9709103147573264,archive:v2_cpc
case_005,1,2,85209,1.1221584574399417,climb:LNS-N2
case_006,1,2,40609,2.039868009554532,archive:v2_cpc
case_007,1,2,507494,1.9952196479170197,archive:v2_cpc
case_008,1,2,244266,1.996205,rerun:A-P1-STRAND-N2R
case_009,1,2,94407,1.623407162604468,archive:v2_cpc
case_010,1,2,45749,1.9010033006185927,archive:v3_main
case_011,1,2,92646,1.993578,rerun:A-P1-STRAND-N2R
case_012,1,2,29410,2.0091125467528053,climb:LNS-N2
case_013,1,2,132198,1.996619,rerun:A-P1-STRAND-N2R
case_014,1,2,16538045,1.0701764325831742,climb:LNS-N2
case_015,1,2,90060,1.9693759715745058,climb:LNS-N2
case_016,1,2,7715523,1.0,archive:v3_main
case_017,1,2,76239,2.1355211899421556,archive:v2_cpc
case_018,1,2,504530,1.9906982736408143,archive:v3_main
case_019,1,2,40804,1.9886285658268796,archive:v2_cpc
case_020,1,2,266580,1.998447,rerun:A-P1-STRAND-N2R
case_021,1,2,3208870,2.046807,rerun:A-P1-STRAND-N2R
case_022,1,2,29158,1.9473214898141162,climb:LNS-N2
case_023,1,2,61691,1.987551,rerun:A-P1-STRAND-N2R
case_024,1,2,2555343,1.0,rerun:A-P1-STRAND-N2R
case_025,1,2,2431840,1.9997310678334101,archive:v2_cpc
case_026,1,2,51350,1.9318987341772151,climb:LNS-N2
case_027,1,2,1116984,2.116371,rerun:A-P1-STRAND-N2R
case_028,1,2,22359624,1.9604998724486602,archive:v3_main
case_029,1,2,19740,1.9024822695035462,archive:v2_cpc
case_030,1,2,1411273,1.9897170852131374,archive:v2_cpc
case_031,1,2,715746,1.9760767087765772,archive:v2_cpc
case_032,1,2,20644,2.00750823483821,climb:LNS-N2
case_033,1,2,888988,1.9957479741008877,archive:v2_cpc
case_034,1,2,420015,2.007062,rerun:A-P1-STRAND-N2R
case_035,1,2,94892,1.786989419550647,climb:LNS-N2
case_036,1,2,466068,1.998657,rerun:A-P1-STRAND-N2R
case_037,1,2,105374,1.992911,rerun:A-P1-STRAND-N2R
case_038,1,2,676424,2.017307,rerun:A-P1-STRAND-N2R
case_039,1,2,721254,1.989954,rerun:A-P1-STRAND-N2R
case_040,1,2,128377,1.974294,rerun:A-P1-STRAND-N2R
case_041,1,2,2984490,2.01172,rerun:A-P1-STRAND-N2R
case_042,1,2,849019,1.986693,rerun:A-P1-STRAND-N2R
case_043,1,2,380375,1.7815471574104502,climb:LNS-N2
case_044,1,2,99381,1.5536873245388958,climb:LNS-N2
case_045,1,2,63059,1.992007,rerun:A-P1-STRAND-N2R
case_046,1,2,160984,1.7172824628534513,archive:v2_cpc
case_047,1,2,318698,1.0245059586191316,climb:LNS-N2
case_048,1,2,215323,1.032031,rerun:A-P1-STRAND-N2R
case_049,1,2,144934,1.354244000717568,climb:LNS-N2
case_050,1,2,95296,1.5707899597044996,climb:LNS-N2
case_051,1,2,607628,1.0,archive:v3_main
case_052,1,2,93421,1.9299836225259845,climb:LNS-N2
case_053,1,2,739019,1.9927579669805513,climb:LNS-N2
case_054,1,2,512698,1.5897292363145556,climb:LNS-N2
case_055,1,2,59578,1.994612105139481,archive:v2_cpc
case_056,1,2,246556,1.1246329434286735,climb:LNS-N2
case_057,1,2,31423,1.9007096712599052,climb:LNS-N2
case_058,1,2,2210870,2.0533622510595375,archive:v3_main
case_059,1,2,370362,2.239628,rerun:A-P1-STRAND-N2R
case_060,1,2,433063,2.052332,rerun:A-P1-STRAND-N2R
case_061,1,2,43745,1.7645673791290433,climb:LNS-N2
case_062,1,2,1577193,1.810056854170669,climb:LNS-N2
case_063,1,2,612555,1.7474300266914808,climb:LNS-N2
case_064,1,2,17752,1.076836412798558,climb:LNS-N2
case_065,1,2,27114,1.9572176735265914,climb:LNS-N2
case_066,1,2,208028,1.726065721922049,climb:LNS-N2
case_067,1,2,31178978,2.047368,rerun:A-P1-STRAND-N2R
case_068,1,2,303344,1.1936778047365368,climb:LNS-N2
case_069,1,2,17583,1.4300176306659842,climb:LNS-N2
case_070,1,2,58827,1.9939823550410525,archive:v3_main
case_071,1,2,13023,1.4527374644859095,archive:v3_main
case_072,1,2,12002626,1.9910499585674002,archive:v2_cpc
case_073,1,2,4494830,2.242938,rerun:A-P1-STRAND-N2R
case_074,1,2,826008,2.036589,rerun:A-P1-STRAND-N2R
case_075,1,2,1078232,1.3371973749619748,climb:LNS-N2
case_076,1,2,3072414,2.013111839745555,archive:v3_main
case_077,1,2,257472,1.92378200347999,archive:v2_cpc
case_078,1,2,1177840,1.9494523874210419,archive:v2_cpc
case_079,1,2,15300680,2.029468690280432,archive:v2_cpc
case_080,1,2,146133,1.9991240855932608,archive:v2_cpc
case_081,1,2,76860,1.9749544626593807,archive:v2_cpc
case_082,1,2,537830,1.340649,rerun:A-P1-STRAND-N2R
case_083,1,2,484071,2.185615,rerun:A-P1-STRAND-N2R
case_084,1,2,1255052,1.997855,rerun:A-P1-STRAND-N2R
case_085,1,2,2401681,1.327362,rerun:A-P1-STRAND-N2R
case_086,1,2,104060,1.1378339419565635,climb:LNS-N2
case_087,1,2,2016614,1.9706651843139045,climb:LNS-N2
case_088,1,2,192586,1.265008879150094,climb:LNS-N2
case_089,1,2,346832,1.998351,rerun:A-P1-STRAND-N2R
case_090,1,2,548389,2.148772,rerun:A-P1-STRAND-N2R
case_091,1,2,7622228,1.2052603254586454,climb:LNS-N2
case_092,1,2,2426700,1.984404,rerun:A-P1-STRAND-N2R
case_093,1,2,37827,1.9616940280751844,archive:v2_cpc
case_094,1,2,49630,1.9119887165021157,archive:v2_cpc
case_095,1,2,1042860,1.999169,rerun:A-P1-STRAND-N2R
case_096,1,2,43411,1.939462348252747,climb:LNS-N2
case_097,1,2,5156692,2.2284652641654765,archive:v2_cpc
case_098,1,2,89926,1.973067,rerun:A-P1-STRAND-N2R
case_099,1,2,808940,2.006328034217618,archive:v3_main
case_100,1,2,75471,2.003723,rerun:A-P1-STRAND-N2R
case_001,1,3,78545,2.967853,rerun:A-P1-STRAND-N3R
case_002,1,3,107983,2.425798505320282,climb:LNS-N3
case_003,1,3,492206,1.2234958533622102,climb:LNS-N3
case_004,1,3,134043,2.927098020784375,archive:v2_cpc
case_005,1,3,80729,1.184431864633527,climb:LNS-N3
case_006,1,3,31151,2.6592083721228854,climb:LNS-N3
case_007,1,3,338094,2.994913,rerun:A-P1-STRAND-N3R
case_008,1,3,163359,2.984868,rerun:A-P1-STRAND-N3R
case_009,1,3,88552,1.7307457764929082,climb:LNS-N3
case_010,1,3,31848,2.7307523235368,climb:LNS-N3
case_011,1,3,69625,2.6527396768402154,archive:v2_cpc
case_012,1,3,21215,2.785199151543719,climb:LNS-N3
case_013,1,3,88351,2.98750438591527,archive:v2_cpc
case_014,1,3,11711104,1.5112687924212782,climb:LNS-N3
case_015,1,3,61970,2.8620622882039695,climb:LNS-N3
case_016,1,3,7715523,1.0,archive:v3_main
case_017,1,3,56448,2.884247448979592,climb:LNS-N3
case_018,1,3,345861,2.903961418026317,archive:v2_cpc
case_019,1,3,27872,2.911309,rerun:A-P1-STRAND-N3R
case_020,1,3,177950,2.993796010115201,archive:v2_cpc
case_021,1,3,2095636,3.1341020100819037,archive:v2_cpc
case_022,1,3,19993,2.839994,rerun:A-P1-STRAND-N3R
case_023,1,3,44496,2.75561848256023,climb:LNS-N3
case_024,1,3,2555343,1.0,rerun:A-P1-STRAND-N3R
case_025,1,3,1623524,2.9953520859562284,archive:v2_cpc
case_026,1,3,41563,2.386810384235979,climb:LNS-N3
case_027,1,3,804195,2.939526,rerun:A-P1-STRAND-N3R
case_028,1,3,15917283,2.753990112508523,archive:v2_cpc
case_029,1,3,12743,2.9471082162756024,archive:v2_cpc
case_030,1,3,946788,2.965853,rerun:A-P1-STRAND-N3R
case_031,1,3,483630,2.924486,rerun:A-P1-STRAND-N3R
case_032,1,3,14725,2.81446519524618,climb:LNS-N3
case_033,1,3,605688,2.929224,rerun:A-P1-STRAND-N3R
case_034,1,3,294524,2.862232,rerun:A-P1-STRAND-N3R
case_035,1,3,96142,1.7637556947015873,climb:LNS-N3
case_036,1,3,311345,2.991890025534375,archive:v2_cpc
case_037,1,3,73969,2.83904067920345,archive:v2_cpc
case_038,1,3,461122,2.9592060235686,archive:v2_cpc
case_039,1,3,485715,2.954947,rerun:A-P1-STRAND-N3R
case_040,1,3,105398,2.4047325376193096,climb:LNS-N3
case_041,1,3,2105279,2.8518581147676865,archive:v2_cpc
case_042,1,3,563415,2.9937790083686093,archive:v2_cpc
case_043,1,3,292418,2.3174223201034136,climb:LNS-N3
case_044,1,3,101639,1.5191707907397751,climb:LNS-N3
case_045,1,3,44888,2.7983870967741935,archive:v2_cpc
case_046,1,3,112092,2.4663223066766586,climb:LNS-N3
case_047,1,3,310790,1.0505743428038226,climb:LNS-N3
case_048,1,3,212734,1.044591,rerun:A-P1-STRAND-N3R
case_049,1,3,139954,1.4024322277319692,climb:LNS-N3
case_050,1,3,90845,1.6477516649237713,climb:LNS-N3
case_051,1,3,607628,1.0,archive:v3_main
case_052,1,3,64791,2.7828093408035066,archive:v2_cpc
case_053,1,3,491765,2.994695,rerun:A-P1-STRAND-N3R
case_054,1,3,475274,1.7149076111884933,climb:LNS-N3
case_055,1,3,43225,2.7492192018507806,climb:LNS-N3
case_056,1,3,242354,1.1441321372867788,climb:LNS-N3
case_057,1,3,21283,2.8062773105295307,climb:LNS-N3
case_058,1,3,1502805,3.020829,rerun:A-P1-STRAND-N3R
case_059,1,3,251009,3.3045548167595586,archive:v2_cpc
case_060,1,3,300109,2.961554,rerun:A-P1-STRAND-N3R
case_061,1,3,31774,2.429376219550576,climb:LNS-N3
case_062,1,3,1146806,2.4893565258640082,climb:LNS-N3
case_063,1,3,420457,2.545794219147261,climb:LNS-N3
case_064,1,3,17462,1.09472,rerun:A-P1-STRAND-N3R
case_065,1,3,18960,2.798945147679325,archive:v2_cpc
case_066,1,3,195331,1.8382642796074355,climb:LNS-N3
case_067,1,3,21073561,3.029143,rerun:A-P1-STRAND-N3R
case_068,1,3,292049,1.2398433139644374,climb:LNS-N3
case_069,1,3,14647,1.7166655287772241,climb:LNS-N3
case_070,1,3,42714,2.7461722151987638,archive:v3_main
case_071,1,3,10325,1.8323486682808716,climb:LNS-N3
case_072,1,3,8072594,2.96036540423066,archive:v3_main
case_073,1,3,3126575,3.224495,rerun:A-P1-STRAND-N3R
case_074,1,3,569121,2.955855,rerun:A-P1-STRAND-N3R
case_075,1,3,930849,1.548918245601596,climb:LNS-N3
case_076,1,3,2044648,3.0250258235158327,archive:v3_main
case_077,1,3,180421,2.745357,rerun:A-P1-STRAND-N3R
case_078,1,3,782897,2.93288,rerun:A-P1-STRAND-N3R
case_079,1,3,10110455,3.0713010443150184,archive:v2_cpc
case_080,1,3,101509,2.877952,rerun:A-P1-STRAND-N3R
case_081,1,3,52790,2.87545,rerun:A-P1-STRAND-N3R
case_082,1,3,413643,1.743148076964919,climb:LNS-N3
case_083,1,3,331942,3.187283,rerun:A-P1-STRAND-N3R
case_084,1,3,836220,2.998508,rerun:A-P1-STRAND-N3R
case_085,1,3,1825946,1.745889,rerun:A-P1-STRAND-N3R
case_086,1,3,101557,1.1658772905855825,climb:LNS-N3
case_087,1,3,1428996,2.781023,rerun:A-P1-STRAND-N3R
case_088,1,3,182031,1.338359949678901,climb:LNS-N3
case_089,1,3,243614,2.845042,rerun:A-P1-STRAND-N3R
case_090,1,3,433196,2.720161312662167,climb:LNS-N3
case_091,1,3,5547740,1.6559480076571722,climb:LNS-N3
case_092,1,3,1731463,2.7812052582122746,climb:LNS-N3
case_093,1,3,25103,2.956021192686133,archive:v2_cpc
case_094,1,3,33463,2.8357290141350147,archive:v2_cpc
case_095,1,3,695775,2.9964471273040854,archive:v2_cpc
case_096,1,3,29550,2.8492047377326566,climb:LNS-N3
case_097,1,3,3492575,3.2902683550102716,archive:v2_cpc
case_098,1,3,78629,2.256546566788335,climb:LNS-N3
case_099,1,3,542966,2.989136,rerun:A-P1-STRAND-N3R
case_100,1,3,54924,2.753314,rerun:A-P1-STRAND-N3R
case_001,1,4,58984,3.952089,rerun:A-P1-MERGE-N4R
case_002,1,4,77248,3.390961578293289,climb:LNS-N4
case_003,1,4,487287,1.2358466365817269,climb:LNS-N4
case_004,1,4,104188,3.765856,rerun:A-P1-MERGE-N4R
case_005,1,4,78853,1.2126108074518407,climb:LNS-N4
case_006,1,4,27431,3.0198315774124165,climb:LNS-N4
case_007,1,4,258336,3.919554,rerun:A-P1-MERGE-N4R
case_008,1,4,123060,3.962335446123842,archive:v2_cpc
case_009,1,4,91222,1.6800881366337068,climb:LNS-N4
case_010,1,4,24832,3.502295425257732,climb:LNS-N4
case_011,1,4,46880,3.9397824232081913,archive:v2_cpc
case_012,1,4,16660,3.5466986794717887,climb:LNS-N4
case_013,1,4,67740,3.896501328609389,archive:v2_cpc
case_014,1,4,4550479,3.889398,rerun:A-P1-MERGE-N4R
case_015,1,4,48941,3.623996,rerun:A-P1-MERGE-N4R
case_016,1,4,5285195,1.459837,rerun:A-P1-MERGE-N4R
case_017,1,4,44166,3.68632,rerun:A-P1-MERGE-N4R
case_018,1,4,257782,3.8961874762396134,archive:v2_cpc
case_019,1,4,23934,3.3903233893206317,climb:LNS-N4
case_020,1,4,133704,3.984518039849219,archive:v2_cpc
case_021,1,4,1552748,4.22988,rerun:A-P1-MERGE-N4R
case_022,1,4,15354,3.698059,rerun:A-P1-MERGE-N4R
case_023,1,4,34069,3.59899,rerun:A-P1-MERGE-N4R
case_024,1,4,1748975,1.4610517588873484,climb:LNS-N4
case_025,1,4,1219584,3.987447,rerun:A-P1-MERGE-N4R
case_026,1,4,41529,2.388764477834766,climb:LNS-N4
case_027,1,4,559196,4.227412213249022,archive:v2_cpc
case_028,1,4,11006263,3.982827,rerun:A-P1-MERGE-N4R
case_029,1,4,12287,3.056482461137788,climb:LNS-N4
case_030,1,4,711344,3.94750500461099,archive:v3_main
case_031,1,4,365002,3.874962,rerun:A-P1-MERGE-N4R
case_032,1,4,11906,3.48085,rerun:A-P1-MERGE-N4R
case_033,1,4,459925,3.857577,rerun:A-P1-MERGE-N4R
case_034,1,4,217642,3.873315,rerun:A-P1-MERGE-N4R
case_035,1,4,90615,1.8713347679743972,climb:LNS-N4
case_036,1,4,233584,3.987902,rerun:A-P1-MERGE-N4R
case_037,1,4,53320,3.938503375843961,archive:v2_cpc
case_038,1,4,352248,3.873847,rerun:A-P1-MERGE-N4R
case_039,1,4,407454,3.522512970789341,climb:LNS-N4
case_040,1,4,109908,2.3060559740874185,climb:LNS-N4
case_041,1,4,1499728,4.003364,rerun:A-P1-MERGE-N4R
case_042,1,4,429674,3.925627,rerun:A-P1-MERGE-N4R
case_043,1,4,237963,2.847736833037069,climb:LNS-N4
case_044,1,4,110736,1.3943703944516688,climb:LNS-N4
case_045,1,4,32037,3.920904,rerun:A-P1-MERGE-N4R
case_046,1,4,123678,2.2352803247141773,climb:LNS-N4
case_047,1,4,307929,1.0603353370419804,climb:LNS-N4
case_048,1,4,212942,1.043571,rerun:A-P1-MERGE-N4R
case_049,1,4,131875,1.4883488151658768,climb:LNS-N4
case_050,1,4,91286,1.6397914247529741,climb:LNS-N4
case_051,1,4,414465,1.4660538284294211,climb:LNS-N4
case_052,1,4,48846,3.691213,rerun:A-P1-MERGE-N4R
case_053,1,4,472938,3.113909222773387,climb:LNS-N4
case_054,1,4,464016,1.756514861556498,climb:LNS-N4
case_055,1,4,34300,3.464577,rerun:A-P1-MERGE-N4R
case_056,1,4,236209,1.1738968455901342,climb:LNS-N4
case_057,1,4,16971,3.519298,rerun:A-P1-MERGE-N4R
case_058,1,4,1141180,3.978090222401374,archive:v3_main
case_059,1,4,186084,4.457519184884246,archive:v2_cpc
case_060,1,4,224924,3.951508,rerun:A-P1-MERGE-N4R
case_061,1,4,24321,3.1738415361210475,climb:LNS-N4
case_062,1,4,888889,3.2116597235425344,climb:LNS-N4
case_063,1,4,308014,3.4751569733843266,climb:LNS-N4
case_064,1,4,16589,1.15233,rerun:A-P1-MERGE-N4R
case_065,1,4,14830,3.578422117329737,climb:LNS-N4
case_066,1,4,142823,2.5140908677173845,climb:LNS-N4
case_067,1,4,16234471,3.932055,rerun:A-P1-MERGE-N4R
case_068,1,4,288055,1.2570342469320095,climb:LNS-N4
case_069,1,4,11496,2.187196,rerun:A-P1-MERGE-N4R
case_070,1,4,33390,3.513028,rerun:A-P1-MERGE-N4R
case_071,1,4,10758,1.758598252463283,climb:LNS-N4
case_072,1,4,5992722,3.987809,rerun:A-P1-MERGE-N4R
case_073,1,4,2468784,4.08364,rerun:A-P1-MERGE-N4R
case_074,1,4,432408,3.890397,rerun:A-P1-MERGE-N4R
case_075,1,4,751436,1.9187382558195243,climb:LNS-N4
case_076,1,4,1560099,3.964564,rerun:A-P1-MERGE-N4R
case_077,1,4,130864,3.784998,rerun:A-P1-MERGE-N4R
case_078,1,4,619305,3.707613,rerun:A-P1-MERGE-N4R
case_079,1,4,7368092,4.214422,rerun:A-P1-MERGE-N4R
case_080,1,4,100060,2.91962822306616,climb:LNS-N4
case_081,1,4,39588,3.834369000707285,archive:v2_cpc
case_082,1,4,364876,1.9761261360023679,climb:LNS-N4
case_083,1,4,289800,3.650769,rerun:A-P1-MERGE-N4R
case_084,1,4,628525,3.989359214032855,archive:v2_cpc
case_085,1,4,1555322,2.049671386375297,climb:LNS-N4
case_086,1,4,96808,1.2230704074043468,climb:LNS-N4
case_087,1,4,1030510,3.856411873732424,climb:LNS-N4
case_088,1,4,184043,1.3237286938378532,climb:LNS-N4
case_089,1,4,178160,3.8902784014369107,archive:v2_cpc
case_090,1,4,372514,3.163271715962353,climb:LNS-N4
case_091,1,4,2440485,3.764321,rerun:A-P1-MERGE-N4R
case_092,1,4,1373480,3.506096921687975,climb:LNS-N4
case_093,1,4,19779,3.751706355225239,archive:v2_cpc
case_094,1,4,26387,3.5961647781104333,climb:LNS-N4
case_095,1,4,524422,3.975525,rerun:A-P1-MERGE-N4R
case_096,1,4,27491,3.062602306209305,climb:LNS-N4
case_097,1,4,2579804,4.454412,rerun:A-P1-MERGE-N4R
case_098,1,4,80878,2.1937980662232004,climb:LNS-N4
case_099,1,4,415365,3.907404,rerun:A-P1-MERGE-N4R
case_100,1,4,55618,2.718957891330145,climb:LNS-N4
case_001,1,5,47502,4.9073723211654245,archive:v2_cpc
case_002,1,5,60771,4.310361850224614,climb:P1-LNS
case_003,1,5,471708,1.276662681150203,climb:P1-LNS
case_004,1,5,88341,4.441391879195391,archive:v2_cpc
case_005,1,5,78222,1.222392677251924,climb:P1-LNS
case_006,1,5,27104,3.0562647579693034,climb:P1-LNS
case_007,1,5,203834,4.967581463347626,archive:v2_cpc
case_008,1,5,100603,4.846824,session:MERGE-N5
case_009,1,5,89916,1.7044908581342586,climb:P1-LNS
case_010,1,5,26692,3.2582421699385584,climb:P1-LNS
case_011,1,5,46777,3.948458,session:MERGE-N5
case_012,1,5,15229,3.879965854619476,climb:P1-LNS
case_013,1,5,55154,4.785672843311455,archive:v2_cpc
case_014,1,5,3660594,4.834905,session:MERGE-N5
case_015,1,5,41799,4.24321156008517,climb:P1-LNS
case_016,1,5,3397411,2.271000770881121,audit:strand_n5
case_017,1,5,35540,4.581035453010692,climb:P1-LNS
case_018,1,5,210148,4.779331709081219,climb:P1-LNS
case_019,1,5,20408,3.9760878087024696,climb:P1-LNS
case_020,1,5,107954,4.934935250199159,audit:strand_n5
case_021,1,5,1243902,5.280108079253832,archive:v2_cpc
case_022,1,5,12557,4.5217806800987494,climb:P1-LNS
case_023,1,5,27331,4.48626102228239,climb:P1-LNS
case_024,1,5,1124755,2.2719107716791656,audit:strand_n5
case_025,1,5,978638,4.9691775712776325,archive:v2_cpc
case_026,1,5,41611,2.384057100285982,climb:P1-LNS
case_027,1,5,496774,4.758606529327219,climb:P1-LNS
case_028,1,5,8926395,4.910834,session:MERGE-N5
case_029,1,5,11476,3.2724817009410945,climb:P1-LNS
case_030,1,5,578673,4.852540208373296,archive:v3_main
case_031,1,5,291340,4.854702409555846,climb:P1-LNS
case_032,1,5,10210,4.059059745347699,climb:P1-LNS
case_033,1,5,369532,4.801197,session:MERGE-N5
case_034,1,5,179066,4.707739045938369,climb:P1-LNS
case_035,1,5,95455,1.7764496359541144,climb:P1-LNS
case_036,1,5,187182,4.976493466252097,archive:v2_cpc
case_037,1,5,43013,4.882268151489085,archive:v2_cpc
case_038,1,5,289861,4.707618,session:MERGE-N5
case_039,1,5,315610,4.547581,session:MERGE-N5
case_040,1,5,104881,2.416586416986871,climb:P1-LNS
case_041,1,5,1223254,4.908185,session:MERGE-N5
case_042,1,5,348692,4.837335,session:MERGE-N5
case_043,1,5,225465,3.005592885813763,climb:P1-LNS
case_044,1,5,132892,1.161898383649881,audit:strand_n5
case_045,1,5,26558,4.729799,session:MERGE-N5
case_046,1,5,114951,2.4049812528816625,climb:P1-LNS
case_047,1,5,305956,1.0671730575638327,climb:P1-LNS
case_048,1,5,212297,1.046741,session:MERGE-N5
case_049,1,5,134375,1.4606586046511627,climb:P1-LNS
case_050,1,5,89939,1.6643502818577036,climb:P1-LNS
case_051,1,5,267458,2.271863245818035,audit:strand_n5
case_052,1,5,39731,4.538043341471395,climb:P1-LNS
case_053,1,5,450810,3.266755395843038,climb:P1-LNS
case_054,1,5,469239,1.7369634663785405,climb:P1-LNS
case_055,1,5,27082,4.387969869285873,climb:P1-LNS
case_056,1,5,232764,1.1912709869223763,climb:P1-LNS
case_057,1,5,14053,4.250053369387319,climb:P1-LNS
case_058,1,5,943156,4.813325685252493,archive:v2_cpc
case_059,1,5,150782,5.501141,session:MERGE-N5
case_060,1,5,185435,4.792995,session:MERGE-N5
case_061,1,5,20200,3.8213366336633663,climb:P1-LNS
case_062,1,5,701700,4.068418127404874,climb:P1-LNS
case_063,1,5,240418,4.452233193854037,climb:P1-LNS
case_064,1,5,16589,1.15233,session:MERGE-N5
case_065,1,5,12395,4.281403791851553,climb:P1-LNS
case_066,1,5,151163,2.375382864854495,climb:P1-LNS
case_067,1,5,13167883,4.847767,session:MERGE-N5
case_068,1,5,288672,1.2543474947345084,climb:P1-LNS
case_069,1,5,13115,1.9171940526115134,climb:P1-LNS
case_070,1,5,27260,4.303008070432869,climb:P1-LNS
case_071,1,5,10555,1.7924206537186167,climb:P1-LNS
case_072,1,5,4879417,4.897681,session:MERGE-N5
case_073,1,5,2124193,4.746097,session:MERGE-N5
case_074,1,5,349220,4.817132,session:MERGE-N5
case_075,1,5,719790,2.003097,session:MERGE-N5
case_076,1,5,1290116,4.794230131244012,archive:v3_main
case_077,1,5,108317,4.572874064089663,climb:P1-LNS
case_078,1,5,486196,4.7226694584077205,climb:P1-LNS
case_079,1,5,6025063,5.153847,session:MERGE-N5
case_080,1,5,101212,2.8863968699363713,climb:P1-LNS
case_081,1,5,30943,4.905632937982743,archive:v2_cpc
case_082,1,5,353798,2.038001910694803,climb:P1-LNS
case_083,1,5,234944,4.503170968400981,climb:P1-LNS
case_084,1,5,503472,4.98024120507198,audit:strand_n5
case_085,1,5,1469227,2.16978,session:MERGE-N5
case_086,1,5,94322,1.255306291215199,climb:P1-LNS
case_087,1,5,857588,4.634009571029446,climb:P1-LNS
case_088,1,5,175359,1.3892814169788834,climb:P1-LNS
case_089,1,5,147432,4.701096098540344,archive:v2_cpc
case_090,1,5,365572,3.2233404090028777,climb:P1-LNS
case_091,1,5,1904885,4.822742,session:MERGE-N5
case_092,1,5,1167773,4.123707261599643,climb:P1-LNS
case_093,1,5,15876,4.674036281179139,archive:v2_cpc
case_094,1,5,22475,4.222113,session:MERGE-N5
case_095,1,5,420852,4.953886401870491,audit:strand_n5
case_096,1,5,27210,3.0942300624770307,climb:P1-LNS
case_097,1,5,2097377,5.478991,session:MERGE-N5
case_098,1,5,81567,2.175267,session:MERGE-N5
case_099,1,5,334879,4.846524,session:MERGE-N5
case_100,1,5,55401,2.7296077688128375,climb:P1-LNS
case_001,2,2,116868,1.994644,rerun:A-P2-WAVE-N2R
case_002,2,2,130304,2.010261,rerun:A-P2-WAVE-N2R
case_003,2,2,362596,1.660835,rerun:A-P2-WAVE-N2R
case_004,2,2,199074,1.9709103147573264,archive:v2_cpc
case_005,2,2,68095,1.4041853293193334,climb:LNS-N2
case_006,2,2,38913,2.1287744455580397,archive:v2_cpc
case_007,2,2,507494,1.9952196479170197,archive:v2_cpc
case_008,2,2,244266,1.996205,rerun:A-P2-WAVE-N2R
case_009,2,2,94373,1.6239920316192131,climb:LNS-N2
case_010,2,2,42748,2.034458,rerun:A-P2-WAVE-N2R
case_011,2,2,92646,1.993578,rerun:A-P2-WAVE-N2R
case_012,2,2,28763,2.054306,rerun:A-P2-WAVE-N2R
case_013,2,2,132198,1.996619,rerun:A-P2-WAVE-N2R
case_014,2,2,8860566,1.99746,rerun:A-P2-WAVE-N2R
case_015,2,2,67902,2.612029100762864,climb:LNS-N2
case_016,2,2,7715523,1.0,archive:v3_main
case_017,2,2,74395,2.1884535251024935,archive:v2_cpc
case_018,2,2,500749,2.0057294173328355,archive:v3_main
case_019,2,2,37224,2.179884,rerun:A-P2-WAVE-N2R
case_020,2,2,266580,1.998447,rerun:A-P2-WAVE-N2R
case_021,2,2,3134777,2.095185,rerun:A-P2-WAVE-N2R
case_022,2,2,28302,2.006219,rerun:A-P2-WAVE-N2R
case_023,2,2,55897,2.19357,rerun:A-P2-WAVE-N2R
case_024,2,2,2555343,1.0,rerun:A-P2-WAVE-N2R
case_025,2,2,2431840,1.9997310678334101,archive:v2_cpc
case_026,2,2,44968,2.2060798790250846,climb:LNS-N2
case_027,2,2,1120962,2.10886,rerun:A-P2-WAVE-N2R
case_028,2,2,20755981,2.111971,rerun:A-P2-WAVE-N2R
case_029,2,2,18890,1.9880889359449445,climb:LNS-N2
case_030,2,2,1404199,1.9997407774823939,climb:LNS-N2
case_031,2,2,715899,1.9756543870015184,archive:v2_cpc
case_032,2,2,19338,2.143086,rerun:A-P2-WAVE-N2R
case_033,2,2,882560,2.0102837200870196,climb:LNS-N2
case_034,2,2,421177,2.001524,rerun:A-P2-WAVE-N2R
case_035,2,2,91282,1.8576608750903794,climb:LNS-N2
case_036,2,2,466068,1.998657,rerun:A-P2-WAVE-N2R
case_037,2,2,105374,1.992911,rerun:A-P2-WAVE-N2R
case_038,2,2,679439,2.008355,rerun:A-P2-WAVE-N2R
case_039,2,2,708561,2.025601183243221,archive:v3_main
case_040,2,2,125331,2.022277010476259,archive:v2_cpc
case_041,2,2,2994880,2.00474,rerun:A-P2-WAVE-N2R
case_042,2,2,839542,2.009119,rerun:A-P2-WAVE-N2R
case_043,2,2,337100,2.0102521506971227,climb:LNS-N2
case_044,2,2,44234,3.490686,rerun:A-P2-WAVE-N2R
case_045,2,2,63059,1.99200748505368,archive:v2_cpc
case_046,2,2,107524,2.5711,rerun:A-P2-WAVE-N2R
case_047,2,2,308421,1.058644,rerun:A-P2-WAVE-N2R
case_048,2,2,209876,1.058816,rerun:A-P2-WAVE-N2R
case_049,2,2,123205,1.593085,rerun:A-P2-WAVE-N2R
case_050,2,2,81862,1.82856514622169,climb:LNS-N2
case_051,2,2,591329,1.0275633361462062,climb:LNS-N2
case_052,2,2,86285,2.089598423828012,archive:v3_main
case_053,2,2,716642,2.054981,rerun:A-P2-WAVE-N2R
case_054,2,2,477017,1.708641411102749,climb:LNS-N2
case_055,2,2,59068,2.011833818649692,archive:v2_cpc
case_056,2,2,177620,1.561114,rerun:A-P2-WAVE-N2R
case_057,2,2,29633,2.015523234232106,archive:v3_main
case_058,2,2,2276675,1.994012,rerun:A-P2-WAVE-N2R
case_059,2,2,369318,2.245959,rerun:A-P2-WAVE-N2R
case_060,2,2,430966,2.062318141106259,archive:v3_main
case_061,2,2,39472,1.9555887717875964,climb:LNS-N2
case_062,2,2,1430406,1.9958032894157323,archive:v3_main
case_063,2,2,536176,1.996354,rerun:A-P2-WAVE-N2R
case_064,2,2,16073,1.189324,rerun:A-P2-WAVE-N2R
case_065,2,2,26162,2.0284381927987156,archive:v3_main
case_066,2,2,198967,1.8046711263676891,climb:LNS-N2
case_067,2,2,30774616,2.074269,rerun:A-P2-WAVE-N2R
case_068,2,2,231855,1.5617303918397274,climb:LNS-N2
case_069,2,2,12924,1.9455277004023521,climb:LNS-N2
case_070,2,2,55274,2.12215508195535,archive:v3_main
case_071,2,2,11002,1.7195964370114525,climb:LNS-N2
case_072,2,2,12000814,1.9913505867185342,climb:LNS-N2
case_073,2,2,4247219,2.373701,rerun:A-P2-WAVE-N2R
case_074,2,2,824170,2.0411310773262796,climb:LNS-N2
case_075,2,2,797963,1.806862,rerun:A-P2-WAVE-N2R
case_076,2,2,3090756,2.0011650871178444,archive:v3_main
case_077,2,2,254503,1.946224602460482,archive:v2_cpc
case_078,2,2,1029560,2.230218,rerun:A-P2-WAVE-N2R
case_079,2,2,15262715,2.034517,rerun:A-P2-WAVE-N2R
case_080,2,2,145224,2.011637194954002,archive:v3_main
case_081,2,2,76061,1.9957008190794232,climb:LNS-N2
case_082,2,2,385462,1.8705890593625312,climb:LNS-N2
case_083,2,2,422492,2.504173,rerun:A-P2-WAVE-N2R
case_084,2,2,1254650,1.998495197863946,archive:v3_main
case_085,2,2,1852196,1.721146,rerun:A-P2-WAVE-N2R
case_086,2,2,74661,1.585875,rerun:A-P2-WAVE-N2R
case_087,2,2,2153189,1.8456675192005905,climb:LNS-N2
case_088,2,2,155548,1.566224,rerun:A-P2-WAVE-N2R
case_089,2,2,299270,2.315942,rerun:A-P2-WAVE-N2R
case_090,2,2,453562,2.59802,rerun:A-P2-WAVE-N2R
case_091,2,2,4602186,1.996175078538764,climb:LNS-N2
case_092,2,2,2041876,2.358397,rerun:A-P2-WAVE-N2R
case_093,2,2,37827,1.9616940280751844,archive:v2_cpc
case_094,2,2,36518,2.598499370173613,climb:LNS-N2
case_095,2,2,1040850,2.00302925493587,archive:v2_cpc
case_096,2,2,37908,2.221008758045795,climb:LNS-N2
case_097,2,2,5617602,2.045625,rerun:A-P2-WAVE-N2R
case_098,2,2,88555,2.003614,rerun:A-P2-WAVE-N2R
case_099,2,2,807584,2.009697,rerun:A-P2-WAVE-N2R
case_100,2,2,74356,2.03377,rerun:A-P2-WAVE-N2R
case_001,2,3,78545,2.967853,rerun:A-P2-WAVE-N3R
case_002,2,3,88509,2.95953,rerun:A-P2-WAVE-N3R
case_003,2,3,270878,2.223185345432261,climb:LNS-N3
case_004,2,3,134043,2.927098020784375,archive:v2_cpc
case_005,2,3,76559,1.2489452579056675,climb:LNS-N3
case_006,2,3,25105,3.2996215893248357,climb:LNS-N3
case_007,2,3,338094,2.994913,rerun:A-P2-WAVE-N3R
case_008,2,3,163359,2.984868,rerun:A-P2-WAVE-N3R
case_009,2,3,81995,1.8691505579608512,climb:LNS-N3
case_010,2,3,29582,2.93993,rerun:A-P2-WAVE-N3R
case_011,2,3,62289,2.9651623882226397,climb:LNS-N3
case_012,2,3,19856,2.975826,rerun:A-P2-WAVE-N3R
case_013,2,3,88351,2.98750438591527,archive:v2_cpc
case_014,2,3,5989961,2.954715,rerun:A-P2-WAVE-N3R
case_015,2,3,53732,3.300863545001117,climb:LNS-N3
case_016,2,3,7715523,1.0,archive:v3_main
case_017,2,3,49723,3.27434,rerun:A-P2-WAVE-N3R
case_018,2,3,338243,2.969365219679343,archive:v3_main
case_019,2,3,25986,3.1226044793350267,archive:v3_main
case_020,2,3,177950,2.993796010115201,archive:v2_cpc
case_021,2,3,2144024,3.063369160046716,archive:v3_main
case_022,2,3,19077,2.976359,rerun:A-P2-WAVE-N3R
case_023,2,3,35243,3.479102,rerun:A-P2-WAVE-N3R
case_024,2,3,2555343,1.0,rerun:A-P2-WAVE-N3R
case_025,2,3,1622742,2.996796,rerun:A-P2-WAVE-N3R
case_026,2,3,33011,3.0051497985519977,climb:LNS-N3
case_027,2,3,775418,3.048616359176599,climb:LNS-N3
case_028,2,3,13752048,3.187601,rerun:A-P2-WAVE-N3R
case_029,2,3,12743,2.9471082162756024,archive:v2_cpc
case_030,2,3,946088,2.9680473698006953,archive:v3_main
case_031,2,3,477232,2.9636927113018405,archive:v3_main
case_032,2,3,13268,3.12353,rerun:A-P2-WAVE-N3R
case_033,2,3,599221,2.960837,rerun:A-P2-WAVE-N3R
case_034,2,3,265240,3.1782385763836527,climb:LNS-N3
case_035,2,3,87470,1.93861895507031,climb:LNS-N3
case_036,2,3,311345,2.991890025534375,archive:v2_cpc
case_037,2,3,71046,2.955846,rerun:A-P2-WAVE-N3R
case_038,2,3,454558,3.001938,rerun:A-P2-WAVE-N3R
case_039,2,3,479753,2.9916686294822545,archive:v3_main
case_040,2,3,100262,2.527916857832479,climb:LNS-N3
case_041,2,3,2019234,2.973383,rerun:A-P2-WAVE-N3R
case_042,2,3,567711,2.971124,rerun:A-P2-WAVE-N3R
case_043,2,3,243294,2.7853379039351567,climb:LNS-N3
case_044,2,3,53476,2.887407435111078,climb:LNS-N3
case_045,2,3,42601,2.94861622966597,archive:v2_cpc
case_046,2,3,81236,3.403109,rerun:A-P2-WAVE-N3R
case_047,2,3,300849,1.085289,rerun:A-P2-WAVE-N3R
case_048,2,3,201615,1.102199737122734,climb:LNS-N3
case_049,2,3,101494,1.9338680119021814,climb:LNS-N3
case_050,2,3,82025,1.8249314233465408,climb:LNS-N3
case_051,2,3,599752,1.013132094599101,archive:v3_main
case_052,2,3,58626,3.0754443421007744,archive:v3_main
case_053,2,3,501587,2.936053,rerun:A-P2-WAVE-N3R
case_054,2,3,347915,2.342673,rerun:A-P2-WAVE-N3R
case_055,2,3,37794,3.144282161189607,archive:v3_main
case_056,2,3,139853,1.982689,rerun:A-P2-WAVE-N3R
case_057,2,3,19913,2.999347160146638,climb:LNS-N3
case_058,2,3,1526307,2.9743144727764466,archive:v3_main
case_059,2,3,266217,3.115778,rerun:A-P2-WAVE-N3R
case_060,2,3,286518,3.1020354742110445,archive:v3_main
case_061,2,3,26034,2.965007298148575,climb:LNS-N3
case_062,2,3,959975,2.9738368186671527,climb:LNS-N3
case_063,2,3,364643,2.9354656472220775,climb:LNS-N3
case_064,2,3,15358,1.2446933194426357,climb:LNS-N3
case_065,2,3,17980,2.951502,rerun:A-P2-WAVE-N3R
case_066,2,3,147872,2.4282487556805887,climb:LNS-N3
case_067,2,3,20344683,3.137667,rerun:A-P2-WAVE-N3R
case_068,2,3,189309,1.9127194164038688,climb:LNS-N3
case_069,2,3,10456,2.404743687834736,climb:LNS-N3
case_070,2,3,39052,3.0036873911707467,archive:v3_main
case_071,2,3,8054,2.3490191209336975,climb:LNS-N3
case_072,2,3,8095542,2.9519738147242025,climb:LNS-N3
case_073,2,3,2863798,3.520369,rerun:A-P2-WAVE-N3R
case_074,2,3,564181,2.981736,rerun:A-P2-WAVE-N3R
case_075,2,3,587561,2.4538881920345292,climb:LNS-N3
case_076,2,3,2060836,3.001264050123348,archive:v3_main
case_077,2,3,166522,2.974501867621095,climb:LNS-N3
case_078,2,3,766642,2.995065,rerun:A-P2-WAVE-N3R
case_079,2,3,10021825,3.098463,rerun:A-P2-WAVE-N3R
case_080,2,3,97925,2.983283124840439,archive:v3_main
case_081,2,3,51654,2.9386881945251093,archive:v3_main
case_082,2,3,272420,2.646799060274576,climb:LNS-N3
case_083,2,3,291169,3.633605,rerun:A-P2-WAVE-N3R
case_084,2,3,835164,3.002299,rerun:A-P2-WAVE-N3R
case_085,2,3,1266639,2.516817341010343,climb:LNS-N3
case_086,2,3,92425,1.2810711387611577,climb:LNS-N3
case_087,2,3,1348144,2.9478089877639184,climb:LNS-N3
case_088,2,3,129778,1.877228806115058,climb:LNS-N3
case_089,2,3,208395,3.325857,rerun:A-P2-WAVE-N3R
case_090,2,3,329841,3.572518,rerun:A-P2-WAVE-N3R
case_091,2,3,3147282,2.918953242829845,climb:LNS-N3
case_092,2,3,1346651,3.575948,rerun:A-P2-WAVE-N3R
case_093,2,3,25103,2.956021192686133,archive:v2_cpc
case_094,2,3,30169,3.145348,rerun:A-P2-WAVE-N3R
case_095,2,3,693735,3.0052584920755043,archive:v3_main
case_096,2,3,28469,2.957392,rerun:A-P2-WAVE-N3R
case_097,2,3,3660459,3.139363,rerun:A-P2-WAVE-N3R
case_098,2,3,69123,2.5668735442616786,climb:LNS-N3
case_099,2,3,543655,2.9853473250498936,archive:v3_main
case_100,2,3,52485,2.8812613127560254,climb:LNS-N3
case_001,2,4,58984,3.952089,rerun:A-P2-STRAND-N4R
case_002,2,4,67470,3.8823921742996887,climb:LNS-N4
case_003,2,4,251876,2.3909066365989613,climb:LNS-N4
case_004,2,4,104188,3.765856,rerun:A-P2-STRAND-N4R
case_005,2,4,66487,1.4381458029389205,climb:LNS-N4
case_006,2,4,19411,4.2675287208283965,climb:LNS-N4
case_007,2,4,255106,3.969181,rerun:A-P2-STRAND-N4R
case_008,2,4,121020,4.029127,rerun:A-P2-STRAND-N4R
case_009,2,4,87711,1.7473406984300714,climb:LNS-N4
case_010,2,4,22487,3.8675234579979545,climb:LNS-N4
case_011,2,4,46880,3.9397824232081913,archive:v2_cpc
case_012,2,4,15624,3.781874,rerun:A-P2-STRAND-N4R
case_013,2,4,66982,3.940596,rerun:A-P2-STRAND-N4R
case_014,2,4,4546997,3.892377,rerun:A-P2-STRAND-N4R
case_015,2,4,47104,3.765328,rerun:A-P2-STRAND-N4R
case_016,2,4,2400379,3.214294,rerun:A-P2-STRAND-N4R
case_017,2,4,39015,4.17301,rerun:A-P2-STRAND-N4R
case_018,2,4,258731,3.881897,rerun:A-P2-STRAND-N4R
case_019,2,4,21108,3.84423,rerun:A-P2-STRAND-N4R
case_020,2,4,133704,3.984518039849219,archive:v2_cpc
case_021,2,4,1550324,4.236493145948847,archive:v3_main
case_022,2,4,14384,3.947442,rerun:A-P2-STRAND-N4R
case_023,2,4,28585,4.289453,rerun:A-P2-STRAND-N4R
case_024,2,4,796735,3.207268414215517,climb:LNS-N4
case_025,2,4,1218152,3.992134,rerun:A-P2-STRAND-N4R
case_026,2,4,41409,2.39568692796252,climb:LNS-N4
case_027,2,4,559196,4.227412213249022,archive:v2_cpc
case_028,2,4,10176583,4.30754,rerun:A-P2-STRAND-N4R
case_029,2,4,9822,3.8235593565465282,climb:LNS-N4
case_030,2,4,709559,3.957436,rerun:A-P2-STRAND-N4R
case_031,2,4,359551,3.933708987042172,archive:v3_main
case_032,2,4,9761,4.245773998565721,climb:LNS-N4
case_033,2,4,444811,3.988651,rerun:A-P2-STRAND-N4R
case_034,2,4,211971,3.97694,rerun:A-P2-STRAND-N4R
case_035,2,4,85151,1.9914152505548965,climb:LNS-N4
case_036,2,4,233584,3.987902,rerun:A-P2-STRAND-N4R
case_037,2,4,53320,3.938503375843961,archive:v2_cpc
case_038,2,4,341990,3.990044,rerun:A-P2-STRAND-N4R
case_039,2,4,389873,3.681358,rerun:A-P2-STRAND-N4R
case_040,2,4,100645,2.5182969844502954,climb:LNS-N4
case_041,2,4,1518383,3.954178,rerun:A-P2-STRAND-N4R
case_042,2,4,424441,3.974027,rerun:A-P2-STRAND-N4R
case_043,2,4,221216,3.063322725300159,climb:LNS-N4
case_044,2,4,55308,2.7917661097852027,climb:LNS-N4
case_045,2,4,31878,3.940461,rerun:A-P2-STRAND-N4R
case_046,2,4,75999,3.637613652811221,climb:LNS-N4
case_047,2,4,284318,1.1483901828234582,climb:LNS-N4
case_048,2,4,180008,1.234500688858273,climb:LNS-N4
case_049,2,4,81842,2.398231,rerun:A-P2-STRAND-N4R
case_050,2,4,75131,1.9923866313505743,climb:LNS-N4
case_051,2,4,191111,3.1794506857271427,climb:LNS-N4
case_052,2,4,43557,4.139426498611016,archive:v3_main
case_053,2,4,430105,3.424015066088513,climb:LNS-N4
case_054,2,4,305396,2.6688332525638843,climb:LNS-N4
case_055,2,4,30675,3.874002,rerun:A-P2-STRAND-N4R
case_056,2,4,129923,2.134226,rerun:A-P2-STRAND-N4R
case_057,2,4,16155,3.697059733828536,climb:LNS-N4
case_058,2,4,1142054,3.9750458384629797,archive:v3_main
case_059,2,4,185216,4.478409,rerun:A-P2-STRAND-N4R
case_060,2,4,222571,3.9932830422651646,archive:v3_main
case_061,2,4,20506,3.7643128840339415,climb:LNS-N4
case_062,2,4,720299,3.963366601925034,climb:LNS-N4
case_063,2,4,275826,3.880697,rerun:A-P2-STRAND-N4R
case_064,2,4,14838,1.2883137889203398,climb:LNS-N4
case_065,2,4,10482,5.062774279717611,climb:LNS-N4
case_066,2,4,132561,2.708715232987078,climb:LNS-N4
case_067,2,4,15291745,4.174464,rerun:A-P2-STRAND-N4R
case_068,2,4,176641,2.049892154143149,climb:LNS-N4
case_069,2,4,9739,2.58178457747202,climb:LNS-N4
case_070,2,4,25343,4.628497020873614,climb:LNS-N4
case_071,2,4,8056,2.3484359483614696,climb:LNS-N4
case_072,2,4,6111520,3.9102920386417783,archive:v3_main
case_073,2,4,2231456,4.517959,rerun:A-P2-STRAND-N4R
case_074,2,4,432209,3.892189,rerun:A-P2-STRAND-N4R
case_075,2,4,458459,3.144903,rerun:A-P2-STRAND-N4R
case_076,2,4,1564870,3.952477202579128,archive:v3_main
case_077,2,4,126643,3.9111518204717197,climb:LNS-N4
case_078,2,4,524644,4.376573,rerun:A-P2-STRAND-N4R
case_079,2,4,7486164,4.147952275691529,archive:v3_main
case_080,2,4,86546,3.375523,rerun:A-P2-STRAND-N4R
case_081,2,4,39588,3.834369000707285,archive:v2_cpc
case_082,2,4,238383,3.024716527604737,climb:LNS-N4
case_083,2,4,214624,4.929519,rerun:A-P2-STRAND-N4R
case_084,2,4,627384,3.9966145135993267,archive:v2_cpc
case_085,2,4,1013148,3.1465284440180508,climb:LNS-N4
case_086,2,4,89250,1.3266442577030813,climb:LNS-N4
case_087,2,4,1046046,3.7991359844595745,climb:LNS-N4
case_088,2,4,121099,2.0117672317690483,climb:LNS-N4
case_089,2,4,152132,4.555859,rerun:A-P2-STRAND-N4R
case_090,2,4,294367,4.00304,rerun:A-P2-STRAND-N4R
case_091,2,4,2495441,3.6814210394074633,climb:LNS-N4
case_092,2,4,1008098,4.776871,rerun:A-P2-STRAND-N4R
case_093,2,4,19779,3.751706355225239,archive:v2_cpc
case_094,2,4,24154,3.928625,rerun:A-P2-STRAND-N4R
case_095,2,4,523207,3.984757466929915,archive:v3_main
case_096,2,4,27057,3.111727094652031,climb:LNS-N4
case_097,2,4,2626908,4.374538,rerun:A-P2-STRAND-N4R
case_098,2,4,52453,3.3826473223647837,climb:LNS-N4
case_099,2,4,406776,3.9899084508427243,archive:v3_main
case_100,2,4,40516,3.7324266956264194,climb:LNS-N4
case_001,2,5,47502,4.9073723211654245,archive:v2_cpc
case_002,2,5,57109,4.586755152427814,audit:gpu_climb
case_003,2,5,235418,2.5580541844718754,audit:gpu_climb
case_004,2,5,88341,4.441392,x2:A-P2-G5TF-X2
case_005,2,5,46609,2.0514922010770453,audit:gpu_climb
case_006,2,5,17796,4.65481006967858,audit:gpu_climb
case_007,2,5,203834,4.967581463347626,archive:v2_cpc
case_008,2,5,73515,6.63272801469088,audit:gpu_climb
case_009,2,5,85035,1.8023284529899453,audit:gpu_climb
case_010,2,5,17648,4.9279805077062555,audit:gpu_climb
case_011,2,5,40034,4.613504,session:G5TF-X2
case_012,2,5,13159,4.490310813891633,audit:gpu_climb
case_013,2,5,53616,4.922952103849597,audit:gpu_climb
case_014,2,5,3691924,4.793876038618347,audit:gpu_climb
case_015,2,5,38432,4.614956286427977,audit:gpu_climb
case_016,2,5,2240577,3.4435428909606767,audit:cross_best
case_017,2,5,25917,6.281977080680634,audit:gpu_climb
case_018,2,5,198036,5.07163848997152,audit:gpu_climb
case_019,2,5,15787,5.1399252549566095,audit:gpu_climb
case_020,2,5,107643,4.949193166299713,audit:gpu_climb
case_021,2,5,1243141,5.283340345141863,audit:gpu_climb
case_022,2,5,11654,4.872146902351124,audit:gpu_climb
case_023,2,5,19012,6.449295181990322,audit:gpu_climb
case_024,2,5,743408,3.437335890923961,audit:cross_best
case_025,2,5,974660,4.98945888822769,audit:gpu_climb
case_026,2,5,27704,3.580818654345943,audit:gpu_climb
case_027,2,5,460949,5.128446,session:G5TF-X2
case_028,2,5,8056841,5.440847101239804,audit:gpu_climb
case_029,2,5,8382,4.480434263898831,audit:gpu_climb
case_030,2,5,562242,4.994351186855482,archive:v3_main
case_031,2,5,284072,4.978910276267988,audit:gpu_climb
case_032,2,5,10639,3.8953849045962965,audit:gpu_climb
case_033,2,5,352026,5.039957275883031,audit:gpu_climb
case_034,2,5,157252,5.360796683031058,audit:gpu_climb
case_035,2,5,80558,2.1049554358350506,audit:gpu_climb
case_036,2,5,187182,4.976493466252097,archive:v2_cpc
case_037,2,5,43013,4.882268151489085,archive:v2_cpc
case_038,2,5,274321,4.974300181174609,audit:gpu_climb
case_039,2,5,327297,4.385198,x2:A-P2-G5TF-X2
case_040,2,5,89816,2.8219248240847956,audit:gpu_climb
case_041,2,5,1219639,4.922733,x2:A-P2-G5TF-X2
case_042,2,5,337289,5.000874620874087,audit:gpu_climb
case_043,2,5,193970,3.4936124142908698,audit:gpu_climb
case_044,2,5,38389,4.022167808486806,audit:gpu_climb
case_045,2,5,25694,4.888845644897642,audit:gpu_climb
case_046,2,5,85945,3.216650183256734,audit:gpu_climb
case_047,2,5,204745,1.5947056094165915,audit:gpu_climb
case_048,2,5,143991,1.5432909001257022,audit:gpu_climb
case_049,2,5,80964,2.4242379329084534,audit:gpu_climb
case_050,2,5,59312,2.5237725923927705,audit:gpu_climb
case_051,2,5,178064,3.41241351424207,audit:gpu_climb
case_052,2,5,32862,5.486610674943704,audit:gpu_climb
case_053,2,5,399561,3.6857601217336025,audit:gpu_climb
case_054,2,5,280680,2.9038442354282457,audit:gpu_climb
case_055,2,5,21067,5.640812645369535,audit:gpu_climb
case_056,2,5,128740,2.1538371912381544,audit:gpu_climb
case_057,2,5,12825,4.656998050682261,audit:gpu_climb
case_058,2,5,941768,4.820419678731917,archive:v2_cpc
case_059,2,5,150782,5.501141,x2:A-P2-G5TF-X2
case_060,2,5,167053,5.320401309763967,audit:gpu_climb
case_061,2,5,20283,3.805699,x2:A-P2-G5TF-X2
case_062,2,5,587612,4.858323179240723,audit:refined2_q2
case_063,2,5,232682,4.600257003120138,audit:audit_B_best
case_064,2,5,14916,1.281577,x2:A-P2-G5TF-X2
case_065,2,5,11492,4.617821092934215,archive:v2_cpc
case_066,2,5,125218,2.867558977143861,audit:gpu_climb
case_067,2,5,12588983,5.07069,x2:A-P2-G5TF-X2
case_068,2,5,167859,2.157138,x2:A-P2-G5TF-X2
case_069,2,5,9452,2.6601777401608127,audit:refined
case_070,2,5,24656,4.757462686567164,audit:refined2_q2
case_071,2,5,7992,2.3672422422422423,audit:refined2_q2
case_072,2,5,5008397,4.771552255142713,audit:refined2_q2
case_073,2,5,1854429,5.436512,x2:A-P2-G5TF-X2
case_074,2,5,335984,5.006902114386399,audit:audit_B_best
case_075,2,5,427591,3.371935,x2:A-P2-G5TF-X2
case_076,2,5,1295047,4.775975698179294,audit:audit_B_best
case_077,2,5,109519,4.5226855614094355,audit:audit_B_best
case_078,2,5,497039,4.619644,session:G5TF-X2
case_079,2,5,6074711,5.11172482114787,audit:refined
case_080,2,5,93299,3.131201834960718,audit:gpu_climb
case_081,2,5,30943,4.905632937982743,archive:v2_cpc
case_082,2,5,209247,3.445885,x2:A-P2-G5TF-X2
case_083,2,5,200760,5.269939,x2:A-P2-G5TF-X2
case_084,2,5,378550,6.623727380795139,audit:refined2_q2
case_085,2,5,848638,3.756489,x2:A-P2-G5TF-X2
case_086,2,5,60321,1.9628819150876147,audit:gpu_climb
case_087,2,5,853863,4.654226,x2:A-P2-G5TF-X2
case_088,2,5,104021,2.3420559310139297,audit:gpu_climb
case_089,2,5,123062,5.632055,x2:A-P2-G5TF-X2
case_090,2,5,291270,4.045604,x2:A-P2-G5TF-X2
case_091,2,5,1861058,4.9363152572354005,audit:audit_B_best
case_092,2,5,806778,5.968871,x2:A-P2-G5TF-X2
case_093,2,5,15876,4.674036281179139,archive:v2_cpc
case_094,2,5,19895,4.769641,x2:A-P2-G5TF-X2
case_095,2,5,420749,4.955099120853525,archive:v2_cpc
case_096,2,5,26291,3.2023886501084022,audit:gpu_climb
case_097,2,5,2102348,5.466036,x2:A-P2-G5TF-X2
case_098,2,5,52668,3.3688387635756056,audit:gpu_climb
case_099,2,5,328079,4.946976185613831,audit:refined
case_100,2,5,48661,3.1076837713980394,audit:gpu_climb
case_001,3,2,116868,1.994644,rerun:A-P3-WAVE-N2R
case_002,3,2,130025,2.014574,rerun:A-P3-WAVE-N2R
case_003,3,2,362482,1.661357,rerun:A-P3-WAVE-N2R
case_004,3,2,196032,2.001495,rerun:A-P3-WAVE-N2R
case_005,3,2,68095,1.4041853293193334,climb:LNS-N2
case_006,3,2,38913,2.1287744455580397,archive:v2_cpc
case_007,3,2,507494,1.9952196479170197,archive:v2_cpc
case_008,3,2,136244,3.57891,rerun:A-P3-WAVE-N2R
case_009,3,2,94373,1.6239920316192131,climb:LNS-N2
case_010,3,2,42748,2.034458,rerun:A-P3-WAVE-N2R
case_011,3,2,92646,1.993578,rerun:A-P3-WAVE-N2R
case_012,3,2,27871,2.120053,rerun:A-P3-WAVE-N2R
case_013,3,2,132198,1.996619,rerun:A-P3-WAVE-N2R
case_014,3,2,8852007,1.999391,rerun:A-P3-WAVE-N2R
case_015,3,2,66104,2.6830751543023115,climb:LNS-N2
case_016,3,2,7715523,1.0,archive:v3_main
case_017,3,2,72003,2.261156,rerun:A-P3-WAVE-N2R
case_018,3,2,497643,2.0182480211718037,archive:v3_main
case_019,3,2,36428,2.2275172943889316,archive:v3_main
case_020,3,2,266580,1.998447,rerun:A-P3-WAVE-N2R
case_021,3,2,3134101,2.095637,rerun:A-P3-WAVE-N2R
case_022,3,2,28302,2.006219,rerun:A-P3-WAVE-N2R
case_023,3,2,47907,2.559417,rerun:A-P3-WAVE-N2R
case_024,3,2,2555343,1.0,rerun:A-P3-WAVE-N2R
case_025,3,2,2431840,1.9997310678334101,archive:v2_cpc
case_026,3,2,44343,2.2371738493110525,climb:LNS-N2
case_027,3,2,1120962,2.10886,rerun:A-P3-WAVE-N2R
case_028,3,2,20748327,2.112751,rerun:A-P3-WAVE-N2R
case_029,3,2,18924,1.9845170154301417,climb:LNS-N2
case_030,3,2,1409232,1.9925988055905628,archive:v2_cpc
case_031,3,2,715411,1.977002031000362,archive:v2_cpc
case_032,3,2,19338,2.143086,rerun:A-P3-WAVE-N2R
case_033,3,2,888048,1.9978604760103058,archive:v2_cpc
case_034,3,2,417727,2.018055,rerun:A-P3-WAVE-N2R
case_035,3,2,91282,1.8576608750903794,climb:LNS-N2
case_036,3,2,466068,1.998657,rerun:A-P3-WAVE-N2R
case_037,3,2,105374,1.992911,rerun:A-P3-WAVE-N2R
case_038,3,2,675236,2.020856,rerun:A-P3-WAVE-N2R
case_039,3,2,705615,2.03405823288904,archive:v3_main
case_040,3,2,125331,2.022277010476259,archive:v2_cpc
case_041,3,2,2990762,2.007501,rerun:A-P3-WAVE-N2R
case_042,3,2,835959,2.017731,rerun:A-P3-WAVE-N2R
case_043,3,2,340895,1.987873,rerun:A-P3-WAVE-N2R
case_044,3,2,44185,3.494557,rerun:A-P3-WAVE-N2R
case_045,3,2,63059,1.99200748505368,archive:v2_cpc
case_046,3,2,107524,2.5711,rerun:A-P3-WAVE-N2R
case_047,3,2,295934,1.1033135766758804,climb:LNS-N2
case_048,3,2,199793,1.1122511799712702,climb:LNS-N2
case_049,3,2,123190,1.593279,rerun:A-P3-WAVE-N2R
case_050,3,2,89712,1.668561619404316,climb:LNS-N2
case_051,3,2,582906,1.042411640984996,climb:LNS-N2
case_052,3,2,86227,2.091004,rerun:A-P3-WAVE-N2R
case_053,3,2,713925,2.062802,rerun:A-P3-WAVE-N2R
case_054,3,2,452546,1.801034590958709,climb:LNS-N2
case_055,3,2,52315,2.271528242377903,archive:v3_main
case_056,3,2,177457,1.562548,rerun:A-P3-WAVE-N2R
case_057,3,2,29633,2.015523234232106,archive:v3_main
case_058,3,2,2270206,1.999694,rerun:A-P3-WAVE-N2R
case_059,3,2,369318,2.245959,rerun:A-P3-WAVE-N2R
case_060,3,2,430940,2.062443,rerun:A-P3-WAVE-N2R
case_061,3,2,36960,2.0885010822510823,climb:LNS-N2
case_062,3,2,1430406,1.9958032894157323,archive:v3_main
case_063,3,2,536176,1.996354,rerun:A-P3-WAVE-N2R
case_064,3,2,16073,1.189324,rerun:A-P3-WAVE-N2R
case_065,3,2,25531,2.0785711487994987,archive:v3_main
case_066,3,2,195572,1.8359990182643733,climb:LNS-N2
case_067,3,2,30739330,2.07665,rerun:A-P3-WAVE-N2R
case_068,3,2,231721,1.562634,rerun:A-P3-WAVE-N2R
case_069,3,2,12950,1.9416216216216216,climb:LNS-N2
case_070,3,2,55274,2.12215508195535,archive:v3_main
case_071,3,2,10454,1.8097378993686628,climb:LNS-N2
case_072,3,2,11977996,1.9951440958904978,archive:v3_main
case_073,3,2,4202559,2.398926,rerun:A-P3-WAVE-N2R
case_074,3,2,844814,1.991254,rerun:A-P3-WAVE-N2R
case_075,3,2,797960,1.806869,rerun:A-P3-WAVE-N2R
case_076,3,2,3087898,2.003017262875911,archive:v3_main
case_077,3,2,244401,2.026669,rerun:A-P3-WAVE-N2R
case_078,3,2,1029560,2.230218,rerun:A-P3-WAVE-N2R
case_079,3,2,15262444,2.034553,rerun:A-P3-WAVE-N2R
case_080,3,2,145224,2.011637194954002,archive:v3_main
case_081,3,2,76044,1.9961469675451056,climb:LNS-N2
case_082,3,2,385307,1.8713415536182836,climb:LNS-N2
case_083,3,2,422492,2.504173,rerun:A-P3-WAVE-N2R
case_084,3,2,1252352,2.0021623313573182,climb:LNS-N2
case_085,3,2,1848816,1.724292195653867,climb:LNS-N2
case_086,3,2,74578,1.58764,rerun:A-P3-WAVE-N2R
case_087,3,2,2102473,1.890189,rerun:A-P3-WAVE-N2R
case_088,3,2,154759,1.574209,rerun:A-P3-WAVE-N2R
case_089,3,2,299270,2.315942,rerun:A-P3-WAVE-N2R
case_090,3,2,453562,2.59802,rerun:A-P3-WAVE-N2R
case_091,3,2,4594124,1.999678,rerun:A-P3-WAVE-N2R
case_092,3,2,2037340,2.363648,rerun:A-P3-WAVE-N2R
case_093,3,2,37326,1.9880244333708408,climb:LNS-N2
case_094,3,2,45899,2.067409,rerun:A-P3-WAVE-N2R
case_095,3,2,1040850,2.00302925493587,archive:v2_cpc
case_096,3,2,40084,2.100439,rerun:A-P3-WAVE-N2R
case_097,3,2,5617602,2.045625,rerun:A-P3-WAVE-N2R
case_098,3,2,88555,2.003614,rerun:A-P3-WAVE-N2R
case_099,3,2,806707,2.011882,rerun:A-P3-WAVE-N2R
case_100,3,2,74356,2.03377,rerun:A-P3-WAVE-N2R
case_001,3,3,78545,2.967853,rerun:A-P3-WAVE-N3R
case_002,3,3,88509,2.95953,rerun:A-P3-WAVE-N3R
case_003,3,3,268432,2.2434434046611433,climb:LNS-N3
case_004,3,3,131412,2.985701458009923,archive:v3_main
case_005,3,3,76565,1.2488473845751975,climb:LNS-N3
case_006,3,3,24798,3.3404710057262683,climb:LNS-N3
case_007,3,3,338094,2.994913,rerun:A-P3-WAVE-N3R
case_008,3,3,110229,4.423564,rerun:A-P3-WAVE-N3R
case_009,3,3,83448,1.83660483175151,climb:LNS-N3
case_010,3,3,29582,2.93993,rerun:A-P3-WAVE-N3R
case_011,3,3,62289,2.9651623882226397,climb:LNS-N3
case_012,3,3,18527,3.189291,rerun:A-P3-WAVE-N3R
case_013,3,3,88351,2.98750438591527,archive:v2_cpc
case_014,3,3,5982671,2.958315,rerun:A-P3-WAVE-N3R
case_015,3,3,49598,3.575990967377717,climb:LNS-N3
case_016,3,3,7715523,1.0,archive:v3_main
case_017,3,3,49177,3.310694,rerun:A-P3-WAVE-N3R
case_018,3,3,331431,3.030395466929768,archive:v3_main
case_019,3,3,25986,3.1226044793350267,archive:v3_main
case_020,3,3,177950,2.993796010115201,archive:v2_cpc
case_021,3,3,2142171,3.0660190059523726,archive:v2_cpc
case_022,3,3,18803,3.019731,rerun:A-P3-WAVE-N3R
case_023,3,3,34328,3.571836,rerun:A-P3-WAVE-N3R
case_024,3,3,2555343,1.0,rerun:A-P3-WAVE-N3R
case_025,3,3,1622742,2.996796,rerun:A-P3-WAVE-N3R
case_026,3,3,33065,3.0002419476788145,climb:LNS-N3
case_027,3,3,806498,2.931132,rerun:A-P3-WAVE-N3R
case_028,3,3,13752048,3.187601,rerun:A-P3-WAVE-N3R
case_029,3,3,12743,2.9471082162756024,archive:v2_cpc
case_030,3,3,944631,2.9726252896633714,archive:v3_main
case_031,3,3,477082,2.9646245299550182,archive:v3_main
case_032,3,3,13216,3.13582,rerun:A-P3-WAVE-N3R
case_033,3,3,594409,2.984807,rerun:A-P3-WAVE-N3R
case_034,3,3,277088,3.04234,rerun:A-P3-WAVE-N3R
case_035,3,3,94319,1.7978456090501385,climb:LNS-N3
case_036,3,3,311345,2.991890025534375,archive:v2_cpc
case_037,3,3,70729,2.969093299778026,climb:LNS-N3
case_038,3,3,450319,3.030196,rerun:A-P3-WAVE-N3R
case_039,3,3,478298,3.000769394812439,archive:v3_main
case_040,3,3,112056,2.261851,rerun:A-P3-WAVE-N3R
case_041,3,3,2013306,2.982138,rerun:A-P3-WAVE-N3R
case_042,3,3,565113,2.984784,rerun:A-P3-WAVE-N3R
case_043,3,3,245509,2.760208,rerun:A-P3-WAVE-N3R
case_044,3,3,50128,3.080255,rerun:A-P3-WAVE-N3R
case_045,3,3,42304,2.9693173222390317,archive:v3_main
case_046,3,3,81236,3.403109,rerun:A-P3-WAVE-N3R
case_047,3,3,287059,1.1374247105995632,climb:LNS-N3
case_048,3,3,199808,1.112168,rerun:A-P3-WAVE-N3R
case_049,3,3,101324,1.9371126287947573,climb:LNS-N3
case_050,3,3,80752,1.8537002179512583,climb:LNS-N3
case_051,3,3,599752,1.013132094599101,archive:v3_main
case_052,3,3,55724,3.235608,rerun:A-P3-WAVE-N3R
case_053,3,3,495853,2.970005,rerun:A-P3-WAVE-N3R
case_054,3,3,347319,2.346693,rerun:A-P3-WAVE-N3R
case_055,3,3,37752,3.1477802500529775,archive:v3_main
case_056,3,3,139698,1.984889,rerun:A-P3-WAVE-N3R
case_057,3,3,20047,2.9792986481767847,climb:LNS-N3
case_058,3,3,1526307,2.9743144727764466,archive:v3_main
case_059,3,3,259177,3.200411301928798,archive:v3_main
case_060,3,3,286283,3.104582,rerun:A-P3-WAVE-N3R
case_061,3,3,26055,2.9626175398196124,climb:LNS-N3
case_062,3,3,1037183,2.7524641263884964,climb:LNS-N3
case_063,3,3,372791,2.8713059059902197,climb:LNS-N3
case_064,3,3,15358,1.2446933194426357,climb:LNS-N3
case_065,3,3,17767,2.986886,rerun:A-P3-WAVE-N3R
case_066,3,3,144554,2.483985223515088,climb:LNS-N3
case_067,3,3,20270656,3.149125,rerun:A-P3-WAVE-N3R
case_068,3,3,187794,1.92815,rerun:A-P3-WAVE-N3R
case_069,3,3,10985,2.28893946290396,climb:LNS-N3
case_070,3,3,39052,3.0036873911707467,archive:v3_main
case_071,3,3,8002,2.3642839290177458,climb:LNS-N3
case_072,3,3,8095552,2.951970168309709,archive:v3_main
case_073,3,3,2863798,3.520369,rerun:A-P3-WAVE-N3R
case_074,3,3,555851,3.026421,rerun:A-P3-WAVE-N3R
case_075,3,3,587430,2.4544354220928453,climb:LNS-N3
case_076,3,3,2056401,3.0077368178677215,archive:v3_main
case_077,3,3,168429,2.940824,rerun:A-P3-WAVE-N3R
case_078,3,3,735967,3.119899,rerun:A-P3-WAVE-N3R
case_079,3,3,10019984,3.099032,rerun:A-P3-WAVE-N3R
case_080,3,3,97925,2.983283124840439,archive:v3_main
case_081,3,3,50855,2.984858912594632,climb:LNS-N3
case_082,3,3,272384,2.647149,rerun:A-P3-WAVE-N3R
case_083,3,3,291169,3.633605,rerun:A-P3-WAVE-N3R
case_084,3,3,835164,3.002299,rerun:A-P3-WAVE-N3R
case_085,3,3,1266498,2.517098,rerun:A-P3-WAVE-N3R
case_086,3,3,93205,1.2703503030953276,climb:LNS-N3
case_087,3,3,1370065,2.900644,rerun:A-P3-WAVE-N3R
case_088,3,3,126786,1.921529190920133,climb:LNS-N3
case_089,3,3,208395,3.325857,rerun:A-P3-WAVE-N3R
case_090,3,3,317353,3.713099,rerun:A-P3-WAVE-N3R
case_091,3,3,3032426,3.029511,rerun:A-P3-WAVE-N3R
case_092,3,3,1347978,3.572428,rerun:A-P3-WAVE-N3R
case_093,3,3,25103,2.956021192686133,archive:v2_cpc
case_094,3,3,30169,3.145348,rerun:A-P3-WAVE-N3R
case_095,3,3,693735,3.0052584920755043,archive:v3_main
case_096,3,3,27208,3.0944575124963247,climb:LNS-N3
case_097,3,3,3660338,3.139467,rerun:A-P3-WAVE-N3R
case_098,3,3,62487,2.8394706098868565,climb:LNS-N3
case_099,3,3,537310,3.020601,rerun:A-P3-WAVE-N3R
case_100,3,3,52467,2.8822497951093067,climb:LNS-N3
case_001,3,4,58984,3.952089,rerun:A-P3-L1SPR-N4R
case_002,3,4,67470,3.8823921742996887,climb:LNS-N4
case_003,3,4,241470,2.493941276349029,climb:LNS-N4
case_004,3,4,104188,3.765856,rerun:A-P3-L1SPR-N4R
case_005,3,4,67585,1.4147813864023082,climb:LNS-N4
case_006,3,4,20059,4.129667480931253,climb:LNS-N4
case_007,3,4,254398,3.980228,rerun:A-P3-L1SPR-N4R
case_008,3,4,104264,4.676638,rerun:A-P3-L1SPR-N4R
case_009,3,4,86960,1.7624310027598895,climb:LNS-N4
case_010,3,4,22577,3.8521061257031493,climb:LNS-N4
case_011,3,4,46880,3.9397824232081913,archive:v2_cpc
case_012,3,4,11916,4.958710976837865,climb:LNS-N4
case_013,3,4,66982,3.940596,rerun:A-P3-L1SPR-N4R
case_014,3,4,4537470,3.900549,rerun:A-P3-L1SPR-N4R
case_015,3,4,35697,4.968540773734487,climb:LNS-N4
case_016,3,4,2400379,3.214294,rerun:A-P3-STRAND-N4R
case_017,3,4,36423,4.469978,rerun:A-P3-L1SPR-N4R
case_018,3,4,248233,4.046066,rerun:A-P3-L1SPR-N4R
case_019,3,4,21108,3.84423,rerun:A-P3-L1SPR-N4R
case_020,3,4,133704,3.984518039849219,archive:v2_cpc
case_021,3,4,1550324,4.236493145948847,archive:v3_main
case_022,3,4,14384,3.947442,rerun:A-P3-L1SPR-N4R
case_023,3,4,25796,4.753218,rerun:A-P3-L1SPR-N4R
case_024,3,4,796735,3.207268414215517,climb:LNS-N4
case_025,3,4,1218152,3.992134,rerun:A-P3-L1SPR-N4R
case_026,3,4,34670,2.861349870204788,climb:LNS-N4
case_027,3,4,559196,4.227412213249022,archive:v2_cpc
case_028,3,4,10176567,4.307547,rerun:A-P3-L1SPR-N4R
case_029,3,4,9822,3.8235593565465282,archive:v3_main
case_030,3,4,696813,4.029824357467499,archive:v3_main
case_031,3,4,359067,3.939011382276845,archive:v3_main
case_032,3,4,9817,4.221554446368544,climb:LNS-N4
case_033,3,4,443847,3.997314,rerun:A-P3-L1SPR-N4R
case_034,3,4,208623,4.040763,rerun:A-P3-L1SPR-N4R
case_035,3,4,85757,1.977342957426216,climb:LNS-N4
case_036,3,4,233584,3.987902,rerun:A-P3-L1SPR-N4R
case_037,3,4,53320,3.938503375843961,archive:v2_cpc
case_038,3,4,340734,4.004752,rerun:A-P3-L1SPR-N4R
case_039,3,4,368055,3.899586,rerun:A-P3-L1SPR-N4R
case_040,3,4,107762,2.351979,rerun:A-P3-L1SPR-N4R
case_041,3,4,1512623,3.969236,rerun:A-P3-L1SPR-N4R
case_042,3,4,421559,4.001196,rerun:A-P3-L1SPR-N4R
case_043,3,4,232022,2.920654,rerun:A-P3-L1SPR-N4R
case_044,3,4,30216,5.110107227958697,climb:LNS-N4
case_045,3,4,31878,3.940461,rerun:A-P3-L1SPR-N4R
case_046,3,4,71257,3.8796890130092483,climb:LNS-N4
case_047,3,4,269712,1.2105801744082576,climb:LNS-N4
case_048,3,4,172736,1.2864718414227492,climb:LNS-N4
case_049,3,4,81432,2.410306,rerun:A-P3-L1SPR-N4R
case_050,3,4,78208,1.9139985679214402,climb:LNS-N4
case_051,3,4,188440,3.224517087667162,climb:LNS-N4
case_052,3,4,42904,4.202429,rerun:A-P3-L1SPR-N4R
case_053,3,4,418472,3.519198417098396,climb:LNS-N4
case_054,3,4,303617,2.684471,rerun:A-P3-L1SPR-N4R
case_055,3,4,30624,3.880453239289446,archive:v3_main
case_056,3,4,128944,2.15043,rerun:A-P3-L1SPR-N4R
case_057,3,4,16155,3.697059733828536,climb:LNS-N4
case_058,3,4,1141573,3.9767207178165567,archive:v3_main
case_059,3,4,185216,4.478409,rerun:A-P3-L1SPR-N4R
case_060,3,4,216166,4.11160404503946,archive:v3_main
case_061,3,4,19777,3.9030692218233303,climb:LNS-N4
case_062,3,4,720299,3.963366601925034,climb:LNS-N4
case_063,3,4,275826,3.880697,rerun:A-P3-L1SPR-N4R
case_064,3,4,14839,1.2882269694723365,climb:LNS-N4
case_065,3,4,12814,4.141407835180272,climb:LNS-N4
case_066,3,4,133038,2.699003292292428,climb:LNS-N4
case_067,3,4,15188338,4.202885,rerun:A-P3-L1SPR-N4R
case_068,3,4,172644,2.097351,rerun:A-P3-L1SPR-N4R
case_069,3,4,9715,2.5881626351003604,climb:LNS-N4
case_070,3,4,26523,4.42257663160276,climb:LNS-N4
case_071,3,4,7969,2.374074538837997,climb:LNS-N4
case_072,3,4,6100247,3.9175180939394747,archive:v3_main
case_073,3,4,2130819,4.731339,rerun:A-P3-L1SPR-N4R
case_074,3,4,420761,3.998087,rerun:A-P3-L1SPR-N4R
case_075,3,4,458179,3.146825,rerun:A-P3-L1SPR-N4R
case_076,3,4,1541918,4.011311237043734,archive:v3_main
case_077,3,4,131875,3.755981,rerun:A-P3-L1SPR-N4R
case_078,3,4,524644,4.376573,rerun:A-P3-L1SPR-N4R
case_079,3,4,7486178,4.147945,rerun:A-P3-L1SPR-N4R
case_080,3,4,81477,3.585527,rerun:A-P3-L1SPR-N4R
case_081,3,4,38772,3.915068,rerun:A-P3-L1SPR-N4R
case_082,3,4,238254,3.0263542270014354,climb:LNS-N4
case_083,3,4,214624,4.929519,rerun:A-P3-L1SPR-N4R
case_084,3,4,627384,3.9966145135993267,archive:v2_cpc
case_085,3,4,1010632,3.154362,rerun:A-P3-L1SPR-N4R
case_086,3,4,88575,1.336754163138583,climb:LNS-N4
case_087,3,4,1103037,3.602845,rerun:A-P3-L1SPR-N4R
case_088,3,4,114292,2.1315840128792916,climb:LNS-N4
case_089,3,4,152132,4.555859,rerun:A-P3-L1SPR-N4R
case_090,3,4,255530,4.611447,rerun:A-P3-L1SPR-N4R
case_091,3,4,2290943,4.010038,rerun:A-P3-L1SPR-N4R
case_092,3,4,1005699,4.788266,rerun:A-P3-L1SPR-N4R
case_093,3,4,19207,3.863435,rerun:A-P3-L1SPR-N4R
case_094,3,4,24154,3.928625,rerun:A-P3-L1SPR-N4R
case_095,3,4,523207,3.984757466929915,archive:v3_main
case_096,3,4,27057,3.111727094652031,climb:LNS-N4
case_097,3,4,2626908,4.374538,rerun:A-P3-L1SPR-N4R
case_098,3,4,47105,3.7666914340303577,climb:LNS-N4
case_099,3,4,404180,4.015535157603048,archive:v3_main
case_100,3,4,39365,3.841559761209196,climb:LNS-N4
case_001,3,5,47502,4.9073723211654245,archive:v2_cpc
case_002,3,5,53799,4.868956672057101,audit:gpu_climb_p3
case_003,3,5,221826,2.7147944785552642,audit:gpu_climb_p3
case_004,3,5,88341,4.441392,x2:A-P3-G5TF-X2
case_005,3,5,42227,2.2643806095626022,audit:refined7
case_006,3,5,17685,4.684026010743568,audit:gpu_climb_p3
case_007,3,5,203834,4.967581463347626,archive:v2_cpc
case_008,3,5,95353,5.113683,session:G5TF-X2
case_009,3,5,69415,2.20789454728805,audit:gpu_climb_p3
case_010,3,5,17861,4.869212250153967,audit:gpu_climb_p3
case_011,3,5,39877,4.631667377184844,audit:gpu_climb_p3
case_012,3,5,11868,4.978766430738119,audit:gpu_climb_p3
case_013,3,5,54117,4.877377,session:G5TF-X2
case_014,3,5,3678921,4.810819802871548,audit:audit_B_best
case_015,3,5,38126,4.651996013219326,audit:gpu_climb_p3
case_016,3,5,2240577,3.4435428909606767,audit:refined
case_017,3,5,33345,4.882591,x2:A-P3-G5TF-X2
case_018,3,5,199472,5.0351277372262775,audit:cross_best
case_019,3,5,16310,4.975107296137339,audit:refined
case_020,3,5,107650,4.948871342313051,archive:v3_main
case_021,3,5,1249380,5.256957050697146,archive:v3_main
case_022,3,5,11694,4.855481443475287,audit:cross_best
case_023,3,5,23240,5.27599,session:G5TF-X2
case_024,3,5,743408,3.437335890923961,audit:refined
case_025,3,5,975282,4.986276789687495,audit:refined
case_026,3,5,26861,3.6931983172629463,audit:gpu_climb_p3
case_027,3,5,460949,5.128446,session:G5TF-X2
case_028,3,5,8049671,5.445693,x2:A-P3-G5TF-X2
case_029,3,5,8238,4.558752124302015,audit:gpu_climb_p3
case_030,3,5,562180,4.994902,x2:A-P3-G5TF-X2
case_031,3,5,293041,4.826522568514304,archive:v3_main
case_032,3,5,10370,3.9964320154291224,audit:gpu_climb_p3
case_033,3,5,354075,5.0107914989762055,audit:audit_B_best
case_034,3,5,171673,4.910475147518829,audit:audit_B_best
case_035,3,5,76786,2.2083582944807647,audit:gpu_climb_p3
case_036,3,5,187182,4.976493466252097,archive:v2_cpc
case_037,3,5,43013,4.882268151489085,archive:v2_cpc
case_038,3,5,272527,5.007045,x2:A-P3-G5TF-X2
case_039,3,5,293525,4.889744,session:G5TF-X2
case_040,3,5,98093,2.583813320012641,audit:audit_B_best
case_041,3,5,1211069,4.957568,x2:A-P3-G5TF-X2
case_042,3,5,341698,4.936347,x2:A-P3-G5TF-X2
case_043,3,5,208813,3.245277,session:G5TF-X2
case_044,3,5,35173,4.389929775680209,audit:gpu_climb_p3
case_045,3,5,25867,4.8561487609695755,audit:cross_best
case_046,3,5,63424,4.358838925327952,audit:refined2
case_047,3,5,193167,1.6902887139107612,audit:gpu_climb_p3
case_048,3,5,139917,1.588227306188669,audit:refined6
case_049,3,5,79765,2.4606782423368645,audit:gpu_climb_p3
case_050,3,5,58949,2.5393136439973536,audit:gpu_climb_p3
case_051,3,5,178061,3.412471007126771,audit:gpu_climb_p3
case_052,3,5,34629,5.206647607496607,audit:refined
case_053,3,5,374425,3.933194,x2:A-P3-G5TF-X2
case_054,3,5,273282,2.9824540218528846,audit:gpu_climb_p3
case_055,3,5,23642,5.026436003722189,audit:cross_best
case_056,3,5,127092,2.1817659648128913,audit:gpu_climb_p3
case_057,3,5,12877,4.638192125495069,audit:gpu_climb_p3
case_058,3,5,937354,4.843119035071061,archive:v2_cpc
case_059,3,5,150736,5.502819498991615,archive:v2_cpc
case_060,3,5,178271,4.985606183843698,audit:cross_best
case_061,3,5,16276,4.742627181125584,audit:gpu_climb_p3
case_062,3,5,587612,4.858323179240723,audit:cross_best
case_063,3,5,231697,4.619813808551686,audit:gpu_climb_p3
case_064,3,5,14842,1.2879665813232717,audit:gpu_climb_p3
case_065,3,5,11413,4.6497853325155525,audit:gpu_climb_p3
case_066,3,5,126663,2.834845219203714,audit:gpu_climb_p3
case_067,3,5,12554416,5.084652,x2:A-P3-G5TF-X2
case_068,3,5,157383,2.300724983003247,audit:gpu_climb_p3
case_069,3,5,8767,2.8680278316413825,audit:gpu_climb_p3
case_070,3,5,22568,5.197624955689472,audit:gpu_climb_p3
case_071,3,5,7904,2.3935981781376516,audit:refined2
case_072,3,5,4826790,4.951081,session:G5TF-X2
case_073,3,5,1768210,5.7016,x2:A-P3-G5TF-X2
case_074,3,5,334863,5.023663408617852,audit:audit_B_best
case_075,3,5,421997,3.4166332936016133,audit:gpu_climb_p3
case_076,3,5,1243489,4.974,audit:bxcpu_best
case_077,3,5,108743,4.55496,session:G5TF-X2
case_078,3,5,460816,4.982776,x2:A-P3-G5TF-X2
case_079,3,5,6074334,5.112042077370128,audit:cross_best
case_080,3,5,72044,4.055,audit:bxcpu_best
case_081,3,5,30943,4.905632937982743,archive:v2_cpc
case_082,3,5,205915,3.5016438821843963,audit:gpu_climb_p3
case_083,3,5,198206,5.337845,x2:A-P3-G5TF-X2
case_084,3,5,378550,6.623727380795139,audit:cross_best
case_085,3,5,834161,3.8216831043407686,audit:gpu_climb_p3
case_086,3,5,53159,2.227336857352471,audit:gpu_climb_p3
case_087,3,5,840428,4.728628,x2:A-P3-G5TF-X2
case_088,3,5,101815,2.392800667878014,audit:gpu_climb_p3
case_089,3,5,123062,5.632055,x2:A-P3-G5TF-X2
case_090,3,5,247585,4.759428075206495,archive:v3_main
case_091,3,5,1858021,4.944384,session:G5TF-X2
case_092,3,5,804952,5.982411,x2:A-P3-G5TF-X2
case_093,3,5,15876,4.674036281179139,archive:v2_cpc
case_094,3,5,19895,4.769641,x2:A-P3-G5TF-X2
case_095,3,5,420749,4.955099120853525,archive:v2_cpc
case_096,3,5,25159,3.3464764100321953,audit:gpu_climb_p3
case_097,3,5,2102250,5.46629,x2:A-P3-G5TF-X2
case_098,3,5,44297,4.005463123913583,audit:gpu_climb_p3
case_099,3,5,326552,4.970108895367353,audit:cross_best
case_100,3,5,45611,3.3154940694130803,audit:gpu_climb_p3
