case,Q,pool_sp,compliant_sp,gap,gap_pct
case_001,1,4.9074,4.9074,0.0,0.0
case_002,1,4.3473,1.6823,2.6651,61.3
case_003,1,1.2965,0.8045,0.492,37.95
case_004,1,4.4414,4.3641,0.0773,1.74
case_005,1,1.2569,0.7278,0.5291,42.1
case_006,1,3.0725,0.7759,2.2966,74.75
case_007,1,4.9676,4.8941,0.0735,1.48
case_008,1,4.8468,4.3235,0.5233,10.8
case_009,1,1.7339,0.8265,0.9074,52.33
case_010,1,3.4968,0.9344,2.5624,73.28
case_011,1,3.9398,1.7084,2.2314,56.64
case_012,1,3.8156,1.1419,2.6737,70.07
case_013,1,4.7857,4.7673,0.0183,0.38
case_014,1,4.8739,3.9097,0.9642,19.78
case_015,1,4.0996,1.3068,2.7929,68.12
case_016,1,2.271,0.9396,1.3314,58.63
case_017,1,4.691,1.4931,3.1978,68.17
case_018,1,4.7003,3.7853,0.9151,19.47
case_019,1,4.5098,1.2052,3.3045,73.27
case_020,1,4.9349,1.1827,3.7522,76.03
case_021,1,5.2801,2.8968,2.3833,45.14
case_022,1,4.6798,0.7925,3.8873,83.07
case_023,1,4.6415,1.3643,3.2772,70.61
case_024,1,2.2719,0.9375,1.3344,58.74
case_025,1,4.9457,4.9284,0.0173,0.35
case_026,1,2.4033,0.9173,1.486,61.83
case_027,1,4.2308,3.2489,0.9819,23.21
case_028,1,4.8031,3.2025,1.6007,33.33
case_029,1,3.2253,0.9671,2.2582,70.02
case_030,1,4.8785,4.6031,0.2754,5.64
case_031,1,4.7293,4.5193,0.21,4.44
case_032,1,4.0662,0.9078,3.1585,77.68
case_033,1,4.8272,2.2584,2.5688,53.21
case_034,1,4.7448,3.9122,0.8327,17.55
case_035,1,1.8958,0.8382,1.0576,55.79
case_036,1,4.9765,4.9489,0.0275,0.55
case_037,1,4.8823,1.587,3.2953,67.49
case_038,1,4.6743,4.1756,0.4987,10.67
case_039,1,4.5476,1.4458,3.1018,68.21
case_040,1,2.5216,0.8997,1.6219,64.32
case_041,1,4.9179,4.6972,0.2207,4.49
case_042,1,4.8564,2.8376,2.0188,41.57
case_043,1,3.0895,0.9756,2.1138,68.42
case_044,1,1.7634,1.3409,0.4225,23.96
case_045,1,4.7298,0.5842,4.1456,87.65
case_046,1,2.7562,1.041,1.7152,62.23
case_047,1,1.0717,0.7958,0.2758,25.74
case_048,1,1.0446,0.888,0.1566,14.99
case_049,1,1.5128,0.8724,0.6404,42.33
case_050,1,1.7006,0.8622,0.8384,49.3
case_051,1,2.2719,0.9398,1.332,58.63
case_052,1,4.6767,1.7298,2.9469,63.01
case_053,1,2.7336,0.9519,1.7818,65.18
case_054,1,1.7601,0.8098,0.9503,53.99
case_055,1,4.6631,1.1541,3.5091,75.25
case_056,1,1.1882,0.8207,0.3675,30.93
case_057,1,4.2848,0.8869,3.3979,79.3
case_058,1,4.8133,2.5818,2.2316,46.36
case_059,1,5.5011,2.0595,3.4416,62.56
case_060,1,4.7935,1.3118,3.4817,72.63
case_061,1,3.8995,1.1637,2.7358,70.16
case_062,1,4.4254,1.6345,2.7908,63.06
case_063,1,4.5352,1.6552,2.88,63.5
case_064,1,1.1523,0.5799,0.5725,49.68
case_065,1,4.3363,1.2865,3.0499,70.33
case_066,1,2.4921,0.887,1.605,64.41
case_067,1,4.639,1.0619,3.5771,77.11
case_068,1,1.2836,0.8825,0.4011,31.25
case_069,1,2.2362,0.6439,1.5923,71.21
case_070,1,4.3231,1.4151,2.9081,67.27
case_071,1,1.893,0.5735,1.3195,69.7
case_072,1,4.9002,4.2786,0.6217,12.69
case_073,1,3.1027,1.1946,1.9081,61.5
case_074,1,4.8662,2.5622,2.304,47.35
case_075,1,2.0225,0.9277,1.0948,54.13
case_076,1,4.8004,3.7288,1.0716,22.32
case_077,1,2.7053,1.4812,1.2242,45.25
case_078,1,4.6983,1.0722,3.626,77.18
case_079,1,5.1547,4.7295,0.4252,8.25
case_080,1,2.4761,1.3948,1.0812,43.67
case_081,1,3.4989,1.0492,2.4497,70.01
case_082,1,2.1921,1.033,1.1592,52.88
case_083,1,1.8427,1.1414,0.7013,38.06
case_084,1,6.2153,6.2153,0.0,0.0
case_085,1,2.1703,0.8278,1.3425,61.86
case_086,1,1.2374,0.7206,0.5168,41.77
case_087,1,4.7418,3.4296,1.3122,27.67
case_088,1,1.3908,0.869,0.5217,37.52
case_089,1,4.7011,1.0293,3.6718,78.11
case_090,1,3.4709,1.2504,2.2204,63.97
case_091,1,4.8303,4.3625,0.4679,9.69
case_092,1,2.075,1.3212,0.7538,36.33
case_093,1,4.674,1.574,3.1001,66.33
case_094,1,4.2077,1.2601,2.9476,70.05
case_095,1,4.9539,4.2657,0.6882,13.89
case_096,1,3.1028,0.9729,2.1299,68.65
case_097,1,5.4821,3.2159,2.2662,41.34
case_098,1,2.3118,0.8777,1.4341,62.03
case_099,1,4.8661,3.5519,1.3142,27.01
case_100,1,2.8322,1.0513,1.7809,62.88
case_001,2,4.9074,4.9074,0.0,0.0
case_002,2,4.869,3.7176,1.1513,23.65
case_003,2,2.5581,1.0495,1.5085,58.97
case_004,2,4.6032,4.6032,0.0,0.0
case_005,2,2.0646,1.1322,0.9324,45.16
case_006,2,4.1973,1.8944,2.3029,54.87
case_007,2,5.1386,5.1386,0.0,0.0
case_008,2,7.6328,7.6328,0.0,0.0
case_009,2,1.854,1.1241,0.7299,39.37
case_010,2,4.6416,2.5193,2.1223,45.72
case_011,2,4.6829,3.8941,0.7888,16.84
case_012,2,4.3652,2.6138,1.7514,40.12
case_013,2,4.8774,4.8553,0.0221,0.45
case_014,2,4.9824,4.9699,0.0125,0.25
case_015,2,4.6808,2.0098,2.6711,57.06
case_016,2,3.4438,0.9926,2.4512,71.18
case_017,2,4.9724,2.3846,2.5877,52.04
case_018,2,5.0899,5.0899,0.0,0.0
case_019,2,5.3952,2.3516,3.0436,56.41
case_020,2,4.9738,4.9738,0.0,0.0
case_021,2,5.2575,3.2785,1.979,37.64
case_022,2,4.8721,1.8105,3.0616,62.84
case_023,2,5.276,2.7377,2.5383,48.11
case_024,2,3.4377,1.0495,2.3882,69.47
case_025,2,5.1563,5.1563,0.0,0.0
case_026,2,2.8525,1.6893,1.1632,40.78
case_027,2,5.1284,3.6106,1.5178,29.6
case_028,2,5.4408,4.1809,1.26,23.16
case_029,2,4.4676,2.1367,2.3309,52.17
case_030,2,5.021,5.0131,0.0079,0.16
case_031,2,4.9573,4.8275,0.1298,2.62
case_032,2,3.418,1.9575,1.4604,42.73
case_033,2,5.0108,3.0247,1.9861,39.64
case_034,2,5.1636,5.1636,0.0,0.0
case_035,2,2.1595,1.1991,0.9604,44.47
case_036,2,4.9765,4.9765,0.0,0.0
case_037,2,4.8823,4.0048,0.8774,17.97
case_038,2,4.9743,4.9048,0.0695,1.4
case_039,2,4.6324,2.0942,2.5382,54.79
case_040,2,2.8608,1.1452,1.7156,59.97
case_041,2,5.0156,4.9995,0.0161,0.32
case_042,2,4.926,4.9185,0.0075,0.15
case_043,2,3.534,1.2496,2.2844,64.64
case_044,2,4.1745,1.8919,2.2826,54.68
case_045,2,4.8888,1.0413,3.8475,78.7
case_046,2,3.7159,1.3837,2.3322,62.76
case_047,2,1.6011,1.0308,0.5703,35.62
case_048,2,1.5462,1.1207,0.4255,27.52
case_049,2,2.4378,1.2463,1.1916,48.88
case_050,2,2.5211,1.1533,1.3677,54.25
case_051,2,3.4123,1.103,2.3093,67.68
case_052,2,4.8347,3.2065,1.6282,33.68
case_053,2,3.6853,1.2033,2.482,67.35
case_054,2,2.9038,1.1702,1.7337,59.7
case_055,2,4.3448,2.1633,2.1815,50.21
case_056,2,2.2243,1.0949,1.1293,50.77
case_057,2,4.6614,1.9462,2.7152,58.25
case_058,2,5.0081,3.8445,1.1636,23.23
case_059,2,5.5011,3.1674,2.3338,42.42
case_060,2,4.9533,1.9939,2.9594,59.75
case_061,2,4.0497,2.3051,1.7446,43.08
case_062,2,4.8583,2.0781,2.7803,57.23
case_063,2,4.7133,2.795,1.9183,40.7
case_064,2,1.2816,0.8923,0.3893,30.38
case_065,2,5.1638,2.4648,2.6989,52.27
case_066,2,2.8459,1.2468,1.5991,56.19
case_067,2,5.0707,1.3718,3.6989,72.95
case_068,2,2.1571,1.0926,1.0645,49.35
case_069,2,2.8188,1.2577,1.5611,55.38
case_070,2,4.7995,2.1442,2.6553,55.32
case_071,2,2.4966,1.171,1.3255,53.09
case_072,2,5.0888,5.084,0.0048,0.1
case_073,2,5.4365,1.6297,3.8068,70.02
case_074,2,5.0069,3.287,1.7199,34.35
case_075,2,3.3719,1.0743,2.2976,68.14
case_076,2,5.0406,5.022,0.0186,0.37
case_077,2,4.6021,1.8961,2.706,58.8
case_078,2,4.808,1.5799,3.2281,67.14
case_079,2,5.1912,5.1849,0.0063,0.12
case_080,2,3.1312,2.9704,0.1608,5.14
case_081,2,4.8384,2.1435,2.6949,55.7
case_082,2,3.4459,1.4024,2.0435,59.3
case_083,2,5.2699,1.5855,3.6844,69.91
case_084,2,8.8344,8.8344,0.0,0.0
case_085,2,3.7565,1.0129,2.7436,73.04
case_086,2,2.0358,1.1043,0.9315,45.76
case_087,2,4.6542,4.6376,0.0167,0.36
case_088,2,2.3699,1.1356,1.2343,52.08
case_089,2,5.6321,1.4791,4.153,73.74
case_090,2,4.2589,1.8919,2.3669,55.58
case_091,2,4.9701,4.9458,0.0243,0.49
case_092,2,5.9689,3.1585,2.8104,47.08
case_093,2,4.674,3.907,0.7671,16.41
case_094,2,4.7696,2.4111,2.3586,49.45
case_095,2,7.904,7.904,0.0,0.0
case_096,2,3.4766,1.6952,1.7815,51.24
case_097,2,5.466,3.3083,2.1578,39.48
case_098,2,3.418,1.3214,2.0966,61.34
case_099,2,4.9629,4.9013,0.0616,1.24
case_100,2,2.9126,1.5793,1.3333,45.78
case_001,3,4.9074,4.9074,0.0,0.0
case_003,3,2.715,1.0402,1.6748,61.69
case_004,3,4.6032,4.6032,0.0,0.0
case_005,3,2.2644,1.0979,1.1665,51.52
case_007,3,5.1386,5.1386,0.0,0.0
case_008,3,7.6328,7.6328,0.0,0.0
case_009,3,2.2165,1.1231,1.0934,49.33
case_010,3,4.655,2.6972,1.9578,42.06
case_011,3,4.6829,3.8316,0.8513,18.18
case_012,3,4.3909,2.6967,1.6941,38.58
case_013,3,4.9038,4.8774,0.0265,0.54
case_014,3,4.8046,4.9886,-0.184,-3.83
case_016,3,3.4438,0.9751,2.4687,71.69
case_017,3,4.9724,2.4382,2.5342,50.97
case_018,3,5.0525,5.0525,0.0,0.0
case_019,3,4.9751,2.4772,2.4979,50.21
case_020,3,4.9489,4.9741,-0.0252,-0.51
case_021,3,5.257,3.2117,2.0453,38.91
case_022,3,4.8721,1.8241,3.048,62.56
case_025,3,5.1563,5.1563,0.0,0.0
case_029,3,4.5715,2.421,2.1505,47.04
case_030,3,5.004,5.004,0.0,0.0
case_031,3,4.9573,4.8937,0.0636,1.28
case_032,3,4.0762,2.1022,1.974,48.43
case_033,3,5.0108,2.9888,2.022,40.35
case_035,3,2.2083,1.2322,0.9762,44.2
case_036,3,4.9765,4.9765,0.0,0.0
case_037,3,4.8823,3.9926,0.8897,18.22
case_038,3,5.0311,5.0311,0.0,0.0
case_039,3,4.8897,2.2293,2.6604,54.41
case_040,3,2.863,1.1083,1.7547,61.29
case_041,3,5.0028,5.0028,0.0,0.0
case_042,3,4.9396,4.9396,0.0,0.0
case_043,3,3.5424,1.2365,2.3059,65.09
case_044,3,4.2219,1.9705,2.2514,53.33
case_046,3,4.3588,1.4536,2.9052,66.65
case_047,3,1.6915,1.0214,0.6701,39.62
case_048,3,1.6172,1.1226,0.4946,30.58
case_049,3,2.4599,1.1913,1.2686,51.57
case_053,3,3.9332,1.2074,2.7258,69.3
case_054,3,2.9825,1.1411,1.8414,61.74
case_056,3,2.235,1.0992,1.1358,50.82
case_057,3,4.6614,2.0575,2.6038,55.86
case_058,3,4.8431,4.6512,0.1919,3.96
case_059,3,5.5028,3.2848,2.218,40.31
case_060,3,4.9856,2.0245,2.9611,59.39
case_061,3,4.0537,2.3306,1.7231,42.51
case_062,3,4.8583,2.0426,2.8157,57.96
case_064,3,1.3043,0.9997,0.3046,23.35
case_065,3,5.1638,2.4497,2.7141,52.56
case_068,3,2.2753,1.0955,1.1797,51.85
case_069,3,2.9132,1.2739,1.6393,56.27
case_070,3,4.8046,2.1612,2.6434,55.02
case_071,3,2.4933,1.0837,1.4095,56.53
case_072,3,5.0734,5.0734,0.0,0.0
case_073,3,5.7016,1.5546,4.147,72.73
case_074,3,5.0237,3.2645,1.7592,35.02
case_075,3,3.4158,1.0771,2.3387,68.47
case_076,3,5.0278,5.0278,0.0,0.0
case_077,3,4.6569,1.8471,2.8098,60.34
case_078,3,5.0616,1.5688,3.4928,69.01
case_079,3,5.1776,5.1776,0.0,0.0
case_080,3,4.2853,3.5408,0.7445,17.37
case_082,3,3.4986,1.4001,2.0985,59.98
case_083,3,5.3378,1.5296,3.8082,71.34
case_084,3,8.8344,8.8344,0.0,0.0
case_086,3,2.2243,1.1041,1.1202,50.36
case_087,3,4.7286,4.6818,0.0468,0.99
case_089,3,5.6321,1.4887,4.1433,73.57
case_090,3,4.7594,1.8756,2.8838,60.59
case_091,3,4.9543,4.9543,0.0,0.0
case_092,3,5.9824,4.319,1.6634,27.8
case_093,3,4.674,4.0721,0.602,12.88
case_094,3,4.7696,2.3833,2.3864,50.03
case_095,3,7.904,7.904,0.0,0.0
case_096,3,3.4766,1.6334,1.8433,53.02
case_097,3,5.4663,3.2971,2.1692,39.68
case_099,3,4.9785,4.9785,0.0,0.0
AVG,1,3.6508,1.9634,1.6874,46.22
AVG,2,4.3132,2.7965,1.5167,35.16
AVG,3,4.4302,3.0276,1.4026,31.66
