用例,N,Makespan_无L2(cycles),额外搬运_无L2(bytes),Makespan_只读Cache(cycles),额外搬运_只读Cache(bytes),Cache命中率(次数),Cache命中率(字节),相对加速比(无L2/Cache)
case_001,2,116868,1152,116868,1152,0.0,,1.0
case_001,3,78545,2304,78545,2304,0.0,,1.0
case_001,4,58984,3456,58984,3456,0.0,,1.0
case_001,5,47502,4608,47502,4608,0.0,,1.0
case_003,2,588284,3380226,588183,2659012,0.027054874398866537,,1.0001717152654872
case_003,3,583601,3650080,580283,3708914,0.0309296967119147,,1.0057178997144496
case_003,4,577588,4129640,587649,3392932,0.07829084509505166,,0.9828792357342563
case_004,2,196032,110592,196032,110592,0.0,,1.0
case_004,3,131412,221184,131412,221184,0.0,,1.0
case_004,4,101428,331776,101428,331776,0.0,,1.0
case_004,5,85236,442368,85236,442368,0.0,,1.0
case_005,2,86528,1477796,88098,1209284,0.03030904130859979,,0.982178937092783
case_005,3,86122,1686696,85153,2045254,0.054824567890643716,,1.0113795168696347
case_005,4,86198,1721354,82870,1754824,0.04985744353719156,,1.0401592856280921
case_005,5,84455,1807914,87095,1875982,0.04482929305349312,,0.9696882714277513
case_007,2,490814,27648,490814,27648,0.0,,1.0
case_007,3,326994,55296,326994,55296,0.0,,1.0
case_007,4,246058,82944,246058,82944,0.0,,1.0
case_007,5,197052,110592,197052,110592,0.0,,1.0
case_008,2,138382,3096576,138382,3096576,0.0,,1.0
case_008,3,102159,0,102159,0,0.0,,1.0
case_008,4,78180,0,78180,0,0.0,,1.0
case_008,5,63883,0,63883,0,0.0,,1.0
case_009,2,137160,1037648,134935,987262,0.11438656981412015,,1.0164894208322526
case_009,3,135486,1288138,137742,761672,0.13921429102456534,,0.9836215533388509
case_009,4,137007,1208444,136842,1098232,0.1404770560708331,,1.0012057701582848
case_009,5,136345,1288060,137140,916290,0.15663329137062168,,0.9942030042292548
case_010,2,48785,1209432,47013,1246084,0.16553734061930783,,1.0376917022951098
case_010,3,39222,1243836,38576,1482452,0.15282062582635522,,1.016746163417669
case_010,4,36191,1273768,34781,1275200,0.19682811485039647,,1.0405393749460912
case_010,5,34521,1326644,32244,1374880,0.2536901070353458,,1.0706177893561593
case_011,2,104448,1474560,104219,1441792,0.18258426966292135,,1.0021972960784502
case_011,3,72242,1581056,74272,2076672,0.34935897435897434,,0.9726680310211115
case_011,4,57483,1552384,53463,1351680,0.25675675675675674,,1.0751921889905167
case_011,5,47430,1818624,48204,1732608,0.2642857142857143,,0.9839432412247946
case_012,2,28700,674130,29705,433786,0.0851962773850048,,0.9661673119003534
case_012,3,24045,605768,23811,608130,0.14282920346475395,,1.0098273907017765
case_012,4,22812,498872,21729,551198,0.12168701103939758,,1.0498412260113212
case_012,5,22606,524312,21911,584998,0.13378680985288097,,1.0317192277851308
case_013,2,132198,8192,132198,8192,0.0,,1.0
case_013,3,88351,16384,88351,16384,0.0,,1.0
case_013,4,66982,24576,66946,24576,0.009,,1.0005377468407373
case_013,5,54363,32768,54117,32768,0.00597609561752988,,1.0045457065247518
case_014,2,8767493,114495672,8777338,,,,0.9988783615260116
case_014,3,5853492,114274488,5869126,,,,0.9973362303007296
case_014,4,4419860,115880256,4428525,,,,0.998043366583682
case_014,5,3561169,114667704,3561091,,,,1.0000219033998288
case_016,2,7869875,47056556,7959790,,,,0.9887038477145754
case_016,3,7780250,50071032,7932472,,,,0.9808102694847205
case_016,4,7760660,50988356,7913679,,,,0.9806639870027581
case_016,5,7773325,52168268,7912675,,,,0.9823890150928731
case_017,2,85299,1125974,79938,1418072,0.15489060999356788,,1.0670644749681002
case_017,3,66656,1165148,70119,1269472,0.1862696491586223,,0.9506125301273549
case_017,4,69105,1307374,65695,1412762,0.239195723168897,,1.051906537788264
case_017,5,68275,1295012,66776,1592766,0.18382292181711044,,1.0224481849766383
case_018,2,492804,3768704,492391,,,,1.000838764315351
case_018,3,330175,4269440,327087,,,,1.0094409132738384
case_018,4,247708,3985408,249402,,,,0.9932077529450446
case_018,5,197324,4501504,198788,,,,0.9926353703442864
case_019,2,39526,751640,39641,603900,0.15099385588417247,,0.9970989631946722
case_019,3,38097,562468,35549,928624,0.12281176734889025,,1.0716757152099918
case_019,4,35203,946916,33937,845996,0.14593726477337485,,1.0373044170079855
case_019,5,34506,1044392,32756,1059956,0.16143575295406984,,1.0534253266577116
case_020,2,266580,0,266580,0,0.0,,1.0
case_020,3,177888,0,177888,0,0.0,,1.0
case_020,4,133725,0,133642,0,0.0,,1.0006210622409122
case_020,5,107111,0,107104,0,0.0,,1.0000653570361517
case_021,2,4161129,90009600,4180864,,,,0.9952796838165509
case_021,3,2976212,85460992,3031803,,,,0.9816640461138141
case_021,4,2383020,82903040,2412075,,,,0.9879543546531513
case_021,5,2003332,80703488,2045035,,,,0.9796076839760689
case_022,2,36133,987688,34966,929496,0.1787259179700611,,1.0333752788423038
case_022,3,33675,1036372,30753,983882,0.12423724352105674,,1.0950151204760512
case_022,4,32712,1022962,31291,1228528,0.24106969572236878,,1.045412418906395
case_022,5,31361,1108058,31127,1315504,0.23890166038471536,,1.007517589231214
case_025,2,2351860,27648,2351860,27648,0.0,,1.0
case_025,3,1568824,55296,1568824,55296,0.0,,1.0
case_025,4,1177424,82944,1177424,82944,0.0,,1.0
case_025,5,943120,110592,943120,110592,0.0,,1.0
case_029,2,21781,383756,21218,279102,0.2316627489244689,,1.0265340748421152
case_029,3,18177,316438,16907,502750,0.2645861093737253,,1.0751168155201987
case_029,4,17514,441332,16456,519266,0.31075287761334275,,1.0642926592124453
case_029,5,17576,437396,15512,412770,0.3305589224623285,,1.1330582774626097
case_030,2,1398423,10409984,1400330,,,,0.9986381781437232
case_030,3,932374,10641408,934206,,,,0.9980389764141956
case_030,4,700618,10828800,699443,,,,1.0016799081554895
case_030,5,560143,9288704,561153,,,,0.9982001343662067
case_031,2,693691,5936640,693071,,,,1.0008945692432665
case_031,3,465481,6259200,466311,,,,0.9982200720120263
case_031,4,355927,6632448,355806,,,,1.000340072961108
case_031,5,292980,6469632,289017,,,,1.0137119961801555
case_032,2,23981,382270,23407,551448,0.1298212858553228,,1.0245225787157688
case_032,3,21440,452656,20514,371516,0.26635243930178876,,1.0451399044554939
case_032,4,20597,598494,21513,602578,0.2903134832153842,,0.9574210942220983
case_032,5,21171,565018,19714,739696,0.2555946467435788,,1.0739068682154813
case_033,2,1220814,32015624,1209842,,,,1.0090689528054075
case_033,3,872593,30721020,875109,,,,0.9971249295802008
case_033,4,693066,29515412,695169,,,,0.9969748363347618
case_033,5,586570,29604060,593623,,,,0.988118721815024
case_035,2,140969,1328438,142364,1234756,0.1763430342739398,,0.990201174454216
case_035,3,140641,1580216,138913,1770728,0.17325870682211322,,1.012439440513127
case_035,4,141740,1696372,141311,1807358,0.21837604142964062,,1.0030358570811897
case_035,5,141412,1711080,137622,1938590,0.21262327727696897,,1.0275392015811426
case_036,2,466068,1152,466068,1152,0.0,,1.0
case_036,3,311345,2304,311345,2304,0.0,,1.0
case_036,4,233584,3456,233584,3456,0.0,,1.0
case_036,5,187182,4608,187182,4608,0.0,,1.0
case_037,2,121555,2328576,120770,1996800,0.23536165327210104,,1.0064999585989898
case_037,3,83265,2271232,81155,1996800,0.3753943217665615,,1.0259996303370094
case_037,4,67151,2607104,64591,2590720,0.43226919758412424,,1.0396340047375021
case_037,5,52437,2471936,52598,2777088,0.476,,0.9969390471120575
case_038,2,667379,7690752,668479,,,,0.9983544733641595
case_038,3,446530,7726592,449678,,,,0.992999435151375
case_038,4,336930,8570880,339044,,,,0.9937648210851688
case_038,5,278208,8380416,271223,,,,1.0257537155772187
case_039,2,1088260,42717184,1084826,,,,1.0031654846030609
case_039,3,816333,40550400,804317,,,,1.0149393833525837
case_039,4,720607,37773312,681348,,,,1.0576196011436152
case_039,5,685349,35930112,643817,,,,1.0645090142074534
case_040,2,234052,3534740,230317,,,,1.016216779482192
case_040,3,228839,4314516,231895,,,,0.9868216218547188
case_040,4,226754,5458764,236854,,,,0.9573576971467656
case_040,5,221311,5806872,228694,,,,0.9677166869266356
case_041,2,2976003,39257088,2972518,,,,1.0011724066935843
case_041,3,1983587,40350720,1983545,,,,1.0000211742108196
case_041,4,1494037,42095616,1489142,,,,1.0032871277554458
case_041,5,1200910,41069568,1200116,,,,1.0006616027117379
case_042,2,829876,9278028,840490,,,,0.987371652250473
case_042,3,556473,9730476,568023,,,,0.9796663163287402
case_042,4,423530,10009164,431677,,,,0.981127092710522
case_042,5,342935,10126188,341473,,,,1.0042814512421188
case_043,2,559429,7493514,577531,,,,0.9686562279773726
case_043,3,556356,6481122,565553,,,,0.9837380404665875
case_043,4,546662,8911066,554543,,,,0.9857882977514818
case_043,5,542277,9585074,548034,,,,0.9894951773065175
case_044,2,74170,481024,74837,319008,0.00439150401836969,,0.9910872963908227
case_044,3,79084,443520,75607,373376,0.09142918535628912,,1.0459878053619374
case_044,4,77726,529280,76535,638720,0.10629949690681945,,1.0155615078068858
case_044,5,81614,755008,78361,640544,0.1375732652675364,,1.04151299753704
case_046,2,193823,1378624,191031,1377952,0.04726672600504376,,1.014615428909444
case_046,3,185537,1784064,194281,1280384,0.07163524272395469,,0.9549930255660616
case_046,4,184580,2334944,187648,2378720,0.16610788157361092,,0.983650238744884
case_046,5,199795,2317632,190180,2289856,0.17129857180974314,,1.0505573667052266
case_047,2,314479,1639332,317855,1508740,0.006321688723469722,,0.9893788048009312
case_047,3,316446,1841480,319126,1389288,0.002171805044069255,,0.9916020631349373
case_047,4,317155,2590734,319810,2069804,0.010546017589164881,,0.9916981958037585
case_047,5,316747,2341678,319665,2072368,0.017014332283197698,,0.9908716938044515
case_048,2,196768,310342,197277,399654,9.835356138245766e-06,,0.9974198715511692
case_048,3,196413,437706,198773,470826,0.0004119994052339413,,0.9881271601273814
case_048,4,196982,595280,196568,540750,0.01763947869380583,,1.002106141386187
case_048,5,198289,463028,197950,648914,0.019589118178571816,,1.0017125536751705
case_049,2,166342,3063720,167024,2082464,0.00992589752352691,,0.9959167544783983
case_049,3,167114,2706240,164350,2702020,0.05395102196954207,,1.0168177669607545
case_049,4,167161,3028044,164824,3154952,0.06295676423181186,,1.0141787603747028
case_049,5,157493,3563906,164754,3409366,0.10210192653567982,,0.9559282323949646
case_050,2,132226,1802470,132179,2205998,0.10182464119749418,,1.0003555784201728
case_050,3,125052,2411874,128100,2566218,0.1379090485310125,,0.9762060889929742
case_053,2,1257311,5322982,1271951,,,,0.988490122654096
case_053,3,1257961,8501846,1269400,,,,0.9909886560579801
case_053,4,1225593,10528208,1256148,,,,0.9756756369472387
case_053,5,1223885,8571140,1219708,,,,1.0034245901478058
case_054,2,706108,6918452,729245,,,,0.9682726655650707
case_054,3,703443,7644566,713684,,,,0.9856505119913015
case_054,4,703840,8184348,707557,,,,0.9947467129856676
case_054,5,696525,8061756,714273,,,,0.9751523577119673
case_055,2,59668,1228124,61091,1144970,0.2051638107821064,,0.9767068799004763
case_055,3,57773,1405762,54798,1638010,0.2265847490916233,,1.054290302565787
case_055,4,57708,1577694,56631,1727498,0.23506903576813815,,1.0190178524129894
case_056,2,258662,1835510,254483,2465174,0.055464398665409635,,1.016421529139471
case_056,3,249333,3218600,252806,3640650,0.052136598902469446,,0.9862621931441501
case_056,4,247920,3191054,252051,2937590,0.040922020482800456,,0.9836104597879001
case_056,5,253243,2844924,252271,4000670,0.052463548665469414,,1.0038529993538694
case_057,2,36147,508604,33839,604070,0.33802806010006364,,1.0682053252164663
case_057,3,32676,698618,30171,781038,0.2937798751141033,,1.0830267475390276
case_057,4,30737,710008,29248,721274,0.366587189388025,,1.0509094638949672
case_057,5,30689,734324,29028,1091196,0.3437517024246284,,1.057220614579027
case_058,2,2225937,70852608,2234572,,,,0.9961357253201061
case_058,3,1511744,69693440,1510562,,,,1.0007824902254923
case_058,4,1218276,61169664,1150348,,,,1.0590499570564733
case_058,5,1180821,61427712,976029,,,,1.2098216343981583
case_059,2,473578,12279808,476541,,,,0.993782276865999
case_059,3,359777,13930496,361796,,,,0.9944195071255625
case_059,4,292444,13012992,291506,,,,1.0032177725329838
case_059,5,261882,13463552,252520,,,,1.0370742911452557
case_060,2,706050,22868864,699883,,,,1.0088114727747353
case_060,3,550939,23139632,576789,,,,0.9551829178434401
case_060,4,482360,21394496,472859,,,,1.0200926703309021
case_060,5,445744,21693704,439006,,,,1.0153483095903018
case_061,2,48742,943372,48505,693476,0.14575058909732805,,1.004886094217091
case_061,3,38696,830006,38679,689784,0.10984435979033276,,1.0004395149822902
case_061,4,36439,838438,34614,883898,0.17759051416022462,,1.05272433119547
case_061,5,33487,676180,33121,800824,0.17641819979078494,,1.0110503909906101
case_062,2,2271280,78835200,2271280,,,,1.0
case_062,3,1616011,74285568,1743330,,,,0.9269679291929812
case_062,4,1480418,70986240,1486404,,,,0.9959728310741898
case_062,5,1373777,67167744,1397634,,,,0.9829304381547672
case_064,2,17944,26406,19098,58342,0.027363486942229256,,0.9395748245889622
case_064,3,20032,40652,20354,74568,0.024816450380645335,,0.9841800137565098
case_064,4,20711,45418,20222,46028,0.004023321627058543,,1.0241815844130155
case_064,5,21424,93552,19121,37930,0.035348803689824154,,1.120443491449192
case_065,2,28626,290460,28754,286640,0.14273257763766853,,0.9955484454336788
case_065,3,24137,540710,22948,689288,0.16557959131290373,,1.0518127941432804
case_065,4,22567,738298,22652,792786,0.15551124128060584,,0.996247571958326
case_065,5,21530,703886,21663,713920,0.15642777627426965,,0.9938604994691409
case_068,2,334721,1748084,340896,,,,0.9818859710879565
case_068,3,329865,2385912,332801,,,,0.9911779111240652
case_068,4,329041,2074182,336645,,,,0.9774124077292103
case_068,5,331401,2827566,330519,,,,1.0026685304021856
case_069,2,18965,340770,19801,319588,0.11386060108799824,,0.9577799101055502
case_069,3,19700,516262,19936,439718,0.14078779171710087,,0.9881621187800963
case_069,4,20115,557414,20634,528168,0.10952262618988452,,0.9748473393428322
case_069,5,19992,617414,19738,662150,0.16198247074881322,,1.0128685783767353
case_070,2,64217,881684,66740,881700,0.10530286279151438,,0.9621965837578663
case_070,3,53350,961944,53502,1197984,0.11013502021141465,,0.997158984710852
case_070,4,54626,1098448,53557,996526,0.1955706488590171,,1.0199600425714659
case_070,5,54706,1317710,54276,1240936,0.17591811474446295,,1.007922470336797
case_071,2,17292,195586,16494,145892,0.07227605816372398,,1.0483812295380137
case_071,3,16305,274788,16816,287076,0.1099750299716701,,0.9696122740247384
case_071,4,16336,266726,17706,352644,0.09686008875838366,,0.9226250988365525
case_071,5,16156,315238,17457,437640,0.17704831054389011,,0.9254740218823395
case_072,2,11638658,137667248,11658097,,,,0.998332575205027
case_072,3,7768793,139223728,7788745,,,,0.9974383549596244
case_072,4,5877941,138363704,5853605,,,,1.0041574380232352
case_072,5,4700607,139379376,4710456,,,,0.9979091196266349
case_073,2,6770361,23363968,6869271,,,,0.9856010921682956
case_073,3,6319607,23361280,6499778,,,,0.9722804378857247
case_073,4,6027437,10810496,6380247,,,,0.9447027677768588
case_073,5,6186039,12883456,6485076,,,,0.9538884355403082
case_074,2,980196,21747572,1001260,,,,0.9789625072408765
case_074,3,712638,21511904,724479,,,,0.9836558409560525
case_074,4,585163,23149980,589924,,,,0.9919294688807372
case_074,5,511781,22222972,515312,,,,0.9931478405315615
case_075,2,1342722,2418820,1332199,2643108,0.015526637805069878,,1.007898970048769
case_075,3,1337104,3214058,1345382,2730954,0.028788743415052307,,0.9938471006747526
case_075,4,1334738,4700718,1335335,3646510,0.018707069429344417,,0.9995529211770829
case_075,5,1342036,3800114,1338575,3133330,0.019066133269588163,,1.0025855854173282
case_076,2,3054488,42439680,3053917,,,,1.0001869729923898
case_076,3,2039503,43232256,2038617,,,,1.000434608364396
case_076,4,1532024,36966400,1530679,,,,1.0008786950105149
case_076,5,1231593,37777408,1230171,,,,1.0011559368575589
case_077,2,341779,3482496,342662,,,,0.9974231166572307
case_077,3,293053,4742248,293055,,,,0.9999931753425125
case_077,4,267365,4268660,267677,,,,0.9988344161059785
case_077,5,261236,4974020,268167,,,,0.9741541651284461
case_079,2,14861976,65871872,14882860,,,,0.9985967750822087
case_079,3,9915264,68192256,9929006,,,,0.9986159742475732
case_079,4,7439001,68065280,7454091,,,,0.9979756082934861
case_079,5,5989000,69828608,5997436,,,,0.9985933989124686
case_080,2,172930,4739072,171541,,,,1.0080971895931585
case_080,3,129395,4820992,121731,,,,1.0629584904420402
case_080,4,111573,4575232,93913,,,,1.1880463833548072
case_080,5,98350,3874816,82507,,,,1.1920200710242768
case_082,2,569461,3691628,579899,3855492,0.009806730018089387,,0.9820003138477562
case_082,3,533665,4726058,535085,5315656,0.09457251948259392,,0.9973462160217536
case_082,5,514156,6314028,515001,6467596,0.13819757678701647,,0.9983592264869389
case_083,2,697585,8778848,725776,7532544,0.05648134771329686,,0.961157437005357
case_083,3,673747,11191968,714073,11210176,0.04073596494876808,,0.9435267822757617
case_083,4,681276,10924960,713250,9757344,0.07631669430848266,,0.9551713985278654
case_083,5,667281,10916256,691667,10207584,0.11205228681142768,,0.9647431495213737
case_084,2,704876,967680,704876,967680,0.0,,1.0
case_084,3,469788,967680,469788,967680,0.0,,1.0
case_084,4,354468,0,354468,0,0.0,,1.0
case_084,5,283824,0,283824,0,0.0,,1.0
case_086,2,105386,2018756,105346,1963780,3.06979642644998e-06,,1.0003797011751752
case_086,3,108545,1829800,106791,2023524,0.04193126564669009,,1.0164246050697157
case_086,4,108839,2463500,108694,2477320,0.036590109409413624,,1.0013340202771082
case_086,5,107223,2532490,107244,2350380,0.03860523535158197,,0.9998041848495021
case_087,2,1946747,10979728,1947559,,,,0.9995830678300375
case_087,3,1304221,11564944,1333353,,,,0.9781513222679965
case_087,4,1016600,12127120,1042693,,,,0.9749753762612773
case_087,5,856933,12104080,848827,,,,1.0095496491039988
case_088,2,217511,1119238,218247,1102782,0.029612053054893905,,0.9966276741490147
case_088,3,215027,2156522,221124,1745270,0.05530301656115656,,0.9724272353973337
case_089,2,511396,3173104,506200,4807464,0.03523329701997048,,1.0102647175029633
case_089,3,472729,5106920,465581,5943504,0.02849218474556352,,1.0153528601897415
case_089,4,482973,6157904,467127,5169784,0.0735393668328737,,1.033922252406733
case_089,5,468605,6711936,465553,7326448,0.09411632232287424,,1.006555644577524
case_090,2,651669,1856040,683081,2079792,0.16211452540682342,,0.954014238428532
case_090,3,655566,3076152,663421,2428104,0.2379669641019885,,0.9881598562602028
case_090,4,640463,3065880,655194,3183600,0.26297672685017703,,0.9775165828746906
case_090,5,622841,2921184,628251,2573280,0.12791267772817588,,0.9913887920592247
case_091,2,4563908,75952512,4565702,,,,0.9996070702818537
case_091,3,3044932,74619904,3053690,,,,0.9971319944067669
case_091,4,2300970,75621792,2297631,,,,1.0014532359634771
case_091,5,1857500,76097536,1854298,,,,1.0017267990366165
case_092,2,2526908,66415808,2217680,,,,1.1394376104758126
case_092,3,1997132,66838176,1552367,,,,1.2865076364029897
case_092,4,1697676,67233824,1314478,,,,1.2915210448558287
case_092,5,1524634,67033696,1114964,,,,1.3674289035341052
case_093,2,40131,327680,40099,253952,0.00872093023255814,,1.0007980248884012
case_093,3,28280,348160,27978,421888,0.01808785529715762,,1.0107941954392736
case_093,4,22211,516096,22091,565248,0.02358490566037736,,1.0054320764112081
case_093,5,18993,389120,18223,364544,0.029177718832891247,,1.0422542940240356
case_094,2,55408,913388,56070,1116172,0.1569787323179607,,0.9881933297663634
case_094,3,44940,1029720,44564,1342912,0.16767822240510236,,1.0084373036531729
case_094,4,41354,1208292,41432,1654120,0.20177973147622222,,0.998117397180923
case_094,5,39357,1242260,39816,1519596,0.187796571337936,,0.9884719710669078
case_095,2,614312,8404992,614312,8404992,0.0,,1.0
case_095,3,434655,0,434655,0,0.0,,1.0
case_095,4,328582,0,328582,0,0.0,,1.0
case_095,5,263772,0,263772,0,0.0,,1.0
case_096,2,52302,1265556,54323,1020068,0.16456540171439066,,0.9627966054893875
case_096,3,50683,1164504,50365,1198544,0.20943214629451395,,1.0063139084681822
case_096,4,49281,1397468,50858,1822092,0.22109463956046385,,0.9689920956388376
case_096,5,49667,1410640,51546,1706644,0.22385095438718952,,0.9635471229581345
case_097,2,6688757,121321472,6853620,,,,0.9759451209725664
case_097,3,4882213,122540032,4899419,,,,0.9964881550240957
case_097,4,4028403,125122560,4064257,,,,0.9911782153539995
case_097,5,3473570,127944704,3485375,,,,0.9966129899939031
case_099,2,800338,8503296,800049,,,,1.0003612278747926
case_099,3,535480,8720384,536068,,,,0.9989031242305081
case_099,4,406099,9228288,403098,,,,1.0074448397163964
case_099,5,331136,9510912,326002,,,,1.015748369641904
