用例,Q,N,wall_s,预算占用率,采样数,精修评估数
case_001,1,2,480.0,1.0,256,10378
case_001,1,3,480.0,1.0,256,10163
case_001,1,4,480.0,1.0,256,10288
case_001,1,5,480.0,1.0,256,10324
case_001,2,2,480.0,1.0,256,8130
case_001,2,3,480.1,1.0,256,8031
case_001,2,4,480.0,1.0,256,8230
case_001,2,5,480.0,1.0,256,8157
case_001,3,2,480.0,1.0,256,8211
case_001,3,3,480.0,1.0,256,8224
case_001,3,4,480.1,1.0,256,7988
case_001,3,5,480.0,1.0,256,8290
case_002,1,2,480.3,1.001,256,1387
case_002,1,3,480.2,1.0,256,1391
case_002,1,4,480.1,1.0,256,1338
case_002,1,5,480.2,1.0,256,1317
case_002,2,2,480.2,1.0,256,2283
case_002,2,3,480.1,1.0,256,2294
case_002,2,4,480.1,1.0,256,2156
case_002,2,5,480.2,1.0,256,2178
case_003,1,2,480.5,1.001,80,128
case_003,1,3,482.4,1.005,66,110
case_003,1,4,482.2,1.005,81,130
case_003,1,5,480.0,1.0,66,100
case_003,2,2,480.9,1.002,148,224
case_003,2,3,480.6,1.001,161,241
case_003,2,4,481.0,1.002,159,227
case_003,2,5,480.5,1.001,139,198
case_003,3,2,480.3,1.001,156,232
case_003,3,3,480.9,1.002,148,224
case_003,3,4,481.1,1.002,162,251
case_004,1,2,480.0,1.0,256,6931
case_004,1,3,480.0,1.0,256,6735
case_004,1,4,480.1,1.0,256,6928
case_004,1,5,480.0,1.0,256,6804
case_004,2,2,480.0,1.0,256,7387
case_004,2,3,480.1,1.0,256,7695
case_004,2,4,480.0,1.0,256,7498
case_004,2,5,480.0,1.0,256,7711
case_004,3,2,480.1,1.0,256,7452
case_004,3,3,480.0,1.0,256,7562
case_004,3,4,480.0,1.0,256,7459
case_004,3,5,480.0,1.0,256,7578
case_005,1,2,480.0,1.0,256,651
case_005,1,3,480.4,1.001,256,647
case_005,1,4,480.3,1.001,256,650
case_005,1,5,480.5,1.001,256,627
case_005,2,2,480.3,1.001,256,1137
case_005,2,3,480.2,1.0,256,997
case_005,2,4,480.2,1.0,256,1008
case_005,2,5,480.3,1.001,256,1011
case_005,3,2,480.3,1.001,256,1140
case_005,3,3,480.4,1.001,256,981
case_005,3,4,480.3,1.001,256,967
case_005,3,5,480.4,1.001,256,982
case_006,1,2,480.0,1.0,256,5063
case_006,1,3,480.1,1.0,256,4043
case_006,1,4,480.1,1.0,256,4153
case_006,1,5,480.0,1.0,256,3932
case_006,2,2,480.0,1.0,256,6862
case_006,2,3,480.0,1.0,256,6886
case_006,2,4,480.0,1.0,256,6490
case_006,2,5,480.1,1.0,256,6318
case_007,1,2,480.0,1.0,256,825
case_007,1,3,480.3,1.001,256,861
case_007,1,4,480.2,1.0,256,833
case_007,1,5,480.1,1.0,256,826
case_007,2,2,480.4,1.001,256,1118
case_007,2,3,480.2,1.0,256,1126
case_007,2,4,480.2,1.0,256,1222
case_007,2,5,480.1,1.0,256,1184
case_007,3,2,480.2,1.0,256,1090
case_007,3,3,480.2,1.0,256,1126
case_007,3,4,480.4,1.001,256,1179
case_007,3,5,480.2,1.0,256,1188
case_008,1,2,480.0,1.0,256,5745
case_008,1,3,480.0,1.0,256,5685
case_008,1,4,480.0,1.0,256,5690
case_008,1,5,480.0,1.0,256,5614
case_008,2,2,480.1,1.0,256,4777
case_008,2,3,480.1,1.0,256,4971
case_008,2,4,480.1,1.0,256,5371
case_008,2,5,480.1,1.0,256,5115
case_008,3,2,480.0,1.0,256,5027
case_008,3,3,480.1,1.0,256,5337
case_008,3,4,480.1,1.0,256,5384
case_008,3,5,480.0,1.0,256,5337
case_009,1,2,480.3,1.001,221,377
case_009,1,3,480.5,1.001,226,387
case_009,1,4,480.8,1.002,221,378
case_009,1,5,480.4,1.001,223,377
case_009,2,2,480.2,1.0,256,645
case_009,2,3,480.4,1.001,256,685
case_009,2,4,480.0,1.0,256,682
case_009,2,5,480.1,1.0,256,674
case_009,3,2,480.1,1.0,256,662
case_009,3,3,480.2,1.0,256,712
case_009,3,4,480.3,1.001,256,673
case_009,3,5,480.2,1.0,256,680
case_010,1,2,480.0,1.0,256,4682
case_010,1,3,480.1,1.0,256,4214
case_010,1,4,480.1,1.0,256,3442
case_010,1,5,480.0,1.0,256,3509
case_010,2,2,480.0,1.0,256,6898
case_010,2,3,480.0,1.0,256,6938
case_010,2,4,480.0,1.0,256,6811
case_010,2,5,480.1,1.0,256,6706
case_010,3,2,480.0,1.0,256,7274
case_010,3,3,480.0,1.0,256,6797
case_010,3,4,480.0,1.0,256,6686
case_010,3,5,480.0,1.0,256,6642
case_011,1,2,480.0,1.0,256,3957
case_011,1,3,480.1,1.0,256,3665
case_011,1,4,480.0,1.0,256,3544
case_011,1,5,480.0,1.0,256,3493
case_011,2,2,480.0,1.0,256,6641
case_011,2,3,480.0,1.0,256,6668
case_011,2,4,480.1,1.0,256,6594
case_011,2,5,480.0,1.0,256,6250
case_011,3,2,480.0,1.0,256,6640
case_011,3,3,480.0,1.0,256,6162
case_011,3,4,480.1,1.0,256,6749
case_011,3,5,480.0,1.0,256,6460
case_012,1,2,480.1,1.0,256,2945
case_012,1,3,480.0,1.0,256,2788
case_012,1,4,480.1,1.0,256,2681
case_012,1,5,480.1,1.0,256,2355
case_012,2,2,480.1,1.0,256,4299
case_012,2,3,480.0,1.0,256,4175
case_012,2,4,480.1,1.0,256,4075
case_012,2,5,480.1,1.0,256,4194
case_012,3,2,480.0,1.0,256,4520
case_012,3,3,480.0,1.0,256,4343
case_012,3,4,480.0,1.0,256,4308
case_012,3,5,480.1,1.0,256,4126
case_013,1,2,480.1,1.0,256,2563
case_013,1,3,480.1,1.0,256,2579
case_013,1,4,480.0,1.0,256,2545
case_013,1,5,480.1,1.0,256,2540
case_013,2,2,480.1,1.0,256,1938
case_013,2,3,480.0,1.0,256,2097
case_013,2,4,480.1,1.0,256,1921
case_013,2,5,480.0,1.0,256,2061
case_013,3,2,480.1,1.0,256,2082
case_013,3,3,480.2,1.0,256,2016
case_013,3,4,480.1,1.0,256,2031
case_013,3,5,480.2,1.0,256,2003
case_014,1,2,492.4,1.026,0,2
case_014,1,3,494.2,1.03,0,2
case_014,1,4,514.6,1.072,0,2
case_014,1,5,534.1,1.113,0,2
case_014,2,2,480.2,1.0,15,28
case_014,2,3,485.4,1.011,20,38
case_014,2,4,480.7,1.001,24,42
case_014,2,5,483.6,1.008,28,48
case_014,3,2,488.5,1.018,2,10
case_014,3,3,489.7,1.02,4,12
case_014,3,4,487.2,1.015,5,14
case_014,3,5,498.6,1.039,6,15
case_015,1,2,480.1,1.0,256,2939
case_015,1,3,480.1,1.0,256,2986
case_015,1,4,480.1,1.0,256,2760
case_015,1,5,480.1,1.0,256,2730
case_015,2,2,480.1,1.0,256,4079
case_015,2,3,480.0,1.0,256,4006
case_015,2,4,480.1,1.0,256,4007
case_015,2,5,480.1,1.0,256,3831
case_016,1,2,482.2,1.005,45,73
case_016,1,3,480.7,1.001,43,68
case_016,1,4,480.4,1.001,43,68
case_016,1,5,482.3,1.005,43,67
case_016,2,2,480.4,1.001,92,146
case_016,2,3,480.5,1.001,105,167
case_016,2,4,481.1,1.002,109,171
case_016,2,5,480.7,1.001,108,172
case_016,3,2,480.2,1.0,24,49
case_016,3,3,485.1,1.011,24,64
case_016,3,4,482.4,1.005,24,73
case_016,3,5,481.6,1.003,24,79
case_017,1,2,480.0,1.0,256,2387
case_017,1,3,480.0,1.0,256,2043
case_017,1,4,480.1,1.0,256,1977
case_017,1,5,480.2,1.0,256,1960
case_017,2,2,480.0,1.0,256,3167
case_017,2,3,480.0,1.0,256,3026
case_017,2,4,480.1,1.0,256,2980
case_017,2,5,480.0,1.0,256,2938
case_017,3,2,480.1,1.0,256,2894
case_017,3,3,480.2,1.0,256,3013
case_017,3,4,480.0,1.0,256,2900
case_017,3,5,480.1,1.0,256,2826
case_018,1,2,480.6,1.001,256,784
case_018,1,3,480.2,1.0,256,814
case_018,1,4,480.3,1.001,256,842
case_018,1,5,480.6,1.001,256,845
case_018,2,2,480.0,1.0,256,1619
case_018,2,3,480.2,1.0,256,1677
case_018,2,4,480.0,1.0,256,1714
case_018,2,5,480.2,1.0,256,1732
case_018,3,2,480.4,1.001,24,812
case_018,3,3,480.2,1.0,24,869
case_018,3,4,480.5,1.001,24,839
case_018,3,5,480.4,1.001,24,879
case_019,1,2,480.1,1.0,256,4417
case_019,1,3,480.0,1.0,256,4217
case_019,1,4,480.0,1.0,256,4095
case_019,1,5,480.1,1.0,256,3757
case_019,2,2,480.0,1.0,256,7821
case_019,2,3,480.0,1.0,256,7845
case_019,2,4,480.0,1.0,256,7088
case_019,2,5,480.0,1.0,256,6982
case_019,3,2,480.1,1.0,256,7600
case_019,3,3,480.1,1.0,256,7213
case_019,3,4,480.0,1.0,256,7281
case_019,3,5,480.1,1.0,256,7062
case_020,1,2,480.5,1.001,109,226
case_020,1,3,480.8,1.002,109,228
case_020,1,4,480.7,1.001,110,237
case_020,1,5,480.1,1.0,113,232
case_020,2,2,480.6,1.001,256,600
case_020,2,3,480.4,1.001,256,630
case_020,2,4,480.5,1.001,256,672
case_020,2,5,480.3,1.001,256,647
case_020,3,2,480.4,1.001,256,610
case_020,3,3,480.1,1.0,256,634
case_020,3,4,480.1,1.0,256,643
case_020,3,5,480.3,1.001,256,654
case_021,1,2,480.1,1.0,256,485
case_021,1,3,480.7,1.001,256,465
case_021,1,4,480.7,1.001,256,454
case_021,1,5,480.5,1.001,256,459
case_021,2,2,480.6,1.001,168,264
case_021,2,3,480.5,1.001,211,331
case_021,2,4,480.7,1.001,237,382
case_021,2,5,480.1,1.0,256,412
case_021,3,2,480.8,1.002,24,197
case_021,3,3,480.8,1.002,24,207
case_021,3,4,480.8,1.002,24,212
case_021,3,5,480.7,1.001,24,219
case_022,1,2,480.0,1.0,256,2445
case_022,1,3,480.2,1.0,256,2156
case_022,1,4,480.1,1.0,256,2145
case_022,1,5,480.1,1.0,256,2150
case_022,2,2,480.1,1.0,256,3325
case_022,2,3,480.1,1.0,256,3147
case_022,2,4,480.0,1.0,256,3129
case_022,2,5,480.1,1.0,256,3298
case_022,3,2,480.1,1.0,256,3538
case_022,3,3,480.1,1.0,256,3375
case_022,3,4,480.1,1.0,256,3265
case_022,3,5,480.1,1.0,256,3229
case_023,1,2,480.1,1.0,256,3062
case_023,1,3,480.2,1.0,256,2835
case_023,1,4,480.1,1.0,256,2724
case_023,1,5,480.1,1.0,256,2631
case_023,2,2,480.1,1.0,256,4959
case_023,2,3,480.1,1.0,256,4894
case_023,2,4,480.0,1.0,256,4561
case_023,2,5,480.1,1.0,256,4592
case_024,1,2,480.5,1.001,225,371
case_024,1,3,480.4,1.001,221,363
case_024,1,4,480.4,1.001,222,361
case_024,1,5,480.8,1.002,221,359
case_024,2,2,480.5,1.001,256,690
case_024,2,3,480.4,1.001,256,747
case_024,2,4,480.1,1.0,256,748
case_024,2,5,480.2,1.0,256,776
case_025,1,2,482.1,1.004,31,108
case_025,1,3,484.2,1.009,31,104
case_025,1,4,482.4,1.005,27,72
case_025,1,5,491.8,1.025,27,70
case_025,2,2,480.7,1.001,100,159
case_025,2,3,480.7,1.001,97,154
case_025,2,4,481.5,1.003,103,166
case_025,2,5,480.4,1.001,101,162
case_025,3,2,480.1,1.0,97,155
case_025,3,3,481.6,1.003,98,157
case_025,3,4,480.5,1.001,103,164
case_025,3,5,480.8,1.002,104,168
case_026,1,2,480.1,1.0,256,5637
case_026,1,3,480.0,1.0,256,4782
case_026,1,4,480.0,1.0,256,4528
case_026,1,5,480.0,1.0,256,4961
case_026,2,2,480.0,1.0,256,7654
case_026,2,3,480.0,1.0,256,7505
case_026,2,4,480.1,1.0,256,7510
case_026,2,5,480.0,1.0,256,7265
case_027,1,2,480.2,1.0,256,1782
case_027,1,3,480.1,1.0,256,1664
case_027,1,4,480.2,1.0,256,1656
case_027,1,5,480.1,1.0,256,1653
case_027,2,2,480.1,1.0,256,2060
case_027,2,3,480.1,1.0,256,2227
case_027,2,4,480.2,1.0,256,2218
case_027,2,5,480.0,1.0,256,2213
case_028,1,2,486.7,1.014,5,13
case_028,1,3,485.3,1.011,5,15
case_028,1,4,500.0,1.042,5,14
case_028,1,5,493.3,1.028,5,13
case_028,2,2,480.8,1.002,94,146
case_028,2,3,480.3,1.001,100,156
case_028,2,4,481.4,1.003,104,164
case_028,2,5,480.6,1.001,103,163
case_029,1,2,480.1,1.0,256,3215
case_029,1,3,480.1,1.0,256,3071
case_029,1,4,480.0,1.0,256,2962
case_029,1,5,480.1,1.0,256,2878
case_029,2,2,480.0,1.0,256,4909
case_029,2,3,480.0,1.0,256,4670
case_029,2,4,480.0,1.0,256,4565
case_029,2,5,480.1,1.0,256,4316
case_029,3,2,480.0,1.0,256,4940
case_029,3,3,480.1,1.0,256,4570
case_029,3,4,480.1,1.0,256,4407
case_029,3,5,480.1,1.0,256,4509
case_030,1,2,480.9,1.002,81,182
case_030,1,3,481.1,1.002,85,176
case_030,1,4,480.2,1.0,83,162
case_030,1,5,481.9,1.004,87,171
case_030,2,2,481.1,1.002,154,232
case_030,2,3,480.8,1.002,166,258
case_030,2,4,480.8,1.002,176,269
case_030,2,5,480.7,1.001,185,301
case_030,3,2,483.3,1.007,24,115
case_030,3,3,482.9,1.006,24,133
case_030,3,4,482.2,1.005,24,156
case_030,3,5,481.5,1.003,24,146
case_031,1,2,480.3,1.001,214,373
case_031,1,3,480.0,1.0,208,357
case_031,1,4,480.6,1.001,211,366
case_031,1,5,480.6,1.001,210,365
case_031,2,2,480.3,1.001,256,665
case_031,2,3,480.4,1.001,256,649
case_031,2,4,480.3,1.001,256,679
case_031,2,5,480.0,1.0,256,683
case_031,3,2,481.4,1.003,24,282
case_031,3,3,480.2,1.0,24,313
case_031,3,4,481.5,1.003,24,293
case_031,3,5,480.4,1.001,24,333
case_032,1,2,480.1,1.0,256,3662
case_032,1,3,480.1,1.0,256,3434
case_032,1,4,480.1,1.0,256,3305
case_032,1,5,480.1,1.0,256,3263
case_032,2,2,480.1,1.0,256,5770
case_032,2,3,480.0,1.0,256,5641
case_032,2,4,480.0,1.0,256,5103
case_032,2,5,480.0,1.0,256,5218
case_032,3,2,480.0,1.0,256,5671
case_032,3,3,480.0,1.0,256,5518
case_032,3,4,480.1,1.0,256,5195
case_032,3,5,480.0,1.0,256,4979
case_033,1,2,480.4,1.001,256,550
case_033,1,3,480.4,1.001,256,550
case_033,1,4,480.0,1.0,256,551
case_033,1,5,480.5,1.001,256,541
case_033,2,2,480.3,1.001,229,361
case_033,2,3,480.0,1.0,256,505
case_033,2,4,480.2,1.0,256,628
case_033,2,5,480.3,1.001,256,695
case_033,3,2,481.3,1.003,24,288
case_033,3,3,480.3,1.001,24,297
case_033,3,4,481.0,1.002,24,303
case_033,3,5,480.8,1.002,24,305
case_034,1,2,480.2,1.0,256,645
case_034,1,3,480.2,1.0,256,651
case_034,1,4,480.5,1.001,256,627
case_034,1,5,480.4,1.001,256,649
case_034,2,2,480.2,1.0,256,1109
case_034,2,3,480.2,1.0,256,1157
case_034,2,4,480.4,1.001,256,1174
case_034,2,5,480.1,1.0,256,1154
case_035,1,2,480.1,1.0,256,609
case_035,1,3,480.2,1.0,256,638
case_035,1,4,480.3,1.001,256,609
case_035,1,5,480.4,1.001,256,641
case_035,2,2,480.2,1.0,256,1075
case_035,2,3,480.0,1.0,256,1086
case_035,2,4,480.2,1.0,256,1137
case_035,2,5,480.1,1.0,256,1110
case_035,3,2,480.3,1.001,256,1180
case_035,3,3,480.1,1.0,256,1138
case_035,3,4,480.3,1.001,256,1128
case_035,3,5,480.1,1.0,256,1105
case_036,1,2,480.1,1.0,256,2067
case_036,1,3,480.2,1.0,256,2004
case_036,1,4,480.3,1.001,256,2019
case_036,1,5,480.1,1.0,256,2026
case_036,2,2,480.2,1.0,256,1603
case_036,2,3,480.2,1.0,256,1627
case_036,2,4,480.2,1.0,256,1639
case_036,2,5,480.2,1.0,256,1643
case_036,3,2,480.0,1.0,256,1619
case_036,3,3,480.1,1.0,256,1611
case_036,3,4,480.1,1.0,256,1638
case_036,3,5,480.2,1.0,256,1609
case_037,1,2,480.1,1.0,256,3515
case_037,1,3,480.1,1.0,256,3330
case_037,1,4,480.1,1.0,256,3265
case_037,1,5,480.1,1.0,256,3210
case_037,2,2,480.1,1.0,256,5329
case_037,2,3,480.1,1.0,256,5411
case_037,2,4,480.0,1.0,256,5153
case_037,2,5,480.0,1.0,256,5094
case_037,3,2,480.1,1.0,256,5422
case_037,3,3,480.0,1.0,256,5486
case_037,3,4,480.0,1.0,256,5196
case_037,3,5,480.1,1.0,256,4907
case_038,1,2,480.5,1.001,188,345
case_038,1,3,480.6,1.001,186,347
case_038,1,4,480.2,1.0,172,314
case_038,1,5,480.8,1.002,170,316
case_038,2,2,480.5,1.001,256,485
case_038,2,3,480.2,1.0,256,550
case_038,2,4,480.2,1.0,256,582
case_038,2,5,480.5,1.001,256,580
case_038,3,2,480.5,1.001,24,251
case_038,3,3,480.0,1.0,24,275
case_038,3,4,480.9,1.002,24,288
case_038,3,5,480.1,1.0,24,302
case_039,1,2,481.3,1.003,179,300
case_039,1,3,480.6,1.001,183,305
case_039,1,4,480.9,1.002,186,304
case_039,1,5,480.7,1.001,174,288
case_039,2,2,480.7,1.001,102,164
case_039,2,3,480.1,1.0,128,200
case_039,2,4,480.5,1.001,159,261
case_039,2,5,480.1,1.0,177,290
case_039,3,2,481.4,1.003,24,138
case_039,3,3,481.5,1.003,24,153
case_039,3,4,481.7,1.004,24,155
case_039,3,5,480.3,1.001,24,157
case_040,1,2,480.2,1.0,256,930
case_040,1,3,480.4,1.001,256,892
case_040,1,4,480.4,1.001,256,876
case_040,1,5,480.0,1.0,256,872
case_040,2,2,480.2,1.0,256,1414
case_040,2,3,480.2,1.0,256,1378
case_040,2,4,480.2,1.0,256,1380
case_040,2,5,480.0,1.0,256,1397
case_040,3,2,480.2,1.0,32,591
case_040,3,3,480.0,1.0,32,680
case_040,3,4,480.2,1.0,32,678
case_040,3,5,480.1,1.0,32,643
case_041,1,2,485.3,1.011,38,79
case_041,1,3,480.8,1.002,44,89
case_041,1,4,482.5,1.005,45,81
case_041,1,5,484.6,1.01,38,78
case_041,2,2,480.5,1.001,73,117
case_041,2,3,482.1,1.004,78,127
case_041,2,4,481.1,1.002,90,143
case_041,2,5,481.6,1.003,91,143
case_041,3,2,480.1,1.0,19,36
case_041,3,3,485.5,1.011,23,44
case_041,3,4,485.1,1.011,24,46
case_041,3,5,480.5,1.001,24,49
case_042,1,2,481.5,1.003,138,285
case_042,1,3,480.5,1.001,139,262
case_042,1,4,480.0,1.0,141,282
case_042,1,5,480.2,1.0,137,285
case_042,2,2,480.4,1.001,256,721
case_042,2,3,480.3,1.001,256,767
case_042,2,4,480.1,1.0,256,783
case_042,2,5,480.3,1.001,256,765
case_042,3,2,480.5,1.001,24,341
case_042,3,3,480.4,1.001,24,370
case_042,3,4,481.0,1.002,24,385
case_042,3,5,480.9,1.002,24,381
case_043,1,2,480.2,1.0,112,186
case_043,1,3,480.9,1.002,131,213
case_043,1,4,481.6,1.003,114,191
case_043,1,5,481.4,1.003,114,202
case_043,2,2,480.6,1.001,187,277
case_043,2,3,480.9,1.002,202,314
case_043,2,4,480.1,1.0,187,282
case_043,2,5,480.2,1.0,210,322
case_043,3,2,482.3,1.005,24,123
case_043,3,3,481.5,1.003,24,128
case_043,3,4,483.2,1.007,24,127
case_043,3,5,482.8,1.006,24,131
case_044,1,2,480.1,1.0,256,3009
case_044,1,3,480.1,1.0,256,3018
case_044,1,4,480.1,1.0,256,2963
case_044,1,5,480.0,1.0,256,2973
case_044,2,2,480.1,1.0,256,4155
case_044,2,3,480.1,1.0,256,4102
case_044,2,4,480.0,1.0,256,4179
case_044,2,5,480.0,1.0,256,4018
case_044,3,2,480.0,1.0,256,4204
case_044,3,3,480.1,1.0,256,4285
case_044,3,4,480.1,1.0,256,4079
case_044,3,5,480.0,1.0,256,4172
case_045,1,2,480.2,1.0,256,2049
case_045,1,3,480.1,1.0,256,1893
case_045,1,4,480.1,1.0,256,1912
case_045,1,5,480.1,1.0,256,1796
case_045,2,2,480.2,1.0,256,2142
case_045,2,3,480.1,1.0,256,2455
case_045,2,4,480.0,1.0,256,2433
case_045,2,5,480.0,1.0,256,2606
case_046,1,2,480.1,1.0,256,4049
case_046,1,3,480.1,1.0,256,3959
case_046,1,4,480.1,1.0,256,3979
case_046,1,5,480.2,1.0,256,3891
case_046,2,2,480.1,1.0,256,5418
case_046,2,3,480.0,1.0,256,5332
case_046,2,4,480.1,1.0,256,5003
case_046,2,5,480.1,1.0,256,5225
case_046,3,2,480.1,1.0,256,5390
case_046,3,3,480.0,1.0,256,5412
case_046,3,4,480.1,1.0,256,4895
case_046,3,5,480.0,1.0,256,5182
case_047,1,2,481.4,1.003,82,129
case_047,1,3,480.5,1.001,74,117
case_047,1,4,480.9,1.002,80,128
case_047,1,5,480.2,1.0,74,124
case_047,2,2,480.8,1.002,164,239
case_047,2,3,480.6,1.001,160,242
case_047,2,4,480.7,1.001,160,239
case_047,2,5,480.1,1.0,157,233
case_047,3,2,480.9,1.002,167,250
case_047,3,3,480.0,1.0,160,248
case_047,3,4,481.0,1.002,157,233
case_047,3,5,480.7,1.001,157,234
case_048,1,2,480.2,1.0,256,1887
case_048,1,3,480.2,1.0,256,1848
case_048,1,4,480.2,1.0,256,1701
case_048,1,5,480.1,1.0,256,1821
case_048,2,2,480.1,1.0,256,3334
case_048,2,3,480.1,1.0,256,3277
case_048,2,4,480.1,1.0,256,3126
case_048,2,5,480.1,1.0,256,3091
case_048,3,2,480.1,1.0,256,3223
case_048,3,3,480.1,1.0,256,3242
case_048,3,4,480.2,1.0,256,3188
case_048,3,5,480.1,1.0,256,3050
case_049,1,2,480.2,1.0,256,558
case_049,1,3,480.3,1.001,256,544
case_049,1,4,480.5,1.001,256,553
case_049,1,5,480.5,1.001,256,549
case_049,2,2,480.1,1.0,256,959
case_049,2,3,480.3,1.001,256,980
case_049,2,4,480.2,1.0,256,957
case_049,2,5,480.0,1.0,256,902
case_049,3,2,480.1,1.0,256,1030
case_049,3,3,480.3,1.001,256,937
case_049,3,4,480.1,1.0,256,906
case_049,3,5,480.2,1.0,256,910
case_050,1,2,480.1,1.0,256,516
case_050,1,3,480.0,1.0,256,514
case_050,1,4,480.3,1.001,256,504
case_050,1,5,480.6,1.001,256,494
case_050,2,2,480.0,1.0,256,898
case_050,2,3,480.2,1.0,256,859
case_050,2,4,480.3,1.001,256,821
case_050,2,5,480.4,1.001,256,807
case_050,3,2,480.1,1.0,256,831
case_050,3,3,480.0,1.0,256,809
case_051,1,2,480.2,1.0,256,3027
case_051,1,3,480.1,1.0,256,2970
case_051,1,4,480.0,1.0,256,2936
case_051,1,5,480.1,1.0,256,2909
case_051,2,2,480.1,1.0,256,4273
case_051,2,3,480.1,1.0,256,4074
case_051,2,4,480.1,1.0,256,4068
case_051,2,5,480.1,1.0,256,4089
case_052,1,2,480.0,1.0,256,2873
case_052,1,3,480.1,1.0,256,2637
case_052,1,4,480.1,1.0,256,2296
case_052,1,5,480.2,1.0,256,2209
case_052,2,2,480.1,1.0,256,4401
case_052,2,3,480.0,1.0,256,4211
case_052,2,4,480.1,1.0,256,3922
case_052,2,5,480.0,1.0,256,3854
case_053,1,2,481.5,1.003,95,154
case_053,1,3,480.3,1.001,86,132
case_053,1,4,481.7,1.004,91,134
case_053,1,5,480.3,1.001,100,154
case_053,2,2,480.8,1.002,168,248
case_053,2,3,480.6,1.001,174,256
case_053,2,4,480.5,1.001,160,223
case_053,2,5,480.8,1.002,160,237
case_053,3,2,481.3,1.003,24,84
case_053,3,3,481.5,1.003,24,85
case_053,3,4,480.1,1.0,24,85
case_053,3,5,481.4,1.003,24,87
case_054,1,2,480.3,1.001,63,99
case_054,1,3,481.5,1.003,66,106
case_054,1,4,482.5,1.005,64,106
case_054,1,5,480.5,1.001,63,103
case_054,2,2,480.4,1.001,100,158
case_054,2,3,481.0,1.002,105,162
case_054,2,4,480.0,1.0,113,174
case_054,2,5,481.0,1.002,115,177
case_054,3,2,482.2,1.005,24,41
case_054,3,3,485.6,1.012,22,37
case_054,3,4,486.0,1.012,23,41
case_054,3,5,481.7,1.004,24,55
case_055,1,2,480.1,1.0,256,2576
case_055,1,3,480.0,1.0,256,2435
case_055,1,4,480.2,1.0,256,2451
case_055,1,5,480.1,1.0,256,2241
case_055,2,2,480.0,1.0,256,3649
case_055,2,3,480.1,1.0,256,3541
case_055,2,4,480.0,1.0,256,3596
case_055,2,5,480.1,1.0,256,3407
case_055,3,2,480.1,1.0,256,3731
case_055,3,3,480.1,1.0,256,3593
case_055,3,4,480.1,1.0,256,3513
case_056,1,2,480.5,1.001,173,300
case_056,1,3,480.9,1.002,160,267
case_056,1,4,481.0,1.002,172,290
case_056,1,5,480.3,1.001,164,279
case_056,2,2,480.7,1.001,256,450
case_056,2,3,480.5,1.001,256,421
case_056,2,4,480.5,1.001,256,422
case_056,2,5,480.3,1.001,256,454
case_056,3,2,480.1,1.0,256,453
case_056,3,3,480.4,1.001,256,409
case_056,3,4,480.3,1.001,256,413
case_056,3,5,480.0,1.0,256,429
case_057,1,2,480.0,1.0,256,3324
case_057,1,3,480.0,1.0,256,3185
case_057,1,4,480.1,1.0,256,3012
case_057,1,5,480.1,1.0,256,3087
case_057,2,2,480.1,1.0,256,5722
case_057,2,3,480.0,1.0,256,5395
case_057,2,4,480.1,1.0,256,5271
case_057,2,5,480.0,1.0,256,5112
case_057,3,2,480.1,1.0,256,6009
case_057,3,3,480.0,1.0,256,5624
case_057,3,4,480.1,1.0,256,5422
case_057,3,5,480.1,1.0,256,5225
case_058,1,2,481.2,1.002,49,100
case_058,1,3,481.3,1.003,44,91
case_058,1,4,480.9,1.002,43,89
case_058,1,5,481.9,1.004,46,88
case_058,2,2,481.9,1.004,89,138
case_058,2,3,481.1,1.002,92,144
case_058,2,4,481.5,1.003,92,152
case_058,2,5,480.1,1.0,95,153
case_058,3,2,481.8,1.004,16,32
case_058,3,3,482.1,1.004,21,40
case_058,3,4,486.3,1.013,21,40
case_058,3,5,484.8,1.01,21,41
case_059,1,2,480.1,1.0,256,772
case_059,1,3,480.4,1.001,256,747
case_059,1,4,480.2,1.0,256,717
case_059,1,5,480.0,1.0,256,699
case_059,2,2,480.1,1.0,256,816
case_059,2,3,480.3,1.001,256,906
case_059,2,4,480.2,1.0,256,1021
case_059,2,5,480.3,1.001,256,1068
case_059,3,2,480.8,1.002,24,490
case_059,3,3,480.2,1.0,24,478
case_059,3,4,480.2,1.0,24,487
case_059,3,5,480.0,1.0,24,471
case_060,1,2,480.8,1.002,207,342
case_060,1,3,480.6,1.001,192,315
case_060,1,4,480.7,1.001,202,323
case_060,1,5,480.0,1.0,202,323
case_060,2,2,480.6,1.001,130,215
case_060,2,3,480.4,1.001,176,300
case_060,2,4,480.6,1.001,204,343
case_060,2,5,480.2,1.0,217,363
case_060,3,2,482.5,1.005,24,167
case_060,3,3,481.0,1.002,24,178
case_060,3,4,480.7,1.001,24,188
case_060,3,5,481.5,1.003,24,186
case_061,1,2,480.1,1.0,256,2787
case_061,1,3,480.1,1.0,256,2682
case_061,1,4,480.1,1.0,256,2535
case_061,1,5,480.1,1.0,256,2570
case_061,2,2,480.0,1.0,256,3999
case_061,2,3,480.1,1.0,256,4003
case_061,2,4,480.0,1.0,256,3851
case_061,2,5,480.0,1.0,256,4101
case_061,3,2,480.0,1.0,256,4255
case_061,3,3,480.1,1.0,256,3908
case_061,3,4,480.1,1.0,256,3819
case_061,3,5,480.0,1.0,256,3895
case_062,1,2,484.3,1.009,42,71
case_062,1,3,482.5,1.005,43,73
case_062,1,4,481.7,1.004,45,73
case_062,1,5,484.0,1.008,42,70
case_062,2,2,490.0,1.021,5,15
case_062,2,3,482.5,1.005,11,25
case_062,2,4,485.2,1.011,17,35
case_062,2,5,485.1,1.011,24,44
case_062,3,2,482.5,1.005,5,13
case_062,3,3,490.1,1.021,6,17
case_062,3,4,491.4,1.024,5,15
case_062,3,5,487.8,1.016,8,20
case_063,1,2,480.4,1.001,130,187
case_063,1,3,481.7,1.004,122,179
case_063,1,4,480.6,1.001,151,233
case_063,1,5,480.5,1.001,136,215
case_063,2,2,480.6,1.001,79,136
case_063,2,3,480.0,1.0,119,201
case_063,2,4,480.5,1.001,134,235
case_063,2,5,480.8,1.002,165,277
case_064,1,2,480.0,1.0,256,4386
case_064,1,3,480.1,1.0,256,4281
case_064,1,4,480.1,1.0,256,4088
case_064,1,5,480.1,1.0,256,4220
case_064,2,2,480.0,1.0,256,7495
case_064,2,3,480.0,1.0,256,6991
case_064,2,4,480.0,1.0,256,6702
case_064,2,5,480.0,1.0,256,6515
case_064,3,2,480.0,1.0,256,7091
case_064,3,3,480.0,1.0,256,6884
case_064,3,4,480.0,1.0,256,6796
case_064,3,5,480.0,1.0,256,7018
case_065,1,2,480.1,1.0,256,4822
case_065,1,3,480.0,1.0,256,4073
case_065,1,4,480.1,1.0,256,3961
case_065,1,5,480.0,1.0,256,4095
case_065,2,2,480.0,1.0,256,7038
case_065,2,3,480.0,1.0,256,6595
case_065,2,4,480.1,1.0,256,6182
case_065,2,5,480.0,1.0,256,6171
case_065,3,2,480.0,1.0,256,7175
case_065,3,3,480.1,1.0,256,6378
case_065,3,4,480.0,1.0,256,6601
case_065,3,5,480.0,1.0,256,6495
case_066,1,2,480.2,1.0,196,337
case_066,1,3,480.5,1.001,217,369
case_066,1,4,480.3,1.001,210,355
case_066,1,5,480.9,1.002,218,358
case_066,2,2,480.4,1.001,256,556
case_066,2,3,480.5,1.001,256,544
case_066,2,4,480.3,1.001,256,507
case_066,2,5,480.3,1.001,256,518
case_067,1,2,480.9,1.002,139,225
case_067,1,3,480.0,1.0,146,250
case_067,1,4,481.0,1.002,146,242
case_067,1,5,481.0,1.002,148,247
case_067,2,2,481.5,1.003,129,211
case_067,2,3,480.4,1.001,149,212
case_067,2,4,481.3,1.003,172,237
case_067,2,5,480.7,1.001,196,241
case_068,1,2,480.2,1.0,242,415
case_068,1,3,480.2,1.0,225,393
case_068,1,4,480.3,1.001,246,422
case_068,1,5,480.1,1.0,165,300
case_068,2,2,480.4,1.001,256,724
case_068,2,3,480.1,1.0,256,730
case_068,2,4,480.4,1.001,256,689
case_068,2,5,480.5,1.001,256,667
case_068,3,2,480.0,1.0,24,321
case_068,3,3,480.7,1.001,24,319
case_068,3,4,480.8,1.002,24,313
case_068,3,5,481.2,1.002,24,306
case_069,1,2,480.1,1.0,256,3365
case_069,1,3,480.1,1.0,256,3201
case_069,1,4,480.1,1.0,256,2903
case_069,1,5,480.0,1.0,256,2696
case_069,2,2,480.1,1.0,256,5484
case_069,2,3,480.1,1.0,256,4841
case_069,2,4,480.0,1.0,256,4829
case_069,2,5,480.1,1.0,256,4462
case_069,3,2,480.0,1.0,256,5936
case_069,3,3,480.0,1.0,256,5686
case_069,3,4,480.1,1.0,256,5315
case_069,3,5,480.1,1.0,256,4966
case_070,1,2,480.1,1.0,256,2657
case_070,1,3,480.0,1.0,256,2612
case_070,1,4,480.1,1.0,256,2469
case_070,1,5,480.0,1.0,256,2336
case_070,2,2,480.1,1.0,256,4003
case_070,2,3,480.1,1.0,256,4072
case_070,2,4,480.1,1.0,256,3741
case_070,2,5,480.0,1.0,256,3545
case_070,3,2,480.0,1.0,256,4180
case_070,3,3,480.0,1.0,256,3805
case_070,3,4,480.1,1.0,256,3737
case_070,3,5,480.1,1.0,256,3558
case_071,1,2,480.0,1.0,256,5388
case_071,1,3,480.0,1.0,256,5137
case_071,1,4,480.0,1.0,256,4424
case_071,1,5,480.1,1.0,256,4347
case_071,2,2,480.1,1.0,256,8259
case_071,2,3,480.0,1.0,256,7717
case_071,2,4,480.0,1.0,256,7653
case_071,2,5,480.0,1.0,256,7501
case_071,3,2,480.1,1.0,256,8341
case_071,3,3,480.0,1.0,256,7964
case_071,3,4,480.0,1.0,256,6969
case_071,3,5,480.0,1.0,256,6991
case_072,1,2,491.2,1.023,0,7
case_072,1,3,501.3,1.044,0,7
case_072,1,4,488.8,1.018,0,5
case_072,1,5,498.4,1.038,0,5
case_072,2,2,481.8,1.004,34,61
case_072,2,3,481.6,1.003,39,68
case_072,2,4,482.2,1.005,44,73
case_072,2,5,481.6,1.003,46,79
case_072,3,2,499.7,1.041,5,14
case_072,3,3,484.6,1.01,7,17
case_072,3,4,482.3,1.005,8,19
case_072,3,5,480.7,1.001,9,21
case_073,1,2,480.3,1.001,256,527
case_073,1,3,480.5,1.001,256,414
case_073,1,4,480.3,1.001,256,501
case_073,1,5,480.5,1.001,239,420
case_073,2,2,480.0,1.0,256,774
case_073,2,3,480.5,1.001,256,766
case_073,2,4,480.1,1.0,256,836
case_073,2,5,480.5,1.001,256,711
case_073,3,2,481.8,1.004,24,185
case_073,3,3,481.2,1.002,24,173
case_073,3,4,480.7,1.001,24,150
case_073,3,5,481.0,1.002,24,144
case_074,1,2,480.3,1.001,256,603
case_074,1,3,480.3,1.001,256,574
case_074,1,4,480.5,1.001,256,545
case_074,1,5,480.2,1.0,256,549
case_074,2,2,480.1,1.0,256,496
case_074,2,3,480.4,1.001,256,615
case_074,2,4,480.3,1.001,256,700
case_074,2,5,480.5,1.001,256,721
case_074,3,2,480.3,1.001,24,313
case_074,3,3,480.8,1.002,24,325
case_074,3,4,480.3,1.001,24,325
case_074,3,5,481.2,1.002,24,320
case_075,1,2,480.8,1.002,147,249
case_075,1,3,481.0,1.002,175,258
case_075,1,4,480.8,1.002,144,247
case_075,1,5,480.9,1.002,174,285
case_075,2,2,480.3,1.001,256,478
case_075,2,3,480.3,1.001,256,455
case_075,2,4,480.2,1.0,256,465
case_075,2,5,480.6,1.001,256,474
case_075,3,2,480.3,1.001,256,526
case_075,3,3,480.3,1.001,256,528
case_075,3,4,480.6,1.001,256,518
case_075,3,5,480.6,1.001,256,516
case_076,1,2,489.8,1.02,0,6
case_076,1,3,481.6,1.003,0,5
case_076,1,4,512.1,1.067,0,6
case_076,1,5,502.9,1.048,0,5
case_076,2,2,484.5,1.009,23,41
case_076,2,3,480.3,1.001,29,48
case_076,2,4,482.2,1.005,31,57
case_076,2,5,483.7,1.008,35,64
case_076,3,2,481.0,1.002,4,11
case_076,3,3,489.6,1.02,5,15
case_076,3,4,492.7,1.026,7,17
case_076,3,5,484.5,1.009,8,18
case_077,1,2,480.4,1.001,256,535
case_077,1,3,480.3,1.001,256,545
case_077,1,4,480.3,1.001,256,486
case_077,1,5,480.3,1.001,256,540
case_077,2,2,480.3,1.001,256,878
case_077,2,3,480.2,1.0,256,774
case_077,2,4,480.3,1.001,256,852
case_077,2,5,480.3,1.001,256,813
case_077,3,2,480.0,1.0,24,372
case_077,3,3,480.6,1.001,24,355
case_077,3,4,480.4,1.001,24,391
case_077,3,5,480.1,1.0,24,338
case_078,1,2,480.1,1.0,256,3584
case_078,1,3,480.0,1.0,256,3266
case_078,1,4,480.1,1.0,256,3140
case_078,1,5,480.0,1.0,256,3349
case_078,2,2,480.0,1.0,256,4849
case_078,2,3,480.1,1.0,256,4619
case_078,2,4,480.0,1.0,256,4350
case_078,2,5,480.1,1.0,256,4306
case_079,1,2,482.8,1.006,40,79
case_079,1,3,481.9,1.004,39,83
case_079,1,4,482.5,1.005,40,81
case_079,1,5,481.7,1.004,40,79
case_079,2,2,480.4,1.001,68,111
case_079,2,3,480.4,1.001,67,107
case_079,2,4,482.2,1.005,71,117
case_079,2,5,481.7,1.004,74,119
case_079,3,2,480.9,1.002,13,25
case_079,3,3,487.3,1.015,16,29
case_079,3,4,481.7,1.004,17,33
case_079,3,5,482.5,1.005,19,34
case_080,1,2,480.1,1.0,256,2293
case_080,1,3,480.1,1.0,256,2222
case_080,1,4,480.0,1.0,256,2150
case_080,1,5,480.0,1.0,256,2162
case_080,2,2,480.0,1.0,256,3022
case_080,2,3,480.1,1.0,256,3229
case_080,2,4,480.0,1.0,256,3336
case_080,2,5,480.1,1.0,256,3525
case_080,3,2,480.2,1.0,24,1530
case_080,3,3,480.0,1.0,24,1523
case_080,3,4,480.0,1.0,24,1568
case_080,3,5,480.3,1.001,24,1562
case_081,1,2,480.5,1.001,256,685
case_081,1,3,480.3,1.001,256,681
case_081,1,4,480.0,1.0,256,641
case_081,1,5,480.1,1.0,256,672
case_081,2,2,480.2,1.0,256,565
case_081,2,3,480.5,1.001,256,736
case_081,2,4,480.4,1.001,256,823
case_081,2,5,480.2,1.0,256,857
case_082,1,2,480.4,1.001,256,460
case_082,1,3,480.3,1.001,256,483
case_082,1,4,480.3,1.001,256,504
case_082,1,5,480.5,1.001,256,475
case_082,2,2,480.3,1.001,256,921
case_082,2,3,480.0,1.0,256,883
case_082,2,4,480.1,1.0,256,829
case_082,2,5,480.4,1.001,256,840
case_082,3,2,480.4,1.001,256,948
case_082,3,3,480.3,1.001,256,889
case_082,3,5,480.3,1.001,256,827
case_083,1,2,480.0,1.0,256,826
case_083,1,3,480.2,1.0,256,750
case_083,1,4,480.3,1.001,256,761
case_083,1,5,480.3,1.001,256,771
case_083,2,2,480.1,1.0,256,1128
case_083,2,3,480.3,1.001,256,1073
case_083,2,4,480.0,1.0,256,970
case_083,2,5,480.2,1.0,256,962
case_083,3,2,480.3,1.001,24,398
case_083,3,3,480.9,1.002,24,404
case_083,3,4,480.3,1.001,24,388
case_083,3,5,480.1,1.0,24,390
case_084,1,2,480.2,1.0,191,310
case_084,1,3,480.5,1.001,192,297
case_084,1,4,480.2,1.0,186,299
case_084,1,5,480.0,1.0,188,301
case_084,2,2,480.9,1.002,198,296
case_084,2,3,480.3,1.001,196,298
case_084,2,4,480.2,1.0,202,306
case_084,2,5,480.6,1.001,198,306
case_084,3,2,480.6,1.001,193,291
case_084,3,3,480.8,1.002,194,295
case_084,3,4,480.4,1.001,199,305
case_084,3,5,480.9,1.002,201,312
case_085,1,2,482.8,1.006,45,69
case_085,1,3,482.4,1.005,43,71
case_085,1,4,480.7,1.001,42,70
case_085,1,5,480.4,1.001,42,65
case_085,2,2,481.5,1.003,47,76
case_085,2,3,481.6,1.003,55,92
case_085,2,4,481.1,1.002,63,101
case_085,2,5,480.1,1.0,63,98
case_086,1,2,480.0,1.0,233,408
case_086,1,3,480.1,1.0,235,405
case_086,1,4,480.6,1.001,249,430
case_086,1,5,480.2,1.0,235,398
case_086,2,2,480.2,1.0,256,757
case_086,2,3,480.4,1.001,256,730
case_086,2,4,480.5,1.001,256,705
case_086,2,5,480.3,1.001,256,668
case_086,3,2,480.3,1.001,256,769
case_086,3,3,480.3,1.001,256,736
case_086,3,4,480.2,1.0,256,667
case_086,3,5,480.1,1.0,256,688
case_087,1,2,482.1,1.004,18,47
case_087,1,3,488.2,1.017,17,47
case_087,1,4,484.3,1.009,18,48
case_087,1,5,486.7,1.014,17,47
case_087,2,2,480.5,1.001,63,104
case_087,2,3,481.6,1.003,70,114
case_087,2,4,481.0,1.002,76,122
case_087,2,5,481.0,1.002,77,124
case_087,3,2,487.1,1.015,9,21
case_087,3,3,481.5,1.003,12,24
case_087,3,4,481.6,1.003,13,25
case_087,3,5,485.6,1.012,14,27
case_088,1,2,480.3,1.001,256,898
case_088,1,3,480.1,1.0,256,911
case_088,1,4,480.1,1.0,256,854
case_088,1,5,480.5,1.001,256,873
case_088,2,2,480.0,1.0,256,1486
case_088,2,3,480.1,1.0,256,1297
case_088,2,4,480.0,1.0,256,1274
case_088,2,5,480.3,1.001,256,1260
case_088,3,2,480.3,1.001,256,1428
case_088,3,3,480.0,1.0,256,1275
case_089,1,2,480.6,1.001,256,443
case_089,1,3,480.6,1.001,256,446
case_089,1,4,480.4,1.001,256,450
case_089,1,5,480.6,1.001,256,439
case_089,2,2,480.4,1.001,256,753
case_089,2,3,480.4,1.001,256,706
case_089,2,4,480.4,1.001,256,712
case_089,2,5,480.4,1.001,256,717
case_089,3,2,480.4,1.001,256,906
case_089,3,3,480.2,1.0,256,847
case_089,3,4,480.1,1.0,256,846
case_089,3,5,480.1,1.0,256,830
case_090,1,2,480.0,1.0,256,2093
case_090,1,3,480.2,1.0,256,2011
case_090,1,4,480.1,1.0,256,1846
case_090,1,5,480.1,1.0,256,1926
case_090,2,2,480.2,1.0,256,2603
case_090,2,3,480.1,1.0,256,2340
case_090,2,4,480.0,1.0,256,2292
case_090,2,5,480.0,1.0,256,2395
case_090,3,2,480.1,1.0,24,1071
case_090,3,3,480.1,1.0,24,1029
case_090,3,4,480.3,1.001,24,981
case_090,3,5,480.3,1.001,24,1012
case_091,1,2,489.3,1.019,0,8
case_091,1,3,507.9,1.058,0,8
case_091,1,4,482.3,1.005,0,7
case_091,1,5,489.9,1.021,0,6
case_091,2,2,483.2,1.007,29,50
case_091,2,3,480.2,1.0,34,57
case_091,2,4,481.2,1.002,38,63
case_091,2,5,484.0,1.008,41,69
case_091,3,2,490.5,1.022,4,12
case_091,3,3,486.1,1.013,5,15
case_091,3,4,482.9,1.006,7,16
case_091,3,5,481.6,1.003,7,18
case_092,1,2,491.5,1.024,7,17
case_092,1,3,491.7,1.024,7,16
case_092,1,4,483.8,1.008,7,16
case_092,1,5,488.8,1.018,7,17
case_092,2,2,480.6,1.001,113,176
case_092,2,3,481.1,1.002,118,186
case_092,2,4,481.2,1.002,119,189
case_092,2,5,480.9,1.002,123,194
case_092,3,2,486.9,1.014,22,40
case_092,3,3,480.9,1.002,24,50
case_092,3,4,484.4,1.009,24,60
case_092,3,5,480.2,1.0,24,68
case_093,1,2,480.1,1.0,256,5305
case_093,1,3,480.0,1.0,256,5104
case_093,1,4,480.1,1.0,256,4788
case_093,1,5,480.0,1.0,256,4695
case_093,2,2,480.0,1.0,256,7756
case_093,2,3,480.0,1.0,256,7530
case_093,2,4,480.1,1.0,256,7326
case_093,2,5,480.0,1.0,256,7465
case_093,3,2,480.0,1.0,256,7714
case_093,3,3,480.0,1.0,256,7589
case_093,3,4,480.0,1.0,256,7331
case_093,3,5,480.1,1.0,256,7551
case_094,1,2,480.0,1.0,256,6100
case_094,1,3,480.0,1.0,256,4868
case_094,1,4,480.1,1.0,256,4679
case_094,1,5,480.0,1.0,256,4583
case_094,2,2,480.0,1.0,256,8357
case_094,2,3,480.1,1.0,256,7935
case_094,2,4,480.0,1.0,256,7521
case_094,2,5,480.0,1.0,256,7666
case_094,3,2,480.0,1.0,256,8058
case_094,3,3,480.0,1.0,256,7772
case_094,3,4,480.1,1.0,256,7301
case_094,3,5,480.1,1.0,256,7414
case_095,1,2,480.4,1.001,256,784
case_095,1,3,480.4,1.001,256,754
case_095,1,4,480.4,1.001,256,780
case_095,1,5,480.2,1.0,256,795
case_095,2,2,480.2,1.0,256,787
case_095,2,3,480.3,1.001,256,851
case_095,2,4,480.1,1.0,256,909
case_095,2,5,480.1,1.0,256,889
case_095,3,2,480.2,1.0,256,889
case_095,3,3,480.3,1.001,256,957
case_095,3,4,480.2,1.0,256,971
case_095,3,5,480.3,1.001,256,999
case_096,1,2,480.0,1.0,256,2684
case_096,1,3,480.1,1.0,256,2555
case_096,1,4,480.0,1.0,256,2514
case_096,1,5,480.1,1.0,256,2473
case_096,2,2,480.0,1.0,256,4364
case_096,2,3,480.1,1.0,256,4412
case_096,2,4,480.1,1.0,256,4012
case_096,2,5,480.1,1.0,256,4093
case_096,3,2,480.0,1.0,256,4455
case_096,3,3,480.1,1.0,256,4350
case_096,3,4,480.0,1.0,256,3909
case_096,3,5,480.0,1.0,256,3921
case_097,1,2,480.8,1.002,131,234
case_097,1,3,480.5,1.001,136,243
case_097,1,4,480.4,1.001,148,235
case_097,1,5,480.8,1.002,155,253
case_097,2,2,481.4,1.003,94,159
case_097,2,3,480.5,1.001,122,198
case_097,2,4,481.1,1.002,138,226
case_097,2,5,480.9,1.002,144,237
case_097,3,2,483.1,1.006,24,92
case_097,3,3,481.0,1.002,24,96
case_097,3,4,482.4,1.005,24,100
case_097,3,5,481.7,1.004,24,92
case_098,1,2,480.0,1.0,256,2879
case_098,1,3,480.1,1.0,256,2680
case_098,1,4,480.1,1.0,256,2737
case_098,1,5,480.0,1.0,256,2495
case_098,2,2,480.1,1.0,256,3376
case_098,2,3,480.1,1.0,256,3421
case_098,2,4,480.0,1.0,256,3414
case_098,2,5,480.0,1.0,256,3341
case_099,1,2,481.4,1.003,136,265
case_099,1,3,480.8,1.002,132,255
case_099,1,4,480.3,1.001,134,262
case_099,1,5,480.7,1.001,130,254
case_099,2,2,480.4,1.001,256,431
case_099,2,3,480.0,1.0,256,464
case_099,2,4,480.2,1.0,256,507
case_099,2,5,480.0,1.0,256,528
case_099,3,2,481.3,1.003,24,260
case_099,3,3,480.7,1.001,24,282
case_099,3,4,481.4,1.003,24,287
case_099,3,5,481.1,1.002,24,294
case_100,1,2,480.0,1.0,256,2132
case_100,1,3,480.1,1.0,256,2053
case_100,1,4,480.2,1.0,256,2021
case_100,1,5,480.2,1.0,256,1921
case_100,2,2,480.0,1.0,256,2933
case_100,2,3,480.0,1.0,256,2791
case_100,2,4,480.1,1.0,256,2853
case_100,2,5,480.0,1.0,256,2764
