case,topo_equal,greedy_balance,heft_like,kl_partition,ours
case_001,0.9943,3.6193,3.6193,1.5407,4.9073723211654245
case_002,1.2709,1.2709,1.2709,1.1352,4.343093528758311
case_003,1.0269,1.0269,1.0269,1.0278,2.558054
case_004,0.9927,0.9927,0.9927,1.2335,4.603184100614763
case_005,1.0135,1.0135,1.0135,1.0135,2.011486031639179
case_006,1.1681,1.1681,1.1681,1.1453,3.7969014988311867
case_007,0.9695,0.9695,0.9695,0.9894,5.1385522603170735
case_008,1.055,1.055,1.055,1.1604,7.632781804235869
case_009,1.0102,1.0102,1.0102,1.0108,1.8539786611182347
case_010,1.2646,1.2646,1.2646,1.2435,4.4110874416717385
case_011,1.6624,1.6624,1.6624,2.3829,4.613503522006295
case_012,1.3108,1.3108,1.3108,1.3108,4.240867006387712
case_013,1.4558,1.4558,1.4558,1.5197,4.878368387979152
case_014,1.4847,1.4847,1.4847,1.43,4.793876
case_015,1.0469,1.0469,1.0469,0.9989,4.609798570500325
case_016,0.9994,0.9994,0.9994,0.9994,3.443506005754706
case_017,1.0106,1.0106,1.0106,0.9736,4.882005
case_018,1.3179,1.3179,1.3179,1.6328,5.0351277372262775
case_019,1.4708,1.4708,1.4708,1.3966,5.395212765957447
case_020,0.653,0.653,0.653,0.6373,4.948871342313051
case_021,1.8286,1.8286,1.8286,1.8286,5.257457809056715
case_022,1.1554,1.1554,1.1554,1.1554,4.855481443475287
case_023,1.3911,1.3911,1.3911,1.2122,5.275989672977625
case_024,0.9995,0.9995,0.9995,0.9995,3.435057890767723
case_025,0.9287,0.9287,0.9287,0.974,5.15631732971414
case_026,1.179,1.179,1.179,1.0063,2.852464
case_027,1.8254,1.8254,1.8254,2.3576,5.128445880129906
case_028,1.0779,1.0779,1.0779,1.0633,5.440847
case_029,1.0851,1.0851,1.0851,1.0653,4.443852798485386
case_030,1.3503,1.3503,1.3503,1.1405,4.994351186855482
case_031,1.355,1.355,1.355,1.3082,4.815201034964082
case_032,1.114,1.114,1.114,1.1797,3.7986251145737855
case_033,1.3909,1.3909,1.3909,1.3909,5.0107914989762055
case_034,1.2379,1.2379,1.2379,1.3928,4.842884143644187
case_035,1.0165,1.0165,1.0165,1.0153,2.0960309514097477
case_036,0.9986,2.199,2.199,1.0042,4.976493466252097
case_037,1.5219,1.5219,1.5219,2.2037,4.882268151489085
case_038,1.4349,1.4349,1.4349,1.6351,4.9743
case_039,1.4596,1.4596,1.4596,1.6389,4.632432729021493
case_040,1.0586,1.0586,1.0586,1.0538,2.4552596654041015
case_041,1.5758,1.5758,1.5758,1.5758,4.922733
case_042,1.5404,1.5404,1.5404,1.7641,4.926011
case_043,1.0125,1.0125,1.0125,1.0055,3.237076172005618
case_044,1.6564,1.6564,1.6564,1.6712,3.8845505547309367
case_045,0.725,0.725,0.725,0.7299,4.8561487609695755
case_046,1.3307,1.3307,1.3307,1.3422,3.078597757213332
case_047,1.0163,1.0163,1.0163,1.0076,1.2790491785297367
case_048,1.0015,1.0015,1.0015,1.0024,1.5339057926997626
case_049,1.0365,1.0365,1.0365,0.986,1.8388749918022804
case_050,1.0839,1.0839,1.0839,1.0581,2.457762088498481
case_051,1.0058,1.0058,1.0058,1.0057,3.395233704914369
case_052,1.0284,1.0284,1.0284,1.0284,5.095407658612406
case_053,1.0743,1.0743,1.0743,1.0684,3.685327
case_054,1.0298,1.0298,1.0298,1.0298,2.903844
case_055,1.1474,1.1474,1.1474,1.0735,5.007163021952556
case_056,1.0016,1.0016,1.0016,0.9904,1.7580505062673168
case_057,1.0987,1.0987,1.0987,1.0987,4.53672616786935
case_058,1.2959,1.7561,1.7561,1.4663,5.00814370517625
case_059,1.9245,1.9245,1.9245,2.3297,5.501141
case_060,1.1517,1.1517,1.1517,1.2899,4.95334722903384
case_061,0.8751,0.8751,0.8751,0.8751,3.805699
case_062,1.0825,1.0825,1.0825,0.9657,4.858323179240723
case_063,1.1381,1.1381,1.1381,1.0067,4.600257003120138
case_064,0.9374,0.9374,0.9374,0.914,1.281577
case_065,0.9803,0.9803,0.9803,1.013,4.604598698481562
case_066,1.0762,1.0762,1.0762,1.0448,2.7146129595609083
case_067,1.1393,1.1393,1.1393,1.1176,5.07069
case_068,1.1184,1.1184,1.1184,1.0425,2.157138
case_069,0.9567,0.9567,0.9567,0.9091,2.6601777401608127
case_070,1.1413,1.1413,1.1413,1.0313,4.757462686567164
case_071,0.8719,0.8719,0.8719,0.8719,2.3672422422422423
case_072,1.3857,1.3857,1.3857,1.4727,4.810454490373587
case_073,1.1563,1.1563,1.1563,1.1011,5.436512
case_074,1.5696,1.5696,1.5696,1.9278,5.006902114386399
case_075,1.0175,1.0175,1.0175,1.0159,3.371935
case_076,1.2543,1.2543,1.2543,1.3013,4.770756
case_077,1.0112,1.0112,1.0112,1.0015,4.474556672719225
case_078,1.1846,1.1846,1.1846,1.1846,4.619643528978611
case_079,1.7558,1.7558,1.7558,1.7735,5.168170736659763
case_080,1.4571,1.4571,1.4571,1.8429,3.3426930294292645
case_081,1.0087,1.0087,1.0087,1.0143,4.905632937982743
case_082,1.0062,1.0062,1.0062,1.0062,3.445885
case_083,1.3516,1.3516,1.3516,1.3154,5.269939
case_084,1.1251,1.1251,1.1251,1.0793,8.83439032639946
case_085,1.0051,1.0051,1.0051,0.9974,3.756489
case_086,1.0332,1.0332,1.0332,0.9727,1.9539416142713335
case_087,1.0011,1.0011,1.0011,0.9912,4.654226
case_088,1.1007,1.1007,1.1007,1.082,2.2370230935218767
case_089,1.0983,1.0983,1.0983,1.0992,5.632055
case_090,1.1883,1.1883,1.1883,1.1885,4.045604
case_091,1.5698,1.5698,1.5698,1.4953,4.613346
case_092,1.435,1.435,1.435,1.2443,5.968871
case_093,1.1625,1.1625,1.1625,1.7237,4.674036281179139
case_094,1.1425,1.1425,1.1425,1.2397,4.769641
case_095,0.964,0.964,0.964,0.971,7.757967827280948
case_096,1.0655,1.0655,1.0655,1.0774,3.1269823584029712
case_097,1.9774,1.9774,1.9774,2.1076,5.466036
case_098,1.0617,1.0617,1.0617,1.0455,2.832309043020193
case_099,1.9662,1.9662,1.9662,2.0262,4.962859562913381
case_100,1.1189,1.1189,1.1189,1.1189,2.849125
