case,Q,N,best_mk,best_sp,ver,note
case_084,1,5,394210,6.360600,v3,
case_084,1,4,513334,4.884562,v2,
case_084,1,3,477077,5.255781,v3,
case_084,1,2,1251353,2.003761,v3,
case_053,1,5,1464341,1.005699,v1,
case_053,1,4,1452321,1.014022,v1,
case_053,1,3,1437349,1.024585,v1,
case_053,1,2,1452962,1.013575,v1,
case_084,2,5,283928,8.831154,v2,
case_084,2,4,451775,5.550134,v2,
case_084,2,3,467840,5.359550,v3,
case_084,2,2,1028694,2.437471,v3,
case_026,1,5,109080,0.909452,v2,
case_026,1,4,126912,0.781668,v2,
case_026,1,3,135751,0.730772,v1,
case_026,1,2,118425,0.837686,v1,
case_073,2,5,2943591,3.424941,v2,
case_073,2,4,3299762,3.055259,v2,
case_073,2,3,3493488,2.885834,v2,
case_073,2,2,5664881,1.779671,v1,
case_079,2,5,26222639,1.184177,v1,
case_079,2,4,7469823,4.157026,v2,
case_079,2,3,10016136,3.100223,v2,
case_079,2,2,15052461,2.062935,v3,
case_010,3,5,49173,1.768633,v2,
case_010,3,4,66395,1.309873,v1,
case_010,3,3,58423,1.488609,v1,
case_010,3,2,51839,1.677675,v1,
case_005,3,5,84783,1.127797,v1,
case_005,3,4,88736,1.077556,v4,
case_005,3,3,83602,1.143729,v1,
case_005,3,2,86662,1.103344,v1,
case_022,1,5,88549,0.641227,v1,
case_022,1,4,91431,0.621015,v1,
case_022,1,3,82059,0.691941,v1,
case_022,1,2,73336,0.774245,v1,
case_029,3,5,16776,2.238615,v4,
case_029,3,4,11312,3.319926,v3,
case_029,3,3,16032,2.342502,v3,
case_029,3,2,21226,1.769292,v3,
case_076,2,5,3072996,2.012731,v1,
case_076,2,4,3240361,1.908773,v1,
case_076,2,3,3266915,1.893258,v1,
case_076,2,2,3808597,1.623987,v1,
case_016,3,5,7757711,0.994562,v1,
case_016,3,4,7745134,0.996177,v1,
case_016,3,3,7741691,0.996620,v1,
case_016,3,2,7738502,0.997031,v1,
case_012,2,5,36308,1.627410,v1,
case_012,2,4,37881,1.559832,v1,
case_012,2,3,41305,1.430529,v1,
case_012,2,2,36998,1.597059,v1,
case_088,1,5,291757,0.835020,v1,
case_088,1,4,279227,0.872491,v1,
case_088,1,3,272438,0.894233,v1,
case_088,1,2,261674,0.931017,v1,
case_023,2,5,113561,1.079719,v1,
case_023,2,4,51231,2.393356,v2,
case_023,2,3,64407,1.903737,v2,
case_023,2,2,57089,2.147769,v3,
case_033,2,5,1284862,1.380846,v1,
case_033,2,4,1110887,1.597099,v1,
case_033,2,3,1139502,1.556992,v1,
case_033,2,2,1002619,1.769562,v1,
case_024,2,5,2404911,1.062552,v2,
case_024,2,4,2379416,1.073937,v2,
case_024,2,3,2478065,1.031185,v2,
case_024,2,2,2493914,1.024632,v2,
case_037,3,5,56150,3.740000,v4,
case_037,3,4,66607,3.152837,v4,
case_037,3,3,84781,2.476982,v4,
case_037,3,2,122584,1.713119,v4,
case_063,2,5,939269,1.139606,v1,
case_063,2,4,904190,1.183819,v1,
case_063,2,3,985502,1.086144,v1,
case_063,2,2,1001217,1.069096,v1,
case_008,1,5,183729,2.653936,v2,
case_008,1,4,133912,3.641235,v2,
case_008,1,3,136731,3.566163,v3,
case_008,1,2,145472,3.351882,v3,
case_043,3,5,460790,1.470640,v1,
case_043,3,4,505853,1.339630,v1,
case_043,3,3,535841,1.264659,v1,
case_043,3,2,564981,1.199431,v1,
case_071,2,5,21789,0.868282,v1,
case_071,2,4,22353,0.846374,v1,
case_071,2,3,21453,0.881881,v1,
case_071,2,2,22291,0.848728,v1,
case_082,1,5,775245,0.930081,v1,
case_082,1,4,737648,0.977487,v1,
case_082,1,3,701648,1.027639,v1,
case_082,1,2,740924,0.973165,v1,
case_039,2,5,608205,2.359833,v2,
case_039,2,4,645816,2.222401,v2,
case_039,2,3,715889,2.004867,v2,
case_039,2,2,1038778,1.381683,v1,
case_074,2,5,830714,2.025052,v1,
case_074,2,4,646336,2.602731,v1,
case_074,2,3,700046,2.403041,v1,
case_074,2,2,941368,1.787015,v1,
case_037,2,5,59126,3.551754,v4,
case_037,2,4,65916,3.185888,v4,
case_037,2,3,83565,2.513026,v4,
case_037,2,2,123741,1.697101,v4,
case_047,2,5,324092,1.007455,v1,
case_047,2,4,319821,1.020909,v1,
case_047,2,3,320355,1.019207,v1,
case_047,2,2,327806,0.996040,v1,
case_040,2,5,198651,1.275876,v1,
case_040,2,4,194116,1.305683,v1,
case_040,2,3,217686,1.164310,v1,
case_040,2,2,221333,1.145125,v1,
case_100,2,5,81562,1.854086,v3,
case_100,2,4,94126,1.606602,v3,
case_100,2,3,111247,1.359345,v2,
case_100,2,2,111277,1.358978,v1,
case_011,3,5,53010,3.484192,v2,
case_011,3,4,53726,3.437758,v2,
case_011,3,3,70234,2.629738,v2,
case_011,3,2,92646,1.993578,v1,
case_055,3,5,99407,1.195439,v1,
case_055,3,4,91757,1.295106,v1,
case_055,3,3,83021,1.431385,v1,
case_055,3,2,83397,1.424931,v1,
case_096,1,5,99501,0.846162,v2,
case_096,1,4,102375,0.822408,v2,
case_096,1,3,88380,0.952636,v2,
case_096,1,2,93418,0.901261,v1,
case_004,1,5,128736,3.047764,v3,
case_004,1,4,187778,2.089473,v2,
case_004,1,3,155117,2.529426,v3,
case_004,1,2,410474,0.955863,v2,
case_044,2,5,90769,1.701098,v3,
case_044,2,4,82607,1.869176,v3,
case_044,2,3,91768,1.682580,v2,
case_044,2,2,90445,1.707192,v3,
case_017,3,5,99165,1.641809,v1,
case_017,3,4,91806,1.773414,v2,
case_017,3,3,69965,2.327021,v1,
case_017,3,2,100248,1.624072,v1,
case_056,1,5,331227,0.837145,v1,
case_056,1,4,319097,0.868968,v1,
case_056,1,3,310317,0.893554,v1,
case_056,1,2,299580,0.925579,v1,
case_024,3,5,2591898,0.985896,v1,
case_024,3,4,2572572,0.993303,v1,
case_024,3,3,2577832,0.991276,v1,
case_024,3,2,2570533,0.994091,v1,
case_078,1,5,1222091,1.878864,v2,
case_078,1,4,1541390,1.489657,v2,
case_078,1,3,1693343,1.355982,v3,
case_078,1,2,2066755,1.110989,v2,
case_049,3,5,146585,1.338991,v1,
case_049,3,4,133729,1.467715,v1,
case_049,3,3,134285,1.461638,v1,
case_049,3,2,156782,1.251904,v1,
case_085,2,5,2846125,1.120084,v1,
case_085,2,4,2955372,1.078679,v1,
case_085,2,3,2959065,1.077333,v1,
case_085,2,2,3092849,1.030732,v1,
case_019,3,5,55076,1.473310,v2,
case_019,3,4,46262,1.754010,v2,
case_019,3,3,53142,1.526928,v2,
case_019,3,2,51126,1.587138,v1,
case_092,2,5,1614423,2.982833,v1,
case_092,2,4,1630667,2.953119,v1,
case_092,2,3,1971716,2.442316,v1,
case_092,2,2,2599863,1.852234,v1,
case_025,3,5,987093,4.926614,v1,
case_025,3,4,1228261,3.959277,v1,
case_025,3,3,1628169,2.986807,v1,
case_025,3,2,2436541,1.995873,v1,
case_021,3,5,1242980,5.284025,v3,
case_021,3,4,3905144,1.681868,v2,
case_021,3,3,3962388,1.657570,v2,
case_021,3,2,3118411,2.106181,v3,
case_051,1,5,619405,0.980987,v2,
case_051,1,4,617228,0.984447,v2,
case_051,1,3,643255,0.944614,v1,
case_051,1,2,631801,0.961740,v2,
case_087,3,5,1849189,2.149089,v1,
case_087,3,4,2021610,1.965795,v1,
case_087,3,3,2327449,1.707479,v1,
case_087,3,2,2689569,1.477587,v1,
case_092,1,5,4546428,1.059195,v2,
case_092,1,4,4926631,0.977454,v1,
case_092,1,3,4986490,0.965720,v1,
case_092,1,2,4873018,0.988208,v1,
case_093,2,5,60370,1.229170,v2,
case_093,2,4,70054,1.059254,v1,
case_093,2,3,42467,1.747357,v1,
case_093,2,2,52698,1.408118,v1,
case_057,1,5,101624,0.587716,v1,
case_057,1,4,92512,0.645603,v1,
case_057,1,3,70979,0.841460,v2,
case_057,1,2,75255,0.793648,v1,
case_093,3,5,19430,3.819094,v4,
case_093,3,4,22372,3.316869,v4,
case_093,3,3,27935,2.656345,v4,
case_093,3,2,40305,1.841087,v4,
case_073,3,5,2567304,3.926931,v2,
case_073,3,4,5347405,1.885331,v1,
case_073,3,3,4732075,2.130487,v1,
case_073,3,2,5681628,1.774426,v1,
case_050,3,5,103847,1.441448,v1,
case_050,3,4,114624,1.305922,v1,
case_050,3,3,114266,1.310013,v1,
case_050,3,2,138060,1.084239,v1,
case_049,1,5,247792,0.792100,v1,
case_049,1,4,238396,0.823319,v1,
case_049,1,3,227665,0.862126,v1,
case_049,1,2,217973,0.900460,v1,
case_006,3,5,43037,1.924786,v2,
case_006,3,4,64714,1.280048,v1,
case_006,3,3,51813,1.598769,v2,
case_006,3,2,65199,1.270526,v1,
case_001,1,5,47502,4.907372,v2,
case_001,1,4,265686,0.877389,v1,
case_001,1,3,237799,0.980282,v3,
case_001,1,2,250632,0.930089,v1,
case_075,3,5,1269920,1.135354,v1,
case_075,3,4,1394986,1.033565,v1,
case_075,3,3,1394677,1.033794,v1,
case_075,3,2,1373590,1.049665,v1,
case_027,2,5,473318,4.994427,v2,
case_027,2,4,660275,3.580254,v2,
case_027,2,3,797381,2.964646,v2,
case_027,2,2,1120962,2.108860,v1,
case_097,2,5,2871167,4.002383,v2,
case_097,2,4,2626908,4.374538,v1,
case_097,2,3,3926269,2.926827,v1,
case_097,2,2,5535425,2.075994,v3,
case_018,2,5,291522,3.445253,v1,
case_018,2,4,330121,3.042421,v1,
case_018,2,3,385932,2.602446,v1,
case_018,2,2,528306,1.901108,v1,
case_017,1,5,202286,0.804851,v1,
case_017,1,4,178747,0.910840,v1,
case_017,1,3,121462,1.340419,v3,
case_017,1,2,169134,0.962610,v2,
case_081,3,5,52754,2.877412,v2,
case_081,3,4,41264,3.678630,v2,
case_081,3,3,61372,2.473359,v2,
case_081,3,2,98210,1.545617,v1,
case_005,1,5,134017,0.713477,v1,
case_005,1,4,130655,0.731836,v1,
case_005,1,3,122672,0.779461,v1,
case_005,1,2,113557,0.842026,v1,
case_080,1,5,198683,1.470372,v2,
case_080,1,4,214844,1.359768,v2,
case_080,1,3,204231,1.430429,v2,
case_080,1,2,246683,1.184265,v2,
case_008,2,5,97653,4.993241,v2,
case_008,2,4,88479,5.510969,v3,
case_008,2,3,107451,4.537929,v2,
case_008,2,2,143027,3.409181,v3,
case_081,1,5,116805,1.299559,v2,
case_081,1,4,72848,2.083722,v2,
case_081,1,3,103069,1.472751,v2,
case_081,1,2,139988,1.084343,v2,
case_068,3,5,200216,1.808522,v2,
case_068,3,4,226040,1.601907,v3,
case_068,3,3,309547,1.169758,v1,
case_068,3,2,343432,1.054343,v1,
case_042,2,5,520345,3.241580,v2,
case_042,2,4,604358,2.790962,v1,
case_042,2,3,701313,2.405117,v1,
case_042,2,2,946517,1.782049,v1,
case_090,2,5,560368,2.102838,v2,
case_090,2,4,422103,2.791648,v3,
case_090,2,3,448659,2.626411,v3,
case_090,2,2,609970,1.931838,v2,
case_074,3,5,828392,2.030728,v1,
case_074,3,4,644616,2.609676,v1,
case_074,3,3,699224,2.405866,v1,
case_074,3,2,936991,1.795363,v1,
case_008,3,5,97653,4.993241,v2,
case_008,3,4,127031,3.838472,v1,
case_008,3,3,172808,2.821658,v1,
case_008,3,2,253187,1.925869,v1,
case_094,3,5,76451,1.241213,v1,
case_094,3,4,81670,1.161895,v1,
case_094,3,3,64800,1.464383,v2,
case_094,3,2,69554,1.364292,v1,
case_088,2,5,204901,1.188979,v1,
case_088,2,4,185359,1.314331,v1,
case_088,2,3,210771,1.155866,v1,
case_088,2,2,213253,1.142413,v1,
case_080,2,5,114990,2.540551,v2,
case_080,2,4,129727,2.251944,v2,
case_080,2,3,169094,1.727666,v2,
case_080,2,2,193683,1.508331,v2,
case_044,3,5,58128,2.656327,v2,
case_044,3,4,58984,2.617778,v2,
case_044,3,3,65492,2.357647,v2,
case_044,3,2,67833,2.276281,v2,
case_045,3,5,35604,3.528087,v2,
case_045,3,4,37085,3.387192,v2,
case_045,3,3,43976,2.856422,v2,
case_045,3,2,63994,1.962903,v2,
case_060,1,5,897724,0.990047,v2,
case_060,1,4,813136,1.093039,v2,
case_060,1,3,746143,1.191178,v3,
case_060,1,2,871507,1.019830,v3,
case_036,1,5,187908,4.957266,v3,
case_036,1,4,234152,3.978228,v3,
case_036,1,3,958296,0.972048,v1,
case_036,1,2,467614,1.992049,v3,
case_056,3,5,218233,1.270592,v1,
case_056,3,4,238484,1.162699,v1,
case_056,3,3,220000,1.260386,v1,
case_056,3,2,231400,1.198293,v1,
case_021,1,5,1245723,5.272390,v3,
case_021,1,4,4320602,1.520144,v2,
case_021,1,3,4405336,1.490905,v2,
case_021,1,2,3107447,2.113612,v3,
case_067,1,5,13924619,4.584315,v2,
case_067,1,4,51956374,1.228624,v2,
case_067,1,3,64132098,0.995365,v2,
case_067,1,2,55092954,1.158675,v2,
case_065,3,5,38811,1.367344,v2,
case_065,3,4,38702,1.371195,v2,
case_065,3,3,22606,2.347518,v2,
case_065,3,2,39529,1.342508,v1,
case_009,1,5,198568,0.771831,v1,
case_009,1,4,189069,0.810609,v1,
case_009,1,3,180262,0.850212,v1,
case_009,1,2,172137,0.890343,v1,
case_087,1,5,3968058,1.001515,v1,
case_087,1,4,3958968,1.003815,v1,
case_087,1,3,3944127,1.007592,v1,
case_087,1,2,3940694,1.008470,v1,
case_007,3,5,208742,4.850782,v1,
case_007,3,4,260986,3.879756,v1,
case_007,3,3,344073,2.942870,v1,
case_007,3,2,510397,1.983871,v1,
case_040,1,5,307451,0.824372,v1,
case_040,1,4,293032,0.864936,v1,
case_040,1,3,286189,0.885618,v1,
case_040,1,2,277273,0.914095,v1,
case_098,2,5,79580,2.229580,v2,
case_098,2,4,88466,2.005629,v2,
case_098,2,3,101838,1.742277,v2,
case_098,2,2,158648,1.118388,v1,
case_048,2,5,205833,1.079613,v1,
case_048,2,4,206814,1.074492,v1,
case_048,2,3,214380,1.036571,v1,
case_048,2,2,220453,1.008015,v1,
case_030,2,5,1071423,2.620845,v1,
case_030,2,4,1557260,1.803189,v1,
case_030,2,3,1261231,2.226423,v1,
case_030,2,2,1784682,1.573409,v1,
case_083,1,5,428132,2.471184,v2,
case_083,1,4,623143,1.697833,v3,
case_083,1,3,606955,1.743116,v2,
case_083,1,2,1000126,1.057860,v1,
case_032,2,5,26303,1.575600,v2,
case_032,2,4,24834,1.668801,v2,
case_032,2,3,32327,1.281993,v2,
case_032,2,2,34393,1.204984,v1,
case_043,2,5,461238,1.469211,v1,
case_043,2,4,506655,1.337510,v1,
case_043,2,3,535971,1.264352,v1,
case_043,2,2,564981,1.199431,v1,
case_064,2,5,36010,0.530853,v1,
case_064,2,4,28813,0.663451,v1,
case_064,2,3,23026,0.830192,v1,
case_064,2,2,22546,0.847867,v1,
case_089,1,5,190025,3.647373,v3,
case_089,1,4,302336,2.292456,v2,
case_089,1,3,297303,2.331265,v2,
case_089,1,2,686141,1.010131,v2,
case_086,1,5,157587,0.751350,v1,
case_086,1,4,151245,0.782856,v1,
case_086,1,3,134779,0.878497,v1,
case_086,1,2,136912,0.864811,v1,
case_019,2,5,55719,1.456308,v2,
case_019,2,4,46714,1.737038,v2,
case_019,2,3,53211,1.524948,v2,
case_019,2,2,51200,1.584844,v1,
case_071,3,5,21189,0.892869,v1,
case_071,3,4,21808,0.867526,v1,
case_071,3,3,21149,0.894558,v1,
case_071,3,2,22291,0.848728,v1,
case_030,1,5,2824290,0.994244,v1,
case_030,1,4,2814106,0.997842,v1,
case_030,1,3,2590928,1.083795,v3,
case_030,1,2,2795209,1.004588,v1,
case_088,3,5,202186,1.204945,v1,
case_088,3,4,184933,1.317358,v1,
case_088,3,3,209766,1.161404,v1,
case_088,3,2,213177,1.142820,v1,
case_067,2,5,13142963,4.856959,v2,
case_067,2,4,21768982,2.932376,v1,
case_067,2,3,23279960,2.742051,v1,
case_067,2,2,33359957,1.913517,v1,
case_026,3,5,66235,1.497743,v2,
case_026,3,4,65428,1.516216,v2,
case_026,3,3,88412,1.122054,v2,
case_026,3,2,80383,1.234129,v1,
case_089,2,5,129341,5.358641,v3,
case_089,2,4,201439,3.440704,v2,
case_089,2,3,217738,3.183147,v2,
case_089,2,2,356333,1.945068,v1,
case_035,1,5,222665,0.761552,v1,
case_035,1,4,210309,0.806295,v1,
case_035,1,3,203108,0.834881,v1,
case_035,1,2,192482,0.880971,v1,
case_031,2,5,935919,1.511209,v1,
case_031,2,4,840271,1.683230,v2,
case_031,2,3,770996,1.834470,v1,
case_031,2,2,1075693,1.314844,v1,
case_069,3,5,20759,1.211234,v4,
case_069,3,4,21729,1.157163,v4,
case_069,3,3,20386,1.233395,v4,
case_069,3,2,19764,1.272212,v4,
case_034,3,5,340477,2.475926,v1,
case_034,3,4,325159,2.592565,v1,
case_034,3,3,375384,2.245690,v1,
case_034,3,2,471327,1.788559,v1,
case_073,1,5,3151467,3.199026,v3,
case_073,1,4,3646520,2.764725,v2,
case_073,1,3,3851219,2.617775,v2,
case_073,1,2,6390937,1.577488,v3,
case_058,1,5,4187949,1.083995,v3,
case_058,1,4,2464362,1.842147,v3,
case_058,1,3,4182328,1.085452,v3,
case_058,1,2,4207963,1.078840,v3,
case_063,3,5,937957,1.141201,v1,
case_063,3,4,903411,1.184839,v1,
case_063,3,3,984805,1.086913,v1,
case_063,3,2,1000807,1.069534,v1,
case_070,3,5,120687,0.971936,v1,
case_070,3,4,86636,1.353941,v3,
case_070,3,3,98021,1.196682,v1,
case_070,3,2,77602,1.511559,v1,
case_009,3,5,128898,1.189010,v1,
case_009,3,4,132802,1.154056,v1,
case_009,3,3,136863,1.119813,v1,
case_009,3,2,126041,1.215961,v1,
case_059,2,5,178248,4.653477,v2,
case_059,2,4,185216,4.478409,v1,
case_059,2,3,267469,3.101193,v1,
case_059,2,2,369318,2.245959,v1,
case_053,2,5,910290,1.617821,v1,
case_053,2,4,887089,1.660133,v1,
case_053,2,3,971733,1.515525,v1,
case_053,2,2,1149626,1.281013,v1,
case_034,2,5,341950,2.465261,v1,
case_034,2,4,330939,2.547285,v1,
case_034,2,3,376597,2.238456,v1,
case_034,2,2,472199,1.785256,v1,
case_016,1,5,7791244,0.990281,v1,
case_016,1,4,7772270,0.992699,v1,
case_016,1,3,7760453,0.994210,v1,
case_016,1,2,7745323,0.996153,v1,
case_034,1,5,837016,1.007144,v3,
case_034,1,4,846620,0.995719,v3,
case_034,1,3,806213,1.045624,v3,
case_034,1,2,846024,0.996421,v1,
case_003,3,5,436690,1.379038,v1,
case_003,3,4,466734,1.290268,v1,
case_003,3,3,540620,1.113928,v1,
case_003,3,2,561169,1.073138,v1,
case_054,1,5,868244,0.938735,v1,
case_054,1,4,859557,0.948222,v1,
case_054,1,3,849049,0.959958,v1,
case_054,1,2,835213,0.975860,v1,
case_036,2,5,187182,4.976493,v1,
case_036,2,4,233584,3.987902,v1,
case_036,2,3,319674,2.913937,v1,
case_036,2,2,466068,1.998657,v1,
case_012,1,5,82792,0.713692,v1,
case_012,1,4,93392,0.632688,v1,
case_012,1,3,86020,0.686910,v1,
case_012,1,2,69979,0.844368,v1,
case_015,3,5,163184,1.086884,v1,
case_015,3,4,132753,1.336030,v1,
case_015,3,3,95980,1.847906,v1,
case_015,3,2,136402,1.300289,v1,
case_069,2,5,21247,1.183414,v4,
case_069,2,4,21322,1.179251,v4,
case_069,2,3,20780,1.210010,v4,
case_069,2,2,20384,1.233516,v4,
case_013,1,5,307323,0.858865,v1,
case_013,1,4,278464,0.947875,v2,
case_013,1,3,272077,0.970126,v2,
case_013,1,2,280524,0.940914,v1,
case_058,3,5,4102681,1.106524,v1,
case_058,3,4,4173905,1.087643,v1,
case_058,3,3,4109334,1.104733,v1,
case_058,3,2,4217605,1.076373,v1,
case_018,1,5,507394,1.979462,v2,
case_018,1,4,718006,1.398828,v2,
case_018,1,3,1029736,0.975364,v1,
case_018,1,2,1019575,0.985084,v1,
case_054,2,5,712645,1.143698,v1,
case_054,2,4,699244,1.165617,v1,
case_054,2,3,684561,1.190619,v1,
case_054,2,2,724699,1.124675,v1,
case_065,2,5,39268,1.351431,v2,
case_065,2,4,38895,1.364391,v2,
case_065,2,3,22606,2.347518,v2,
case_065,2,2,39587,1.340541,v1,
case_003,2,5,436781,1.378750,v1,
case_003,2,4,466804,1.290075,v1,
case_003,2,3,540636,1.113895,v1,
case_003,2,2,561169,1.073138,v1,
case_049,2,5,146716,1.337795,v1,
case_049,2,4,133783,1.467122,v1,
case_049,2,3,134308,1.461387,v1,
case_049,2,2,156782,1.251904,v1,
case_028,2,5,11785945,3.719349,v1,
case_028,2,4,12842994,3.413226,v1,
case_028,2,3,15562252,2.816819,v1,
case_028,2,2,22615449,1.938323,v1,
case_087,2,5,1852002,2.145824,v1,
case_087,2,4,2026021,1.961515,v1,
case_087,2,3,2330543,1.705212,v1,
case_087,2,2,2694029,1.475140,v1,
case_054,3,5,712530,1.143883,v1,
case_054,3,4,699035,1.165966,v1,
case_054,3,3,684561,1.190619,v1,
case_054,3,2,724595,1.124837,v1,
case_055,2,5,100342,1.184300,v1,
case_055,2,4,92668,1.282374,v1,
case_055,2,3,83448,1.424060,v1,
case_055,2,2,83798,1.418113,v1,
case_059,1,5,286965,2.890502,v2,
case_059,1,4,191292,4.336161,v1,
case_059,1,3,372491,2.226827,v2,
case_059,1,2,372972,2.223955,v1,
case_072,1,5,23140154,1.032743,v1,
case_072,1,4,23128892,1.033246,v1,
case_072,1,3,23756511,1.005949,v1,
case_072,1,2,23790208,1.004524,v1,
case_062,1,5,2900544,0.984232,v1,
case_062,1,4,2891536,0.987298,v1,
case_062,1,3,2882288,0.990466,v1,
case_062,1,2,2872464,0.993854,v1,
case_070,2,5,122268,0.959368,v1,
case_070,2,4,87322,1.343304,v3,
case_070,2,3,98196,1.194550,v1,
case_070,2,2,77690,1.509847,v1,
case_022,3,5,45024,1.261105,v1,
case_022,3,4,48073,1.181120,v1,
case_022,3,3,34415,1.649862,v1,
case_022,3,2,43235,1.313288,v1,
case_089,3,5,129341,5.358641,v3,
case_089,3,4,201383,3.441661,v2,
case_089,3,3,217738,3.183147,v2,
case_089,3,2,356333,1.945068,v1,
case_078,2,5,1027174,2.235398,v2,
case_078,2,4,1404716,1.634596,v2,
case_078,2,3,1555720,1.475936,v3,
case_078,2,2,1916532,1.198072,v2,
case_041,2,5,4095089,1.466136,v1,
case_041,2,4,3120673,1.923930,v1,
case_041,2,3,3466433,1.732027,v1,
case_041,2,2,3995330,1.502744,v1,
case_091,2,5,6016217,1.527001,v1,
case_091,2,4,5782295,1.588776,v1,
case_091,2,3,5285244,1.738192,v1,
case_091,2,2,5868162,1.565528,v1,
case_075,2,5,1269920,1.135354,v1,
case_075,2,4,1394993,1.033560,v1,
case_075,2,3,1394677,1.033794,v1,
case_075,2,2,1373590,1.049665,v1,
case_096,2,5,55294,1.522661,v1,
case_096,2,4,61499,1.369030,v2,
case_096,2,3,57313,1.469021,v2,
case_096,2,2,62095,1.355890,v2,
case_047,1,5,373482,0.874227,v1,
case_047,1,4,361622,0.902899,v1,
case_047,1,3,354363,0.921394,v1,
case_047,1,2,344622,0.947438,v1,
case_043,1,5,731661,0.926188,v1,
case_043,1,4,722512,0.937917,v1,
case_043,1,3,680654,0.995595,v1,
case_043,1,2,696123,0.973472,v1,
case_065,1,5,82685,0.641809,v2,
case_065,1,4,79113,0.670787,v2,
case_065,1,3,33296,1.593825,v2,
case_065,1,2,70079,0.757260,v1,
case_064,1,5,58673,0.325806,v1,
case_064,1,4,50196,0.380827,v1,
case_064,1,3,43221,0.442285,v1,
case_064,1,2,34702,0.550862,v1,
case_023,3,5,111899,1.095756,v1,
case_023,3,4,50751,2.415992,v2,
case_023,3,3,63530,1.930017,v2,
case_023,3,2,56985,2.151689,v3,
case_029,1,5,39334,0.954772,v2,
case_029,1,4,20838,1.802236,v3,
case_029,1,3,30616,1.226646,v3,
case_029,1,2,32691,1.148787,v3,
case_004,2,5,89668,4.375664,v3,
case_004,2,4,111617,3.515208,v2,
case_004,2,3,135643,2.892571,v2,
case_004,2,2,199678,1.964949,v1,
case_007,2,5,208742,4.850782,v1,
case_007,2,4,260986,3.879756,v1,
case_007,2,3,344092,2.942707,v1,
case_007,2,2,510416,1.983798,v1,
case_095,2,5,353619,5.895761,v2,
case_095,2,4,358957,5.808086,v2,
case_095,2,3,434912,4.793735,v2,
case_095,2,2,586651,3.553822,v3,
case_069,1,5,66273,0.379400,v1,
case_069,1,4,56803,0.442653,v1,
case_069,1,3,50456,0.498335,v1,
case_069,1,2,37978,0.662068,v1,
case_098,3,5,79476,2.232498,v2,
case_098,3,4,88415,2.006786,v2,
case_098,3,3,101683,1.744933,v2,
case_098,3,2,158648,1.118388,v1,
case_086,3,5,104297,1.135248,v1,
case_086,3,4,105059,1.127014,v1,
case_086,3,3,89742,1.319371,v1,
case_086,3,2,109489,1.081415,v1,
case_060,2,5,587028,1.514049,v1,
case_060,2,4,559935,1.587307,v1,
case_060,2,3,559856,1.587531,v1,
case_060,2,2,633222,1.403598,v1,
case_042,1,5,767281,2.198334,v2,
case_042,1,4,806689,2.090942,v2,
case_042,1,3,894029,1.886673,v2,
case_042,1,2,1676752,1.005957,v2,
case_004,3,5,89668,4.375664,v3,
case_004,3,4,111475,3.519686,v2,
case_004,3,3,135604,2.893403,v2,
case_004,3,2,199678,1.964949,v1,
case_039,1,5,831861,1.725363,v2,
case_039,1,4,856028,1.676653,v2,
case_039,1,3,887750,1.616741,v2,
case_039,1,2,1353970,1.060040,v3,
case_013,3,5,54117,4.877377,v4,
case_013,3,4,66946,3.942715,v4,
case_013,3,3,88351,2.987504,v4,
case_013,3,2,132198,1.996619,v4,
case_079,3,5,26220117,1.184291,v1,
case_079,3,4,7486178,4.147945,v1,
case_079,3,3,10170746,3.053095,v1,
case_079,3,2,15383397,2.018556,v1,
case_038,1,5,1224897,1.114016,v3,
case_038,1,4,1359367,1.003816,v3,
case_038,1,3,1350244,1.010599,v3,
case_038,1,2,1355114,1.006967,v3,
case_041,1,5,5874296,1.022073,v3,
case_041,1,4,5299273,1.132977,v3,
case_041,1,3,5403745,1.111073,v3,
case_041,1,2,5939598,1.010836,v1,
case_048,1,5,262008,0.848142,v1,
case_048,1,4,255807,0.868702,v1,
case_048,1,3,244173,0.910092,v1,
case_048,1,2,236712,0.938778,v1,
case_052,3,5,110902,1.625769,v1,
case_052,3,4,125869,1.432450,v1,
case_052,3,3,108220,1.666060,v1,
case_052,3,2,111780,1.612999,v1,
case_011,1,5,96226,1.919408,v2,
case_011,1,4,94455,1.955397,v2,
case_011,1,3,107260,1.721956,v2,
case_011,1,2,96300,1.917934,v1,
case_083,2,5,281688,3.755904,v2,
case_083,2,4,381877,2.770507,v2,
case_083,2,3,430803,2.455863,v2,
case_083,2,2,586297,1.804534,v1,
case_001,3,5,47502,4.907372,v1,
case_001,3,4,58984,3.952089,v4,
case_001,3,3,78545,2.967853,v4,
case_001,3,2,116868,1.994644,v4,
case_020,1,5,326768,1.630349,v2,
case_020,1,4,138268,3.852996,v1,
case_020,1,3,181548,2.934464,v1,
case_020,1,2,269212,1.978909,v1,
case_033,1,5,1801322,0.984941,v1,
case_033,1,4,1527744,1.161318,v3,
case_033,1,3,1563566,1.134711,v3,
case_033,1,2,1212251,1.463555,v2,
case_032,1,5,55404,0.748015,v2,
case_032,1,4,47019,0.881410,v2,
case_032,1,3,57896,0.715818,v2,
case_032,1,2,56866,0.728783,v1,
case_095,1,5,511280,4.077713,v2,
case_095,1,4,478886,4.353548,v2,
case_095,1,3,524050,3.978347,v2,
case_095,1,2,596817,3.493287,v3,
case_050,1,5,196553,0.761576,v1,
case_050,1,4,186850,0.801124,v1,
case_050,1,3,176566,0.847785,v1,
case_050,1,2,168289,0.889482,v1,
case_012,3,5,35740,1.653274,v1,
case_012,3,4,37254,1.586085,v1,
case_012,3,3,40802,1.448164,v1,
case_012,3,2,36849,1.603517,v1,
case_085,1,5,3233264,0.985969,v1,
case_085,1,4,3219958,0.990044,v1,
case_085,1,3,3223235,0.989037,v1,
case_085,1,2,3210941,0.992824,v1,
case_051,3,5,471429,1.288907,v2,
case_051,3,4,627713,0.968003,v1,
case_051,3,3,620268,0.979622,v1,
case_051,3,2,622272,0.976467,v1,
case_006,2,5,44688,1.853674,v2,
case_006,2,4,65339,1.267803,v1,
case_006,2,3,52558,1.576106,v2,
case_006,2,2,65458,1.265498,v1,
case_027,1,5,642373,3.680030,v2,
case_027,1,4,803375,2.942526,v2,
case_027,1,3,917579,2.576293,v2,
case_027,1,2,1124556,2.102120,v1,
case_018,3,5,289785,3.465904,v1,
case_018,3,4,329861,3.044819,v1,
case_018,3,3,385209,2.607330,v1,
case_018,3,2,528306,1.901108,v1,
case_082,2,5,512329,1.407379,v1,
case_082,2,4,518921,1.389501,v1,
case_082,2,3,483432,1.491504,v1,
case_082,2,2,640751,1.125306,v1,
case_081,2,5,53747,2.824251,v2,
case_081,2,4,41483,3.659210,v2,
case_081,2,3,61518,2.467489,v2,
case_081,2,2,98210,1.545617,v1,
case_002,2,5,170848,1.533205,v1,
case_002,2,4,179595,1.458532,v1,
case_002,2,3,217929,1.201974,v1,
case_002,2,2,207702,1.261158,v1,
case_002,1,5,307838,0.850918,v1,
case_002,1,4,298352,0.877973,v1,
case_002,1,3,288910,0.906666,v1,
case_002,1,2,279588,0.936896,v1,
case_056,2,5,218367,1.269812,v1,
case_056,2,4,238531,1.162469,v1,
case_056,2,3,220032,1.260203,v1,
case_056,2,2,231400,1.198293,v1,
case_007,1,5,389362,2.600567,v3,
case_007,1,4,426622,2.373441,v3,
case_007,1,3,642596,1.575737,v2,
case_007,1,2,1032516,0.980674,v1,
case_057,3,5,37541,1.590954,v1,
case_057,3,4,52690,1.133536,v1,
case_057,3,3,39484,1.512663,v2,
case_057,3,2,41179,1.450399,v1,
case_099,2,5,548340,2.959841,v1,
case_099,2,4,506407,3.204930,v1,
case_099,2,3,651354,2.491731,v1,
case_099,2,2,890313,1.822953,v1,
case_098,1,5,152171,1.165991,v3,
case_098,1,4,181372,0.978266,v2,
case_098,1,3,199728,0.888358,v2,
case_098,1,2,197762,0.897190,v1,
case_021,2,5,1243516,5.281747,v3,
case_021,2,4,2410165,2.725098,v4,
case_021,2,3,3012074,2.180536,v4,
case_021,2,2,3119249,2.105615,v3,
case_096,3,5,55009,1.530550,v2,
case_096,3,4,60785,1.385111,v2,
case_096,3,3,57227,1.471229,v2,
case_096,3,2,62069,1.356458,v2,
case_084,3,5,283928,8.831154,v2,
case_084,3,4,451775,5.550134,v2,
case_084,3,3,467840,5.359550,v3,
case_084,3,2,1028694,2.437471,v3,
case_045,2,5,36426,3.448471,v2,
case_045,2,4,37436,3.355433,v2,
case_045,2,3,44068,2.850458,v2,
case_045,2,2,63994,1.962903,v2,
case_082,3,5,512091,1.408033,v1,
case_082,3,4,518834,1.389734,v1,
case_082,3,3,483369,1.491699,v1,
case_082,3,2,640751,1.125306,v1,
case_071,1,5,59438,0.318298,v1,
case_071,1,4,35582,0.531701,v1,
case_071,1,3,40381,0.468512,v1,
case_071,1,2,35425,0.534058,v1,
case_029,2,5,17747,2.116132,v4,
case_029,2,4,12408,3.026676,v3,
case_029,2,3,16456,2.282146,v3,
case_029,2,2,21251,1.767211,v3,
case_063,1,5,1116480,0.958725,v1,
case_063,1,4,1107066,0.966877,v1,
case_063,1,3,1097638,0.975182,v1,
case_063,1,2,1087584,0.984197,v1,
case_015,2,5,165273,1.073146,v1,
case_015,2,4,134905,1.314718,v1,
case_015,2,3,96019,1.847155,v1,
case_015,2,2,137078,1.293876,v1,
case_094,1,5,141499,0.670620,v1,
case_094,1,4,130555,0.726835,v1,
case_094,1,3,116949,0.811396,v2,
case_094,1,2,112638,0.842451,v1,
case_014,2,5,8115443,2.180858,v1,
case_014,2,4,7449587,2.375786,v1,
case_014,2,3,9192367,1.925361,v1,
case_014,2,2,9874119,1.792426,v1,
case_091,1,5,9070452,1.012824,v1,
case_091,1,4,9070686,1.012798,v1,
case_091,1,3,9114107,1.007972,v1,
case_091,1,2,9128546,1.006378,v1,
case_061,2,5,36680,2.104444,v4,
case_061,2,4,38128,2.024523,v4,
case_061,2,3,40274,1.916646,v4,
case_061,2,2,49251,1.567298,v4,
case_031,3,5,933220,1.515579,v1,
case_031,3,4,836656,1.690502,v2,
case_031,3,3,770029,1.836774,v1,
case_031,3,2,1075131,1.315532,v1,
case_033,3,5,1283255,1.382575,v1,
case_033,3,4,1109155,1.599592,v1,
case_033,3,3,1138141,1.558854,v1,
case_033,3,2,1001801,1.771006,v1,
case_040,3,5,197874,1.280886,v1,
case_040,3,4,193849,1.307482,v1,
case_040,3,3,217684,1.164321,v1,
case_040,3,2,221314,1.145224,v1,
case_046,2,5,134767,2.051355,v2,
case_046,2,4,143060,1.932441,v2,
case_046,2,3,179527,1.539908,v3,
case_046,2,2,218462,1.265460,v2,
case_050,2,5,103897,1.440754,v1,
case_050,2,4,114697,1.305091,v1,
case_050,2,3,114275,1.309910,v1,
case_050,2,2,138060,1.084239,v1,
case_053,3,5,887219,1.659890,v1,
case_053,3,4,867385,1.697846,v1,
case_053,3,3,946346,1.556181,v1,
case_053,3,2,1124257,1.309919,v1,
case_011,2,5,53361,3.461273,v2,
case_011,2,4,53752,3.436095,v2,
case_011,2,3,70699,2.612441,v2,
case_011,2,2,92646,1.993578,v1,
case_026,2,5,68751,1.442932,v2,
case_026,2,4,67919,1.460607,v2,
case_026,2,3,89685,1.106127,v1,
case_026,2,2,80726,1.228885,v1,
case_051,2,5,478133,1.270835,v2,
case_051,2,4,517321,1.174567,v2,
case_051,2,3,620268,0.979622,v1,
case_051,2,2,558128,1.088689,v2,
case_002,3,5,170028,1.540599,v1,
case_002,3,4,178922,1.464018,v1,
case_002,3,3,217437,1.204694,v1,
case_002,3,2,207374,1.263153,v1,
case_079,1,5,27088556,1.146324,v3,
case_079,1,4,7372124,4.212117,v1,
case_079,1,3,9821140,3.161777,v1,
case_079,1,2,14748382,2.105468,v3,
case_062,2,5,2667643,1.070162,v1,
case_062,2,4,2689580,1.061433,v1,
case_062,2,3,2701153,1.056885,v1,
case_062,2,2,2742333,1.041015,v1,
case_052,2,5,111403,1.618457,v1,
case_052,2,4,126056,1.430325,v1,
case_052,2,3,108598,1.660261,v1,
case_052,2,2,111780,1.612999,v1,
case_072,2,5,9520675,2.510098,v1,
case_072,2,4,8886996,2.689078,v1,
case_072,2,3,10260624,2.329081,v1,
case_072,2,2,13640150,1.752021,v1,
case_035,2,5,154767,1.095653,v1,
case_035,2,4,155995,1.087028,v1,
case_035,2,3,164759,1.029206,v1,
case_035,2,2,148974,1.138259,v1,
case_032,3,5,25815,1.605384,v2,
case_032,3,4,24696,1.678126,v2,
case_032,3,3,32256,1.284815,v2,
case_032,3,2,34319,1.207582,v1,
case_025,1,5,4914720,0.989482,v1,
case_025,1,4,4557993,1.066923,v2,
case_025,1,3,4893260,0.993821,v1,
case_025,1,2,4882980,0.995914,v1,
case_066,1,5,382242,0.939379,v1,
case_066,1,4,399779,0.898171,v1,
case_066,1,3,387282,0.927154,v1,
case_066,1,2,380090,0.944697,v1,
case_052,1,5,189295,0.952487,v2,
case_052,1,4,164013,1.099309,v3,
case_052,1,3,203693,0.885161,v3,
case_052,1,2,200315,0.900087,v1,
case_074,1,5,1707151,0.985407,v1,
case_074,1,4,1575716,1.067603,v3,
case_074,1,3,1668097,1.008478,v1,
case_074,1,2,1675633,1.003942,v1,
case_077,2,5,273154,1.813336,v4,
case_077,2,4,269677,1.836716,v4,
case_077,2,3,297581,1.664488,v4,
case_077,2,2,348150,1.422720,v4,
case_097,1,5,3158392,3.638405,v2,
case_097,1,4,2591900,4.433624,v1,
case_097,1,3,5172931,2.221470,v3,
case_097,1,2,5161740,2.226286,v1,
case_039,3,5,578586,2.480637,v2,
case_039,3,4,1094625,1.311191,v1,
case_039,3,3,1132567,1.267265,v1,
case_039,3,2,1037003,1.384048,v1,
case_077,1,5,546911,0.905668,v1,
case_077,1,4,537350,0.921783,v1,
case_077,1,3,527992,0.938120,v1,
case_077,1,2,482773,1.025989,v1,
case_066,2,5,264343,1.358349,v1,
case_066,2,4,291485,1.231864,v1,
case_066,2,3,280974,1.277947,v1,
case_066,2,2,323051,1.111496,v1,
case_077,3,5,459151,1.078774,v1,
case_077,3,4,401757,1.232885,v1,
case_077,3,3,401549,1.233523,v1,
case_077,3,2,365695,1.354462,v1,
case_075,1,5,1484668,0.971132,v1,
case_075,1,4,1475193,0.977370,v1,
case_075,1,3,1464143,0.984746,v1,
case_075,1,2,1452702,0.992502,v1,
case_068,2,5,201885,1.793571,v3,
case_068,2,4,227249,1.593384,v3,
case_068,2,3,309646,1.169384,v1,
case_068,2,2,343582,1.053882,v1,
case_070,1,5,170261,0.688942,v1,
case_070,1,4,156369,0.750149,v1,
case_070,1,3,148608,0.789325,v1,
case_070,1,2,130746,0.897159,v2,
case_061,1,5,96583,0.799219,v2,
case_061,1,4,122533,0.629961,v1,
case_061,1,3,98653,0.782450,v2,
case_061,1,2,105648,0.730643,v1,
case_005,2,5,85804,1.114377,v1,
case_005,2,4,89278,1.071014,v4,
case_005,2,3,83889,1.139816,v1,
case_005,2,2,86662,1.103344,v1,
case_045,1,5,92607,1.356420,v2,
case_045,1,4,89446,1.404356,v2,
case_045,1,3,87461,1.436229,v2,
case_045,1,2,88281,1.422888,v2,
case_009,2,5,129372,1.184654,v1,
case_009,2,4,133090,1.151559,v1,
case_009,2,3,136885,1.119633,v1,
case_009,2,2,126060,1.215778,v1,
case_086,2,5,105057,1.127036,v1,
case_086,2,4,105387,1.123507,v1,
case_086,2,3,90037,1.315048,v1,
case_086,2,2,109504,1.081266,v1,
case_048,3,5,205749,1.080054,v1,
case_048,3,4,206791,1.074612,v1,
case_048,3,3,214380,1.036571,v1,
case_048,3,2,220453,1.008015,v1,
case_097,3,5,4256173,2.699963,v1,
case_097,3,4,2626908,4.374538,v1,
case_097,3,3,3926040,2.926997,v1,
case_097,3,2,5617602,2.045625,v1,
case_016,2,5,7600890,1.015082,v2,
case_016,2,4,7606776,1.014296,v2,
case_016,2,3,7655882,1.007790,v2,
case_016,2,2,7689187,1.003425,v2,
case_047,3,5,324092,1.007455,v1,
case_047,3,4,319821,1.020909,v1,
case_047,3,3,320355,1.019207,v1,
case_047,3,2,327806,0.996040,v1,
case_013,2,5,54363,4.855306,v4,
case_013,2,4,66982,3.940596,v4,
case_013,2,3,88351,2.987504,v4,
case_013,2,2,132198,1.996619,v4,
case_076,1,5,6107494,1.012709,v1,
case_076,1,4,6102839,1.013481,v1,
case_076,1,3,6115197,1.011433,v1,
case_076,1,2,6134418,1.008264,v1,
case_041,3,5,4084561,1.469915,v1,
case_041,3,4,3106463,1.932731,v1,
case_041,3,3,3461721,1.734385,v1,
case_041,3,2,3988640,1.505264,v1,
case_020,3,5,113282,4.702830,v2,
case_020,3,4,133704,3.984518,v1,
case_020,3,3,177950,2.993796,v1,
case_020,3,2,266580,1.998447,v1,
case_061,3,5,36315,2.125595,v4,
case_061,3,4,36816,2.096670,v4,
case_061,3,3,40334,1.913795,v4,
case_061,3,2,48603,1.588194,v4,
case_100,1,5,136961,1.104132,v3,
case_100,1,4,140722,1.074622,v3,
case_100,1,3,175020,0.864033,v2,
case_100,1,2,171992,0.879244,v1,
case_046,1,5,197066,1.402855,v2,
case_046,1,4,193954,1.425364,v2,
case_046,1,3,225150,1.227870,v3,
case_046,1,2,261993,1.055200,v1,
case_044,1,5,108978,1.416864,v3,
case_044,1,4,111041,1.390540,v3,
case_044,1,3,137140,1.125908,v3,
case_044,1,2,136059,1.134853,v3,
case_019,1,5,104944,0.773212,v2,
case_019,1,4,115735,0.701119,v1,
case_019,1,3,89908,0.902523,v2,
case_019,1,2,98989,0.819727,v1,
case_100,3,5,79812,1.894740,v3,
case_100,3,4,92652,1.632161,v3,
case_100,3,3,109935,1.375567,v2,
case_100,3,2,111219,1.359687,v1,
case_024,1,5,2563887,0.996668,v2,
case_024,1,4,2473649,1.033026,v2,
case_024,1,3,2599712,0.982933,v1,
case_024,1,2,2583503,0.989100,v1,
case_031,1,5,1448992,0.976105,v1,
case_031,1,4,1396766,1.012603,v3,
case_031,1,3,1428191,0.990322,v1,
case_031,1,2,1420574,0.995632,v1,
case_015,1,5,224968,0.788388,v1,
case_015,1,4,221976,0.799014,v1,
case_015,1,3,170409,1.040802,v3,
case_015,1,2,197476,0.898145,v1,
case_010,2,5,49854,1.744474,v2,
case_010,2,4,66511,1.307588,v1,
case_010,2,3,58597,1.484189,v1,
case_010,2,2,51868,1.676737,v1,
case_057,2,5,37622,1.587529,v1,
case_057,2,4,52910,1.128823,v1,
case_057,2,3,39740,1.502919,v2,
case_057,2,2,41281,1.446816,v1,
case_042,3,5,513375,3.285590,v2,
case_042,3,4,595489,2.832529,v1,
case_042,3,3,697824,2.417142,v1,
case_042,3,2,944117,1.786579,v1,
case_099,1,5,1456733,1.114136,v3,
case_099,1,4,1299275,1.249157,v3,
case_099,1,3,1486396,1.091902,v3,
case_099,1,2,1615545,1.004614,v1,
case_055,1,5,149803,0.793275,v1,
case_055,1,4,150267,0.790826,v2,
case_055,1,3,136606,0.869911,v1,
case_055,1,2,132053,0.899904,v1,
case_090,3,5,466765,2.524532,v2,
case_090,3,4,335493,3.512333,v2,
case_090,3,3,398167,2.959469,v3,
case_090,3,2,569942,2.067514,v2,
case_020,2,5,113462,4.695369,v2,
case_020,2,4,133704,3.984518,v1,
case_020,2,3,177950,2.993796,v1,
case_020,2,2,266580,1.998447,v1,
case_028,1,5,44356661,0.988263,v1,
case_028,1,4,44269298,0.990213,v1,
case_028,1,3,44054824,0.995034,v1,
case_028,1,2,43834757,1.000029,v1,
case_064,3,5,35999,0.531015,v1,
case_064,3,4,28813,0.663451,v1,
case_064,3,3,23019,0.830444,v1,
case_064,3,2,22546,0.847867,v1,
case_003,1,5,653046,0.922159,v1,
case_003,1,4,644258,0.934737,v1,
case_003,1,3,634983,0.948391,v1,
case_003,1,2,626175,0.961731,v1,
case_025,2,5,987150,4.926329,v1,
case_025,2,4,1228292,3.959177,v1,
case_025,2,3,1628188,2.986772,v1,
case_025,2,2,2436560,1.995857,v1,
case_085,3,5,2846070,1.120106,v1,
case_085,3,4,2955320,1.078698,v1,
case_085,3,3,2958999,1.077357,v1,
case_085,3,2,3092849,1.030732,v1,
case_006,1,5,101461,0.816442,v2,
case_006,1,4,120560,0.687102,v1,
case_006,1,3,99065,0.836188,v1,
case_006,1,2,100924,0.820786,v1,
case_022,2,5,45047,1.260461,v1,
case_022,2,4,48073,1.181120,v1,
case_022,2,3,34593,1.641373,v1,
case_022,2,2,43235,1.313288,v1,
case_017,2,5,100939,1.612954,v1,
case_017,2,4,92647,1.757315,v2,
case_017,2,3,70488,2.309755,v1,
case_017,2,2,100616,1.618132,v1,
case_068,1,5,296031,1.223166,v3,
case_068,1,4,326920,1.107595,v3,
case_068,1,3,351204,1.031010,v1,
case_068,1,2,377646,0.958821,v1,
case_036,3,5,187182,4.976493,v1,
case_036,3,4,233584,3.987902,v1,
case_036,3,3,319655,2.914111,v1,
case_036,3,2,466068,1.998657,v1,
case_035,3,5,154611,1.096759,v1,
case_035,3,4,155902,1.087677,v1,
case_035,3,3,164746,1.029288,v1,
case_035,3,2,148881,1.138970,v1,
case_037,1,5,137675,1.525339,v2,
case_037,1,4,245536,0.855276,v1,
case_037,1,3,237402,0.884580,v1,
case_037,1,2,180458,1.163711,v2,
case_014,1,5,17529646,1.009640,v1,
case_014,1,4,15934509,1.110710,v1,
case_014,1,3,17559863,1.007902,v1,
case_014,1,2,17606809,1.005215,v1,
case_010,1,5,96116,0.904834,v2,
case_010,1,4,130542,0.666215,v1,
case_010,1,3,115002,0.756239,v1,
case_010,1,2,106107,0.819635,v1,
case_058,2,5,4032026,1.125915,v3,
case_058,2,4,2375809,1.910809,v3,
case_058,2,3,4083273,1.111784,v3,
case_058,2,2,4122542,1.101194,v3,
case_066,3,5,263501,1.362689,v1,
case_066,3,4,291170,1.233197,v1,
case_066,3,3,280934,1.278129,v1,
case_066,3,2,323051,1.111496,v1,
case_095,3,5,353619,5.895761,v2,
case_095,3,4,358957,5.808086,v2,
case_095,3,3,434912,4.793735,v2,
case_095,3,2,586651,3.553822,v3,
case_090,1,5,651622,1.808354,v2,
case_090,1,4,549711,2.143605,v3,
case_090,1,3,556457,2.117617,v3,
case_090,1,2,763790,1.542784,v2,
case_001,2,5,47502,4.907372,v1,
case_001,2,4,64209,3.630488,v1,
case_001,2,3,84934,2.744602,v1,
case_001,2,2,122093,1.909282,v1,
case_094,2,5,77878,1.218470,v1,
case_094,2,4,82532,1.149760,v1,
case_094,2,3,64953,1.460933,v2,
case_094,2,2,69615,1.363097,v1,
case_093,1,5,81016,0.915930,v2,
case_093,1,4,107572,0.689817,v1,
case_093,1,3,99620,0.744881,v1,
case_093,1,2,73430,1.010554,v1,
case_023,1,5,166236,0.737590,v1,
case_023,1,4,87726,1.397693,v3,
case_023,1,3,115418,1.062347,v2,
case_023,1,2,89107,1.376031,v3,
case_038,2,5,860673,1.585451,v1,
case_038,2,4,750742,1.817608,v1,
case_038,2,3,807024,1.690848,v1,
case_038,2,2,886193,1.539794,v1,
