case,Q,N,local_mk,local_sp,local_source,cluster_mk,cluster_sp,cluster_ver,cluster_note,rel_gain_pct
case_001,1,2,116868,1.9946,current:A-P1-STRAND-N2R,250632,0.9301,v1,,-114.46
case_002,1,2,142384,1.8397,current:A-P1-STRAND-N2R,279588,0.9369,v1,,-96.36
case_003,1,2,503531,1.196,current:A-P1-STRAND-N2R,626175,0.9617,v1,,-24.36
case_004,1,2,200732,1.9546,current:A-P1-STRAND-N2R,410474,0.9559,v2,,-104.49
case_005,1,2,86801,1.1016,current:A-P1-STRAND-N2R,113557,0.842,v1,,-30.82
case_006,1,2,43605,1.8997,current:A-P1-STRAND-N2R,100924,0.8208,v1,,-131.45
case_007,1,2,510028,1.9853,current:A-P1-STRAND-N2R,1032516,0.9807,v1,,-102.44
case_008,1,2,244266,1.9962,current:A-P1-STRAND-N2R,145472,3.3519,v3,,40.45
case_009,1,2,95583,1.6034,current:A-P1-STRAND-N2R,172137,0.8903,v1,,-80.09
case_010,1,2,45749,1.901,current:A-P1-STRAND-N2R,106107,0.8196,v1,,-131.93
case_011,1,2,92646,1.9936,current:A-P1-STRAND-N2R,96300,1.9179,v1,,-3.94
case_012,1,2,30635,1.9288,current:A-P1-STRAND-N2R,69979,0.8444,v1,,-128.43
case_013,1,2,132198,1.9966,current:A-P1-STRAND-N2R,280524,0.9409,v1,,-112.2
case_014,1,2,8860560,1.9975,current:N4-compress,17606809,1.0052,v1,,-98.71
case_015,1,2,90611,1.9574,current:A-P1-STRAND-N2R,197476,0.8981,v1,,-117.94
case_016,1,2,7138421,1.0808,current:N4-compress,7745323,0.9962,v1,,-8.5
case_017,1,2,88498,1.8397,current:A-P1-STRAND-N2R,169134,0.9626,v2,,-91.12
case_018,1,2,504530,1.9907,current:A-P1-STRAND-N2R,1019575,0.9851,v1,,-102.08
case_019,1,2,41092,1.9747,current:A-P1-STRAND-N2R,98989,0.8197,v1,,-140.9
case_020,1,2,266580,1.9984,current:A-P1-STRAND-N2R,269212,1.9789,v1,,-0.99
case_021,1,2,3208870,2.0468,current:A-P1-STRAND-N2R,3107447,2.1136,v3,,3.16
case_022,1,2,29327,1.9361,current:A-P1-STRAND-N2R,73336,0.7742,v1,,-150.06
case_023,1,2,61691,1.9876,current:A-P1-STRAND-N2R,89107,1.376,v3,,-44.44
case_024,1,2,2555343,1.0,current:A-P1-STRAND-N2R,2583503,0.9891,v1,,-1.1
case_025,1,2,2431840,1.9997,current:A-P1-STRAND-N2R,4882980,0.9959,v1,,-100.79
case_026,1,2,53852,1.8421,current:A-P1-STRAND-N2R,118425,0.8377,v1,,-119.91
case_027,1,2,1116984,2.1164,current:A-P1-STRAND-N2R,1124556,2.1021,v1,,-0.68
case_028,1,2,21202419,2.0675,current:N4-compress,43834757,1.0,v1,,-106.74
case_029,1,2,20143,1.8644,current:A-P1-STRAND-N2R,32691,1.1488,v3,,-62.29
case_030,1,2,1413965,1.9859,current:A-P1-STRAND-N2R,2795209,1.0046,v1,,-97.69
case_031,1,2,718095,1.9696,current:A-P1-STRAND-N2R,1420574,0.9956,v1,,-97.83
case_032,1,2,21681,1.9115,current:A-P1-STRAND-N2R,56866,0.7288,v1,,-162.28
case_033,1,2,890125,1.9932,current:A-P1-STRAND-N2R,1212251,1.4636,v2,,-36.19
case_034,1,2,420015,2.0071,current:A-P1-STRAND-N2R,846024,0.9964,v1,,-101.43
case_035,1,2,96132,1.7639,current:A-P1-STRAND-N2R,192482,0.881,v1,,-100.23
case_036,1,2,466068,1.9987,current:A-P1-STRAND-N2R,467614,1.992,v3,,-0.33
case_037,1,2,105374,1.9929,current:A-P1-STRAND-N2R,180458,1.1637,v2,,-71.25
case_038,1,2,676424,2.0173,current:A-P1-STRAND-N2R,1355114,1.007,v3,,-100.33
case_039,1,2,721254,1.99,current:A-P1-STRAND-N2R,1353970,1.06,v3,,-87.72
case_040,1,2,128377,1.9743,current:A-P1-STRAND-N2R,277273,0.9141,v1,,-115.98
case_041,1,2,2984490,2.0117,current:A-P1-STRAND-N2R,5939598,1.0108,v1,,-99.02
case_042,1,2,849019,1.9867,current:A-P1-STRAND-N2R,1676752,1.006,v2,,-97.49
case_043,1,2,381405,1.7767,current:A-P1-STRAND-N2R,696123,0.9735,v1,,-82.52
case_044,1,2,100665,1.5339,current:A-P1-STRAND-N2R,136059,1.1349,v3,,-35.16
case_045,1,2,63059,1.992,current:A-P1-STRAND-N2R,88281,1.4229,v2,,-40.0
case_046,1,2,160984,1.7173,current:A-P1-STRAND-N2R,261993,1.0552,v1,,-62.74
case_047,1,2,319598,1.0216,current:A-P1-STRAND-N2R,344622,0.9474,v1,,-7.83
case_048,1,2,215323,1.032,current:A-P1-STRAND-N2R,236712,0.9388,v1,,-9.93
case_049,1,2,144999,1.3536,current:A-P1-STRAND-N2R,217973,0.9005,v1,,-50.33
case_050,1,2,95771,1.563,current:A-P1-STRAND-N2R,168289,0.8895,v1,,-75.72
case_051,1,2,607628,1.0,current:A-P1-STRAND-N2R,631801,0.9617,v2,,-3.98
case_052,1,2,95988,1.8784,current:A-P1-STRAND-N2R,200315,0.9001,v1,,-108.69
case_053,1,2,770823,1.9105,current:A-P1-STRAND-N2R,1452962,1.0136,v1,,-88.49
case_054,1,2,519877,1.5678,current:A-P1-STRAND-N2R,835213,0.9759,v1,,-60.66
case_055,1,2,67717,1.7549,current:A-P1-STRAND-N2R,132053,0.8999,v1,,-95.01
case_056,1,2,250612,1.1064,current:A-P1-STRAND-N2R,299580,0.9256,v1,,-19.54
case_057,1,2,32340,1.8468,current:A-P1-STRAND-N2R,75255,0.7936,v1,,-132.7
case_058,1,2,2210870,2.0534,current:A-P1-STRAND-N2R,4207963,1.0788,v3,,-90.33
case_059,1,2,370362,2.2396,current:A-P1-STRAND-N2R,372972,2.224,v1,,-0.7
case_060,1,2,433063,2.0523,current:A-P1-STRAND-N2R,871507,1.0198,v3,,-101.24
case_061,1,2,43745,1.7646,current:A-P1-STRAND-N2R,105648,0.7306,v1,,-141.51
case_062,1,2,1639933,1.7408,current:A-P1-STRAND-N2R,2872464,0.9939,v1,,-75.16
case_063,1,2,635743,1.6837,current:A-P1-STRAND-N2R,1087584,0.9842,v1,,-71.07
case_064,1,2,17752,1.0768,current:A-P1-STRAND-N2R,34702,0.5509,v1,,-95.48
case_065,1,2,30375,1.7471,current:A-P1-STRAND-N2R,70079,0.7573,v1,,-130.71
case_066,1,2,208819,1.7195,current:A-P1-STRAND-N2R,380090,0.9447,v1,,-82.02
case_067,1,2,31178978,2.0474,current:A-P1-STRAND-N2R,55092954,1.1587,v2,,-76.7
case_068,1,2,303472,1.1932,current:A-P1-STRAND-N2R,377646,0.9588,v1,,-24.44
case_069,1,2,18537,1.3564,current:A-P1-STRAND-N2R,37978,0.6621,v1,,-104.88
case_070,1,2,58827,1.994,current:A-P1-STRAND-N2R,130746,0.8972,v2,,-122.26
case_071,1,2,13023,1.4527,current:A-P1-STRAND-N2R,35425,0.5341,v1,,-172.02
case_072,1,2,11855610,2.0157,current:N4-compress,23790208,1.0045,v1,,-100.67
case_073,1,2,4494830,2.2429,current:A-P1-STRAND-N2R,6390937,1.5775,v3,,-42.18
case_074,1,2,826008,2.0366,current:A-P1-STRAND-N2R,1675633,1.0039,v1,,-102.86
case_075,1,2,1078232,1.3372,current:A-P1-STRAND-N2R,1452702,0.9925,v1,,-34.73
case_076,1,2,3097318,1.9969,current:N4-compress,6134418,1.0083,v1,,-98.06
case_077,1,2,258698,1.9147,current:A-P1-STRAND-N2R,482773,1.026,v1,,-86.62
case_078,1,2,1233134,1.862,current:A-P1-STRAND-N2R,2066755,1.111,v2,,-67.6
case_079,1,2,15301256,2.0294,current:A-P1-STRAND-N2R,14748382,2.1055,v3,,3.61
case_080,1,2,146240,1.9977,current:A-P1-STRAND-N2R,246683,1.1843,v2,,-68.68
case_081,1,2,78606,1.9311,current:A-P1-STRAND-N2R,139988,1.0843,v2,,-78.09
case_082,1,2,537830,1.3406,current:A-P1-STRAND-N2R,740924,0.9732,v1,,-37.76
case_083,1,2,484071,2.1856,current:A-P1-STRAND-N2R,1000126,1.0579,v1,,-106.61
case_084,1,2,1255052,1.9979,current:A-P1-STRAND-N2R,1251353,2.0038,v3,,0.29
case_085,1,2,2401681,1.3274,current:A-P1-STRAND-N2R,3210941,0.9928,v1,,-33.7
case_086,1,2,105038,1.1272,current:A-P1-STRAND-N2R,136912,0.8648,v1,,-30.35
case_087,1,2,2192533,1.8125,current:A-P1-STRAND-N2R,3940694,1.0085,v1,,-79.73
case_088,1,2,193380,1.2598,current:A-P1-STRAND-N2R,261674,0.931,v1,,-35.32
case_089,1,2,346832,1.9984,current:A-P1-STRAND-N2R,686141,1.0101,v2,,-97.83
case_090,1,2,548389,2.1488,current:A-P1-STRAND-N2R,763790,1.5428,v2,,-39.28
case_091,1,2,4689338,1.9591,current:N4-compress,9128546,1.0064,v1,,-94.67
case_092,1,2,2426700,1.9844,current:A-P1-STRAND-N2R,4873018,0.9882,v1,,-100.81
case_093,1,2,40282,1.8421,current:A-P1-STRAND-N2R,73430,1.0106,v1,,-82.29
case_094,1,2,52437,1.8096,current:A-P1-STRAND-N2R,112638,0.8425,v1,,-114.81
case_095,1,2,1042860,1.9992,current:A-P1-STRAND-N2R,596817,3.4933,v3,,42.77
case_096,1,2,43537,1.9338,current:A-P1-STRAND-N2R,93418,0.9013,v1,,-114.57
case_097,1,2,5156692,2.2285,current:A-P1-STRAND-N2R,5161740,2.2263,v1,,-0.1
case_098,1,2,89926,1.9731,current:A-P1-STRAND-N2R,197762,0.8972,v1,,-119.92
case_099,1,2,808940,2.0063,current:A-P1-STRAND-N2R,1615545,1.0046,v1,,-99.71
case_100,1,2,75471,2.0037,current:A-P1-STRAND-N2R,171992,0.8792,v1,,-127.89
case_001,1,3,78545,2.9679,current:A-P1-STRAND-N3R,237799,0.9803,v3,,-202.76
case_002,1,3,113233,2.3133,current:A-P1-STRAND-N3R,288910,0.9067,v1,,-155.15
case_003,1,3,493113,1.2212,current:A-P1-STRAND-N3R,634983,0.9484,v1,,-28.77
case_004,1,3,134043,2.9271,current:A-P1-STRAND-N3R,155117,2.5294,v3,,-15.72
case_005,1,3,81410,1.1745,current:A-P1-STRAND-N3R,122672,0.7795,v1,,-50.68
case_006,1,3,35431,2.338,current:A-P1-STRAND-N3R,99065,0.8362,v1,,-179.6
case_007,1,3,338094,2.9949,current:A-P1-STRAND-N3R,642596,1.5757,v2,,-90.06
case_008,1,3,163359,2.9849,current:A-P1-STRAND-N3R,136731,3.5662,v3,,16.3
case_009,1,3,88579,1.7302,current:A-P1-STRAND-N3R,180262,0.8502,v1,,-103.5
case_010,1,3,33268,2.6142,current:A-P1-STRAND-N3R,115002,0.7562,v1,,-245.68
case_011,1,3,71115,2.5972,current:A-P1-STRAND-N3R,107260,1.722,v2,,-50.83
case_012,1,3,21700,2.7229,current:A-P1-STRAND-N3R,86020,0.6869,v1,,-296.41
case_013,1,3,88351,2.9875,current:A-P1-STRAND-N3R,272077,0.9701,v2,,-207.95
case_014,1,3,8821351,2.0063,current:N4-compress,17559863,1.0079,v1,,-99.06
case_015,1,3,66081,2.684,current:A-P1-STRAND-N3R,170409,1.0408,v3,,-157.88
case_016,1,3,9498366,0.8123,current:N4-compress,7760453,0.9942,v1,,18.3
case_017,1,3,64550,2.5222,current:A-P1-STRAND-N3R,121462,1.3404,v3,,-88.17
case_018,1,3,346142,2.9016,current:A-P1-STRAND-N3R,1029736,0.9754,v1,,-197.49
case_019,1,3,27872,2.9113,current:A-P1-STRAND-N3R,89908,0.9025,v2,,-222.57
case_020,1,3,177950,2.9938,current:A-P1-STRAND-N3R,181548,2.9345,v1,,-2.02
case_021,1,3,2095636,3.1341,current:A-P1-STRAND-N3R,4405336,1.4909,v2,,-110.21
case_022,1,3,19993,2.84,current:A-P1-STRAND-N3R,82059,0.6919,v1,,-310.44
case_023,1,3,45185,2.7136,current:A-P1-STRAND-N3R,115418,1.0623,v2,,-155.43
case_024,1,3,2555343,1.0,current:A-P1-STRAND-N3R,2599712,0.9829,v1,,-1.74
case_025,1,3,1624878,2.9929,current:A-P1-STRAND-N3R,4893260,0.9938,v1,,-201.15
case_026,1,3,42022,2.3607,current:A-P1-STRAND-N3R,135751,0.7308,v1,,-223.05
case_027,1,3,804195,2.9395,current:A-P1-STRAND-N3R,917579,2.5763,v2,,-14.1
case_028,1,3,20987982,2.0886,current:N4-compress,44054824,0.995,v1,,-109.91
case_029,1,3,12743,2.9471,current:A-P1-STRAND-N3R,30616,1.2266,v3,,-140.26
case_030,1,3,946788,2.9659,current:A-P1-STRAND-N3R,2590928,1.0838,v3,,-173.65
case_031,1,3,483630,2.9245,current:A-P1-STRAND-N3R,1428191,0.9903,v1,,-195.31
case_032,1,3,15213,2.7242,current:A-P1-STRAND-N3R,57896,0.7158,v2,,-280.57
case_033,1,3,605688,2.9292,current:A-P1-STRAND-N3R,1563566,1.1347,v3,,-158.15
case_034,1,3,294524,2.8622,current:A-P1-STRAND-N3R,806213,1.0456,v3,,-173.73
case_035,1,3,96214,1.7624,current:A-P1-STRAND-N3R,203108,0.8349,v1,,-111.1
case_036,1,3,311345,2.9919,current:A-P1-STRAND-N3R,958296,0.972,v1,,-207.79
case_037,1,3,77045,2.7257,current:A-P1-STRAND-N3R,237402,0.8846,v1,,-208.13
case_038,1,3,462719,2.949,current:A-P1-STRAND-N3R,1350244,1.0106,v3,,-191.81
case_039,1,3,485715,2.9549,current:A-P1-STRAND-N3R,887750,1.6167,v2,,-82.77
case_040,1,3,105763,2.3964,current:A-P1-STRAND-N3R,286189,0.8856,v1,,-170.59
case_041,1,3,2970759,2.021,current:N4-compress,5403745,1.1111,v3,,-81.9
case_042,1,3,569539,2.9616,current:A-P1-STRAND-N3R,894029,1.8867,v2,,-56.97
case_043,1,3,293944,2.3054,current:A-P1-STRAND-N3R,680654,0.9956,v1,,-131.56
case_044,1,3,107512,1.4362,current:A-P1-STRAND-N3R,137140,1.1259,v3,,-27.56
case_045,1,3,46928,2.6767,current:A-P1-STRAND-N3R,87461,1.4362,v2,,-86.37
case_046,1,3,129708,2.1314,current:A-P1-STRAND-N3R,225150,1.2279,v3,,-73.58
case_047,1,3,310790,1.0506,current:A-P1-STRAND-N3R,354363,0.9214,v1,,-14.02
case_048,1,3,212734,1.0446,current:A-P1-STRAND-N3R,244173,0.9101,v1,,-14.78
case_049,1,3,140006,1.4019,current:A-P1-STRAND-N3R,227665,0.8621,v1,,-62.61
case_050,1,3,91589,1.6344,current:A-P1-STRAND-N3R,176566,0.8478,v1,,-92.78
case_051,1,3,607628,1.0,current:A-P1-STRAND-N3R,643255,0.9446,v1,,-5.86
case_052,1,3,65599,2.7485,current:A-P1-STRAND-N3R,203693,0.8852,v3,,-210.51
case_053,1,3,491765,2.9947,current:A-P1-STRAND-N3R,1437349,1.0246,v1,,-192.28
case_054,1,3,476978,1.7088,current:A-P1-STRAND-N3R,849049,0.96,v1,,-78.01
case_055,1,3,45773,2.5962,current:A-P1-STRAND-N3R,136606,0.8699,v1,,-198.44
case_056,1,3,243378,1.1393,current:A-P1-STRAND-N3R,310317,0.8936,v1,,-27.5
case_057,1,3,22230,2.6867,current:A-P1-STRAND-N3R,70979,0.8415,v2,,-219.29
case_058,1,3,1502805,3.0208,current:A-P1-STRAND-N3R,4182328,1.0855,v3,,-178.3
case_059,1,3,254424,3.2602,current:A-P1-STRAND-N3R,372491,2.2268,v2,,-46.41
case_060,1,3,300109,2.9616,current:A-P1-STRAND-N3R,746143,1.1912,v3,,-148.62
case_061,1,3,32263,2.3926,current:A-P1-STRAND-N3R,98653,0.7824,v2,,-205.78
case_062,1,3,1172887,2.434,current:A-P1-STRAND-N3R,2882288,0.9905,v1,,-145.74
case_063,1,3,464250,2.3056,current:A-P1-STRAND-N3R,1097638,0.9752,v1,,-136.43
case_064,1,3,17462,1.0947,current:A-P1-STRAND-N3R,43221,0.4423,v1,,-147.51
case_065,1,3,23207,2.2867,current:A-P1-STRAND-N3R,33296,1.5938,v2,,-43.47
case_066,1,3,198557,1.8084,current:A-P1-STRAND-N3R,387282,0.9272,v1,,-95.05
case_067,1,3,21073561,3.0291,current:A-P1-STRAND-N3R,64132098,0.9954,v2,,-204.32
case_068,1,3,296160,1.2226,current:A-P1-STRAND-N3R,351204,1.031,v1,,-18.59
case_069,1,3,15540,1.618,current:A-P1-STRAND-N3R,50456,0.4983,v1,,-224.68
case_070,1,3,42714,2.7462,current:A-P1-STRAND-N3R,148608,0.7893,v1,,-247.91
case_071,1,3,11177,1.6927,current:A-P1-STRAND-N3R,40381,0.4685,v1,,-261.29
case_072,1,3,11825630,2.0209,current:N4-compress,23756511,1.0059,v1,,-100.89
case_073,1,3,3126575,3.2245,current:A-P1-STRAND-N3R,3851219,2.6178,v2,,-23.18
case_074,1,3,569121,2.9559,current:A-P1-STRAND-N3R,1668097,1.0085,v1,,-193.1
case_075,1,3,930849,1.5489,current:A-P1-STRAND-N3R,1464143,0.9847,v1,,-57.29
case_076,1,3,3085482,2.0046,current:N4-compress,6115197,1.0114,v1,,-98.19
case_077,1,3,180421,2.7454,current:A-P1-STRAND-N3R,527992,0.9381,v1,,-192.64
case_078,1,3,782897,2.9329,current:A-P1-STRAND-N3R,1693343,1.356,v3,,-116.29
case_079,1,3,10110455,3.0713,current:A-P1-STRAND-N3R,9821140,3.1618,v1,,2.86
case_080,1,3,101509,2.878,current:A-P1-STRAND-N3R,204231,1.4304,v2,,-101.19
case_081,1,3,52790,2.8754,current:A-P1-STRAND-N3R,103069,1.4728,v2,,-95.24
case_082,1,3,413643,1.7431,current:A-P1-STRAND-N3R,701648,1.0276,v1,,-69.63
case_083,1,3,331942,3.1873,current:A-P1-STRAND-N3R,606955,1.7431,v2,,-82.85
case_084,1,3,836220,2.9985,current:A-P1-STRAND-N3R,477077,5.2558,v3,,42.95
case_085,1,3,1825946,1.7459,current:A-P1-STRAND-N3R,3223235,0.989,v1,,-76.52
case_086,1,3,102254,1.1579,current:A-P1-STRAND-N3R,134779,0.8785,v1,,-31.81
case_087,1,3,1428996,2.781,current:A-P1-STRAND-N3R,3944127,1.0076,v1,,-176.01
case_088,1,3,182629,1.334,current:A-P1-STRAND-N3R,272438,0.8942,v1,,-49.18
case_089,1,3,243614,2.845,current:A-P1-STRAND-N3R,297303,2.3313,v2,,-22.04
case_090,1,3,433196,2.7202,current:A-P1-STRAND-N3R,556457,2.1176,v3,,-28.45
case_091,1,3,4448410,2.0652,current:N4-compress,9114107,1.008,v1,,-104.88
case_092,1,3,1756945,2.7409,current:A-P1-STRAND-N3R,4986490,0.9657,v1,,-183.82
case_093,1,3,25103,2.956,current:A-P1-STRAND-N3R,99620,0.7449,v1,,-296.84
case_094,1,3,37909,2.5032,current:A-P1-STRAND-N3R,116949,0.8114,v2,,-208.5
case_095,1,3,695775,2.9964,current:A-P1-STRAND-N3R,524050,3.9783,v2,,24.68
case_096,1,3,32465,2.5934,current:A-P1-STRAND-N3R,88380,0.9526,v2,,-172.23
case_097,1,3,3546231,3.2405,current:A-P1-STRAND-N3R,5172931,2.2215,v3,,-45.87
case_098,1,3,79355,2.2359,current:A-P1-STRAND-N3R,199728,0.8884,v2,,-151.69
case_099,1,3,542966,2.9891,current:A-P1-STRAND-N3R,1486396,1.0919,v3,,-173.75
case_100,1,3,54924,2.7533,current:A-P1-STRAND-N3R,175020,0.864,v2,,-218.66
case_001,1,4,58984,3.9521,current:A-P1-MERGE-N4R,265686,0.8774,v1,,-350.44
case_002,1,4,79755,3.2844,current:A-P1-MERGE-N4R,298352,0.878,v1,,-274.09
case_003,1,4,492023,1.224,current:A-P1-MERGE-N4R,644258,0.9347,v1,,-30.94
case_004,1,4,104188,3.7659,current:A-P1-MERGE-N4R,187778,2.0895,v2,,-80.23
case_005,1,4,79965,1.1957,current:A-P1-MERGE-N4R,130655,0.7318,v1,,-63.39
case_006,1,4,28267,2.9305,current:A-P1-MERGE-N4R,120560,0.6871,v1,,-326.5
case_007,1,4,258336,3.9196,current:A-P1-MERGE-N4R,426622,2.3734,v3,,-65.14
case_008,1,4,123060,3.9623,current:A-P1-MERGE-N4R,133912,3.6412,v2,,-8.82
case_009,1,4,91287,1.6789,current:A-P1-MERGE-N4R,189069,0.8106,v1,,-107.11
case_010,1,4,25186,3.4531,current:A-P1-MERGE-N4R,130542,0.6662,v1,,-418.31
case_011,1,4,46880,3.9398,current:A-P1-MERGE-N4R,94455,1.9554,v2,,-101.48
case_012,1,4,17942,3.2933,current:A-P1-MERGE-N4R,93392,0.6327,v1,,-420.52
case_013,1,4,67740,3.8965,current:A-P1-MERGE-N4R,278464,0.9479,v2,,-311.08
case_014,1,4,4550479,3.8894,current:A-P1-MERGE-N4R,15934509,1.1107,v1,,-250.17
case_015,1,4,48941,3.624,current:A-P1-MERGE-N4R,221976,0.799,v1,,-353.56
case_016,1,4,5285195,1.4598,current:A-P1-MERGE-N4R,7772270,0.9927,v1,,-47.06
case_017,1,4,44166,3.6863,current:A-P1-MERGE-N4R,178747,0.9108,v1,,-304.72
case_018,1,4,263602,3.8102,current:A-P1-MERGE-N4R,718006,1.3988,v2,,-172.38
case_019,1,4,23967,3.3857,current:A-P1-MERGE-N4R,115735,0.7011,v1,,-382.89
case_020,1,4,133704,3.9845,current:A-P1-MERGE-N4R,138268,3.853,v1,,-3.41
case_021,1,4,1552748,4.2299,current:A-P1-MERGE-N4R,4320602,1.5201,v2,,-178.26
case_022,1,4,15354,3.6981,current:A-P1-MERGE-N4R,91431,0.621,v1,,-495.49
case_023,1,4,34069,3.599,current:A-P1-MERGE-N4R,87726,1.3977,v3,,-157.5
case_024,1,4,1749875,1.4603,current:A-P1-MERGE-N4R,2473649,1.033,v2,,-41.36
case_025,1,4,1219584,3.9874,current:A-P1-MERGE-N4R,4557993,1.0669,v2,,-273.73
case_026,1,4,42123,2.3551,current:A-P1-MERGE-N4R,126912,0.7817,v2,,-201.29
case_027,1,4,559196,4.2274,current:A-P1-MERGE-N4R,803375,2.9425,v2,,-43.67
case_028,1,4,11006263,3.9828,current:A-P1-MERGE-N4R,44269298,0.9902,v1,,-302.22
case_029,1,4,12332,3.0453,current:A-P1-MERGE-N4R,20838,1.8022,v3,,-68.98
case_030,1,4,711344,3.9475,current:A-P1-MERGE-N4R,2814106,0.9978,v1,,-295.6
case_031,1,4,365002,3.875,current:A-P1-MERGE-N4R,1396766,1.0126,v3,,-282.67
case_032,1,4,11906,3.4808,current:A-P1-MERGE-N4R,47019,0.8814,v2,,-294.92
case_033,1,4,459925,3.8576,current:A-P1-MERGE-N4R,1527744,1.1613,v3,,-232.17
case_034,1,4,217642,3.8733,current:A-P1-MERGE-N4R,846620,0.9957,v3,,-289.0
case_035,1,4,90751,1.8685,current:A-P1-MERGE-N4R,210309,0.8063,v1,,-131.74
case_036,1,4,233584,3.9879,current:A-P1-MERGE-N4R,234152,3.9782,v3,,-0.24
case_037,1,4,53320,3.9385,current:A-P1-MERGE-N4R,245536,0.8553,v1,,-360.5
case_038,1,4,352248,3.8738,current:A-P1-MERGE-N4R,1359367,1.0038,v3,,-285.91
case_039,1,4,418763,3.4274,current:A-P1-MERGE-N4R,856028,1.6767,v2,,-104.42
case_040,1,4,110297,2.2979,current:A-P1-MERGE-N4R,293032,0.8649,v1,,-165.68
case_041,1,4,1499728,4.0034,current:A-P1-MERGE-N4R,5299273,1.133,v3,,-253.35
case_042,1,4,429674,3.9256,current:A-P1-MERGE-N4R,806689,2.0909,v2,,-87.74
case_043,1,4,238857,2.8371,current:A-P1-MERGE-N4R,722512,0.9379,v1,,-202.49
case_044,1,4,120207,1.2845,current:A-P1-MERGE-N4R,111041,1.3905,v3,,7.63
case_045,1,4,32037,3.9209,current:A-P1-MERGE-N4R,89446,1.4044,v2,,-179.2
case_046,1,4,123775,2.2335,current:A-P1-MERGE-N4R,193954,1.4254,v2,,-56.7
case_047,1,4,307947,1.0603,current:A-P1-MERGE-N4R,361622,0.9029,v1,,-17.43
case_048,1,4,212942,1.0436,current:A-P1-MERGE-N4R,255807,0.8687,v1,,-20.13
case_049,1,4,133101,1.4746,current:A-P1-MERGE-N4R,238396,0.8233,v1,,-79.11
case_050,1,4,91919,1.6285,current:A-P1-MERGE-N4R,186850,0.8011,v1,,-103.28
case_051,1,4,415465,1.4625,current:A-P1-MERGE-N4R,617228,0.9844,v2,,-48.56
case_052,1,4,48846,3.6912,current:A-P1-MERGE-N4R,164013,1.0993,v3,,-235.78
case_053,1,4,473954,3.1072,current:A-P1-MERGE-N4R,1452321,1.014,v1,,-206.43
case_054,1,4,464101,1.7562,current:A-P1-MERGE-N4R,859557,0.9482,v1,,-85.21
case_055,1,4,34300,3.4646,current:A-P1-MERGE-N4R,150267,0.7908,v2,,-338.1
case_056,1,4,237067,1.1696,current:A-P1-MERGE-N4R,319097,0.869,v1,,-34.6
case_057,1,4,16971,3.5193,current:A-P1-MERGE-N4R,92512,0.6456,v1,,-445.12
case_058,1,4,1141180,3.9781,current:A-P1-MERGE-N4R,2464362,1.8421,v3,,-115.95
case_059,1,4,186084,4.4575,current:A-P1-MERGE-N4R,191292,4.3362,v1,,-2.8
case_060,1,4,224924,3.9515,current:A-P1-MERGE-N4R,813136,1.093,v2,,-261.52
case_061,1,4,25312,3.0496,current:A-P1-MERGE-N4R,122533,0.63,v1,,-384.09
case_062,1,4,895575,3.1877,current:A-P1-MERGE-N4R,2891536,0.9873,v1,,-222.87
case_063,1,4,316950,3.3772,current:A-P1-MERGE-N4R,1107066,0.9669,v1,,-249.29
case_064,1,4,16589,1.1523,current:A-P1-MERGE-N4R,50196,0.3808,v1,,-202.59
case_065,1,4,15338,3.4599,current:A-P1-MERGE-N4R,79113,0.6708,v2,,-415.8
case_066,1,4,145129,2.4741,current:A-P1-MERGE-N4R,399779,0.8982,v1,,-175.46
case_067,1,4,16234471,3.9321,current:A-P1-MERGE-N4R,51956374,1.2286,v2,,-220.04
case_068,1,4,289265,1.2518,current:A-P1-MERGE-N4R,326920,1.1076,v3,,-13.02
case_069,1,4,11496,2.1872,current:A-P1-MERGE-N4R,56803,0.4427,v1,,-394.11
case_070,1,4,33390,3.513,current:A-P1-MERGE-N4R,156369,0.7501,v1,,-368.31
case_071,1,4,11092,1.7056,current:A-P1-MERGE-N4R,35582,0.5317,v1,,-220.79
case_072,1,4,5992722,3.9878,current:A-P1-MERGE-N4R,23128892,1.0332,v1,,-285.95
case_073,1,4,2468784,4.0836,current:A-P1-MERGE-N4R,3646520,2.7647,v2,,-47.71
case_074,1,4,432408,3.8904,current:A-P1-MERGE-N4R,1575716,1.0676,v3,,-264.4
case_075,1,4,751436,1.9187,current:A-P1-MERGE-N4R,1475193,0.9774,v1,,-96.32
case_076,1,4,1560099,3.9646,current:A-P1-MERGE-N4R,6102839,1.0135,v1,,-291.18
case_077,1,4,130864,3.785,current:A-P1-MERGE-N4R,537350,0.9218,v1,,-310.62
case_078,1,4,619305,3.7076,current:A-P1-MERGE-N4R,1541390,1.4897,v2,,-148.89
case_079,1,4,7368092,4.2144,current:A-P1-MERGE-N4R,7372124,4.2121,v1,,-0.05
case_080,1,4,101705,2.8724,current:A-P1-MERGE-N4R,214844,1.3598,v2,,-111.24
case_081,1,4,46818,3.2422,current:A-P1-MERGE-N4R,72848,2.0837,v2,,-55.6
case_082,1,4,365271,1.974,current:A-P1-MERGE-N4R,737648,0.9775,v1,,-101.95
case_083,1,4,289800,3.6508,current:A-P1-MERGE-N4R,623143,1.6978,v3,,-115.03
case_084,1,4,629028,3.9862,current:A-P1-MERGE-N4R,513334,4.8846,v2,,18.39
case_085,1,4,1555322,2.0497,current:A-P1-MERGE-N4R,3219958,0.99,v1,,-107.03
case_086,1,4,96808,1.2231,current:A-P1-MERGE-N4R,151245,0.7829,v1,,-56.23
case_087,1,4,1151517,3.4512,current:A-P1-MERGE-N4R,3958968,1.0038,v1,,-243.8
case_088,1,4,184779,1.3185,current:A-P1-MERGE-N4R,279227,0.8725,v1,,-51.11
case_089,1,4,178160,3.8903,current:A-P1-MERGE-N4R,302336,2.2925,v2,,-69.7
case_090,1,4,384695,3.0631,current:A-P1-MERGE-N4R,549711,2.1436,v3,,-42.9
case_091,1,4,2440485,3.7643,current:A-P1-MERGE-N4R,9070686,1.0128,v1,,-271.68
case_092,1,4,1397426,3.446,current:A-P1-MERGE-N4R,4926631,0.9775,v1,,-252.55
case_093,1,4,20467,3.6256,current:A-P1-MERGE-N4R,107572,0.6898,v1,,-425.59
case_094,1,4,27432,3.4592,current:A-P1-MERGE-N4R,130555,0.7268,v1,,-375.92
case_095,1,4,524422,3.9755,current:A-P1-MERGE-N4R,478886,4.3535,v2,,8.68
case_096,1,4,27493,3.0624,current:A-P1-MERGE-N4R,102375,0.8224,v2,,-272.37
case_097,1,4,2579804,4.4544,current:A-P1-MERGE-N4R,2591900,4.4336,v1,,-0.47
case_098,1,4,80947,2.1919,current:A-P1-MERGE-N4R,181372,0.9783,v2,,-124.06
case_099,1,4,415365,3.9074,current:A-P1-MERGE-N4R,1299275,1.2492,v3,,-212.8
case_100,1,4,55754,2.7123,current:A-P1-MERGE-N4R,140722,1.0746,v3,,-152.4
case_001,1,5,47502,4.9074,current:A-P1-MERGE-N5,47502,4.9074,v2,,0.0
case_002,1,5,60254,4.3473,gpu_verified:local,307838,0.8509,v1,,-410.9
case_003,1,5,464504,1.2965,gpu_verified:local,653046,0.9222,v1,,-40.59
case_004,1,5,88341,4.4414,gpu_verified:local,128736,3.0478,v3,,-45.73
case_005,1,5,76076,1.2569,gpu_verified:local,134017,0.7135,v1,,-76.16
case_006,1,5,26961,3.0725,gpu_verified:local,101461,0.8164,v2,,-276.33
case_007,1,5,203834,4.9676,current:A-P1-MERGE-N5,389362,2.6006,v3,,-91.02
case_008,1,5,100603,4.8468,current:A-P1-MERGE-N5,183729,2.6539,v2,,-82.63
case_009,1,5,88391,1.7339,gpu_verified:local,198568,0.7718,v1,,-124.65
case_010,1,5,24871,3.4968,gpu_verified:local,96116,0.9048,v2,,-286.46
case_011,1,5,46777,3.9485,current:A-P1-MERGE-N5,96226,1.9194,v2,,-105.71
case_012,1,5,15306,3.8604,current:A-P1-MERGE-N5,82792,0.7137,v1,,-440.91
case_013,1,5,55366,4.7673,current:A-P1-MERGE-N5,307323,0.8589,v1,,-455.08
case_014,1,5,3660594,4.8349,current:A-P1-MERGE-N5,17529646,1.0096,v1,,-378.87
case_015,1,5,43263,4.0996,gpu_verified:local,224968,0.7884,v1,,-420.0
case_016,1,5,5255481,1.4681,gpu_verified:local,7791244,0.9903,v1,,-48.25
case_017,1,5,34707,4.691,gpu_verified:local,202286,0.8049,v1,,-482.84
case_018,1,5,212912,4.7173,current:A-P1-MERGE-N5,507394,1.9795,v2,,-138.31
case_019,1,5,17993,4.5098,gpu_verified:local,104944,0.7732,v2,,-483.25
case_020,1,5,107954,4.9349,current:A-P1-MERGE-N5,326768,1.6303,v2,,-202.69
case_021,1,5,1243902,5.2801,current:A-P1-MERGE-N5,1245723,5.2724,v3,,-0.15
case_022,1,5,12133,4.6798,gpu_verified:local,88549,0.6412,v1,,-629.82
case_023,1,5,26417,4.6415,gpu_verified:local,166236,0.7376,v1,,-529.28
case_024,1,5,1721818,1.4841,gpu_verified:local,2563887,0.9967,v2,,-48.91
case_025,1,5,983618,4.944,current:A-P1-MERGE-N5,4914720,0.9895,v1,,-399.66
case_026,1,5,41277,2.4033,gpu_verified:local,109080,0.9095,v2,,-164.26
case_027,1,5,505684,4.6748,current:A-P1-MERGE-N5,642373,3.68,v2,,-27.03
case_028,1,5,8926395,4.9108,current:A-P1-MERGE-N5,44356661,0.9883,v1,,-396.92
case_029,1,5,11644,3.2253,gpu_verified:local,39334,0.9548,v2,,-237.8
case_030,1,5,578673,4.8525,current:A-P1-MERGE-N5,2824290,0.9942,v1,,-388.06
case_031,1,5,301094,4.6974,current:A-P1-MERGE-N5,1448992,0.9761,v1,,-381.24
case_032,1,5,10192,4.0662,gpu_verified:local,55404,0.748,v2,,-443.6
case_033,1,5,369532,4.8012,current:A-P1-MERGE-N5,1801322,0.9849,v1,,-387.46
case_034,1,5,182556,4.6177,current:A-P1-MERGE-N5,837016,1.0071,v3,,-358.5
case_035,1,5,89447,1.8958,gpu_verified:local,222665,0.7616,v1,,-148.94
case_036,1,5,187182,4.9765,current:A-P1-MERGE-N5,187908,4.9573,v3,,-0.39
case_037,1,5,43013,4.8823,current:A-P1-MERGE-N5,137675,1.5253,v2,,-220.08
case_038,1,5,289861,4.7076,current:A-P1-MERGE-N5,1224897,1.114,v3,,-322.58
case_039,1,5,315610,4.5476,current:A-P1-MERGE-N5,831861,1.7254,v2,,-163.57
case_040,1,5,100515,2.5216,gpu_verified:local,307451,0.8244,v1,,-205.88
case_041,1,5,1223254,4.9082,current:A-P1-MERGE-N5,5874296,1.0221,v3,,-380.22
case_042,1,5,348692,4.8373,current:A-P1-MERGE-N5,767281,2.1983,v2,,-120.05
case_043,1,5,219345,3.0895,gpu_verified:local,731661,0.9262,v1,,-233.57
case_044,1,5,87398,1.7667,gpu_verified:local,108978,1.4169,v3,,-24.69
case_045,1,5,26558,4.7298,current:A-P1-MERGE-N5,92607,1.3564,v2,,-248.7
case_046,1,5,100302,2.7562,gpu_verified:local,197066,1.4029,v2,,-96.47
case_047,1,5,307083,1.0633,gpu_verified:local,373482,0.8742,v1,,-21.62
case_048,1,5,212297,1.0467,current:A-P1-MERGE-N5,262008,0.8481,v1,,-23.42
case_049,1,5,129746,1.5128,gpu_verified:local,247792,0.7921,v1,,-90.98
case_050,1,5,88020,1.7006,gpu_verified:local,196553,0.7616,v1,,-123.3
case_051,1,5,373551,1.6266,gpu_verified:local,619405,0.981,v2,,-65.82
case_052,1,5,38553,4.6767,gpu_verified:local,189295,0.9525,v2,,-391.0
case_053,1,5,451809,3.2595,current:A-P1-MERGE-N5,1464341,1.0057,v1,,-224.11
case_054,1,5,463077,1.7601,gpu_verified:local,868244,0.9387,v1,,-87.49
case_055,1,5,25484,4.6631,gpu_verified:local,149803,0.7933,v1,,-487.83
case_056,1,5,233361,1.1882,gpu_verified:local,331227,0.8371,v1,,-41.94
case_057,1,5,13939,4.2848,gpu_verified:local,101624,0.5877,v1,,-629.06
case_058,1,5,946628,4.7957,current:A-P1-MERGE-N5,4187949,1.084,v3,,-342.41
case_059,1,5,150782,5.5011,current:A-P1-MERGE-N5,286965,2.8905,v2,,-90.32
case_060,1,5,185435,4.793,current:A-P1-MERGE-N5,897724,0.99,v2,,-384.12
case_061,1,5,19795,3.8995,gpu_verified:local,96583,0.7992,v2,,-387.92
case_062,1,5,645102,4.4254,gpu_verified:local,2900544,0.9842,v1,,-349.63
case_063,1,5,233757,4.5791,gpu_verified:local,1116480,0.9587,v1,,-377.62
case_064,1,5,16589,1.1523,current:A-P1-MERGE-N5,58673,0.3258,v1,,-253.69
case_065,1,5,12238,4.3363,gpu_verified:local,82685,0.6418,v2,,-575.64
case_066,1,5,144086,2.4921,gpu_verified:local,382242,0.9394,v1,,-165.29
case_067,1,5,13167883,4.8478,current:A-P1-MERGE-N5,13924619,4.5843,v2,,-5.75
case_068,1,5,282097,1.2836,gpu_verified:local,296031,1.2232,v3,,-4.94
case_069,1,5,11244,2.2362,gpu_verified:local,66273,0.3794,v1,,-489.41
case_070,1,5,27133,4.3231,gpu_verified:local,170261,0.6889,v1,,-527.51
case_071,1,5,9994,1.893,gpu_verified:local,59438,0.3183,v1,,-494.74
case_072,1,5,4879417,4.8977,current:A-P1-MERGE-N5,23140154,1.0327,v1,,-374.24
case_073,1,5,2124193,4.7461,current:A-P1-MERGE-N5,3151467,3.199,v3,,-48.36
case_074,1,5,349220,4.8171,current:A-P1-MERGE-N5,1707151,0.9854,v1,,-388.85
case_075,1,5,719790,2.0031,current:A-P1-MERGE-N5,1484668,0.9711,v1,,-106.26
case_076,1,5,1290116,4.7942,current:A-P1-MERGE-N5,6107494,1.0127,v1,,-373.41
case_077,1,5,108527,4.564,current:A-P1-MERGE-N5,546911,0.9057,v1,,-403.94
case_078,1,5,533302,4.3055,current:A-P1-MERGE-N5,1222091,1.8789,v2,,-129.16
case_079,1,5,6025063,5.1538,current:A-P1-MERGE-N5,27088556,1.1463,v3,,-349.6
case_080,1,5,107264,2.7235,current:A-P1-MERGE-N5,198683,1.4704,v2,,-85.23
case_081,1,5,43384,3.4989,gpu_verified:local,116805,1.2996,v2,,-169.24
case_082,1,5,328920,2.1921,gpu_verified:local,775245,0.9301,v1,,-135.69
case_083,1,5,256897,4.1184,current:A-P1-MERGE-N5,428132,2.4712,v2,,-66.66
case_084,1,5,503472,4.9802,current:A-P1-MERGE-N5,394210,6.3606,v3,,21.7
case_085,1,5,1469227,2.1698,current:A-P1-MERGE-N5,3233264,0.986,v1,,-120.07
case_086,1,5,95689,1.2374,gpu_verified:local,157587,0.7513,v1,,-64.69
case_087,1,5,838095,4.7418,gpu_verified:local,3968058,1.0015,v1,,-373.46
case_088,1,5,175173,1.3908,gpu_verified:local,291757,0.835,v1,,-66.55
case_089,1,5,147432,4.7011,current:A-P1-MERGE-N5,190025,3.6474,v3,,-28.89
case_090,1,5,338510,3.481,gpu_verified:local,651622,1.8084,v2,,-92.5
case_091,1,5,1904885,4.8227,current:A-P1-MERGE-N5,9070452,1.0128,v1,,-376.17
case_092,1,5,1214658,3.9645,current:A-P1-MERGE-N5,4546428,1.0592,v2,,-274.3
case_093,1,5,15876,4.674,current:A-P1-MERGE-N5,81016,0.9159,v2,,-410.3
case_094,1,5,22475,4.2221,current:A-P1-MERGE-N5,141499,0.6706,v1,,-529.58
case_095,1,5,420852,4.9539,current:A-P1-MERGE-N5,511280,4.0777,v2,,-21.49
case_096,1,5,27135,3.1028,gpu_verified:local,99501,0.8462,v2,,-266.69
case_097,1,5,2097377,5.479,current:A-P1-MERGE-N5,3158392,3.6384,v2,,-50.59
case_098,1,5,76750,2.3118,gpu_verified:local,152171,1.166,v3,,-98.27
case_099,1,5,334879,4.8465,current:A-P1-MERGE-N5,1456733,1.1141,v3,,-335.0
case_100,1,5,53395,2.8322,gpu_verified:local,136961,1.1041,v3,,-156.51
case_001,2,2,116868,1.9946,current:A-P2-WAVE-N2R,122093,1.9093,v1,,-4.47
case_002,2,2,130304,2.0103,current:A-P2-WAVE-N2R,207702,1.2612,v1,,-59.4
case_003,2,2,362596,1.6608,current:A-P2-WAVE-N2R,561169,1.0731,v1,,-54.76
case_004,2,2,199074,1.9709,current:A-P2-WAVE-N2R,199678,1.9649,v1,,-0.3
case_005,2,2,68095,1.4042,current:A-P2-WAVE-N2R,86662,1.1033,v1,,-27.27
case_006,2,2,39204,2.113,current:A-P2-WAVE-N2R,65458,1.2655,v1,,-66.97
case_007,2,2,508098,1.9928,current:A-P2-WAVE-N2R,510416,1.9838,v1,,-0.46
case_008,2,2,244266,1.9962,current:A-P2-WAVE-N2R,143027,3.4092,v3,,41.45
case_009,2,2,94373,1.624,current:A-P2-WAVE-N2R,126060,1.2158,v1,,-33.58
case_010,2,2,42748,2.0345,current:A-P2-WAVE-N2R,51868,1.6767,v1,,-21.33
case_011,2,2,92646,1.9936,current:A-P2-WAVE-N2R,92646,1.9936,v1,,0.0
case_012,2,2,28763,2.0543,current:A-P2-WAVE-N2R,36998,1.5971,v1,,-28.63
case_013,2,2,132198,1.9966,current:A-P2-WAVE-N2R,132198,1.9966,v4,,0.0
case_014,2,2,8860566,1.9975,current:A-P2-WAVE-N2R,9874119,1.7924,v1,,-11.44
case_015,2,2,89381,1.9843,current:A-P2-WAVE-N2R,137078,1.2939,v1,,-53.36
case_016,2,2,7715523,1.0,current:A-P2-WAVE-N2R,7689187,1.0034,v2,,0.34
case_017,2,2,77716,2.0949,current:A-P2-WAVE-N2R,100616,1.6181,v1,,-29.47
case_018,2,2,500749,2.0057,current:A-P2-WAVE-N2R,528306,1.9011,v1,,-5.5
case_019,2,2,37224,2.1799,current:A-P2-WAVE-N2R,51200,1.5848,v1,,-37.55
case_020,2,2,266580,1.9984,current:A-P2-WAVE-N2R,266580,1.9984,v1,,0.0
case_021,2,2,3134777,2.0952,current:A-P2-WAVE-N2R,3119249,2.1056,v3,,0.5
case_022,2,2,28302,2.0062,current:A-P2-WAVE-N2R,43235,1.3133,v1,,-52.76
case_023,2,2,55897,2.1936,current:A-P2-WAVE-N2R,57089,2.1478,v3,,-2.13
case_024,2,2,2555343,1.0,current:A-P2-WAVE-N2R,2493914,1.0246,v2,,2.4
case_025,2,2,2431840,1.9997,current:A-P2-WAVE-N2R,2436560,1.9959,v1,,-0.19
case_026,2,2,50527,1.9634,current:A-P2-WAVE-N2R,80726,1.2289,v1,,-59.77
case_027,2,2,1120962,2.1089,current:A-P2-WAVE-N2R,1120962,2.1089,v1,,0.0
case_028,2,2,20755981,2.112,current:A-P2-WAVE-N2R,22615449,1.9383,v1,,-8.96
case_029,2,2,19043,1.9721,current:A-P2-WAVE-N2R,21251,1.7672,v3,,-11.59
case_030,2,2,1413154,1.9871,current:A-P2-WAVE-N2R,1784682,1.5734,v1,,-26.29
case_031,2,2,718936,1.9673,current:A-P2-WAVE-N2R,1075693,1.3148,v1,,-49.62
case_032,2,2,19338,2.1431,current:A-P2-WAVE-N2R,34393,1.205,v1,,-77.85
case_033,2,2,889529,1.9945,current:A-P2-WAVE-N2R,1002619,1.7696,v1,,-12.71
case_034,2,2,421177,2.0015,current:A-P2-WAVE-N2R,472199,1.7853,v1,,-12.11
case_035,2,2,95377,1.7779,current:A-P2-WAVE-N2R,148974,1.1383,v1,,-56.19
case_036,2,2,466068,1.9987,current:A-P2-WAVE-N2R,466068,1.9987,v1,,0.0
case_037,2,2,105374,1.9929,current:A-P2-WAVE-N2R,123741,1.6971,v4,,-17.43
case_038,2,2,679439,2.0084,current:A-P2-WAVE-N2R,886193,1.5398,v1,,-30.43
case_039,2,2,708561,2.0256,current:A-P2-WAVE-N2R,1038778,1.3817,v1,,-46.6
case_040,2,2,142975,1.7727,current:A-P2-WAVE-N2R,221333,1.1451,v1,,-54.81
case_041,2,2,2994880,2.0047,current:A-P2-WAVE-N2R,3995330,1.5027,v1,,-33.41
case_042,2,2,839542,2.0091,current:A-P2-WAVE-N2R,946517,1.782,v1,,-12.74
case_043,2,2,340895,1.9879,current:A-P2-WAVE-N2R,564981,1.1994,v1,,-65.73
case_044,2,2,44234,3.4907,current:A-P2-WAVE-N2R,90445,1.7072,v3,,-104.47
case_045,2,2,63059,1.992,current:A-P2-WAVE-N2R,63994,1.9629,v2,,-1.48
case_046,2,2,107524,2.5711,current:A-P2-WAVE-N2R,218462,1.2655,v2,,-103.18
case_047,2,2,308421,1.0586,current:A-P2-WAVE-N2R,327806,0.996,v1,,-6.29
case_048,2,2,209876,1.0588,current:A-P2-WAVE-N2R,220453,1.008,v1,,-5.04
case_049,2,2,123205,1.5931,current:A-P2-WAVE-N2R,156782,1.2519,v1,,-27.25
case_050,2,2,93117,1.6075,current:A-P2-WAVE-N2R,138060,1.0842,v1,,-48.27
case_051,2,2,599752,1.0131,current:A-P2-WAVE-N2R,558128,1.0887,v2,,6.94
case_052,2,2,86285,2.0896,current:A-P2-WAVE-N2R,111780,1.613,v1,,-29.55
case_053,2,2,716642,2.055,current:A-P2-WAVE-N2R,1149626,1.281,v1,,-60.42
case_054,2,2,480889,1.6949,current:A-P2-WAVE-N2R,724699,1.1247,v1,,-50.7
case_055,2,2,60597,1.9611,current:A-P2-WAVE-N2R,83798,1.4181,v1,,-38.29
case_056,2,2,177620,1.5611,current:A-P2-WAVE-N2R,231400,1.1983,v1,,-30.28
case_057,2,2,29633,2.0155,current:A-P2-WAVE-N2R,41281,1.4468,v1,,-39.31
case_058,2,2,2276675,1.994,current:A-P2-WAVE-N2R,4122542,1.1012,v3,,-81.08
case_059,2,2,369318,2.246,current:A-P2-WAVE-N2R,369318,2.246,v1,,0.0
case_060,2,2,430966,2.0623,current:A-P2-WAVE-N2R,633222,1.4036,v1,,-46.93
case_061,2,2,44163,1.7479,current:A-P2-WAVE-N2R,49251,1.5673,v4,,-11.52
case_062,2,2,1430406,1.9958,current:A-P2-WAVE-N2R,2742333,1.041,v1,,-91.72
case_063,2,2,536176,1.9964,current:A-P2-WAVE-N2R,1001217,1.0691,v1,,-86.73
case_064,2,2,16073,1.1893,current:A-P2-WAVE-N2R,22546,0.8479,v1,,-40.27
case_065,2,2,26162,2.0284,current:A-P2-WAVE-N2R,39587,1.3405,v1,,-51.31
case_066,2,2,206840,1.736,current:A-P2-WAVE-N2R,323051,1.1115,v1,,-56.18
case_067,2,2,30774616,2.0743,current:A-P2-WAVE-N2R,33359957,1.9135,v1,,-8.4
case_068,2,2,231855,1.5617,current:A-P2-WAVE-N2R,343582,1.0539,v1,,-48.19
case_069,2,2,13165,1.9099,current:A-P2-WAVE-N2R,20384,1.2335,v4,,-54.83
case_070,2,2,55274,2.1222,current:A-P2-WAVE-N2R,77690,1.5098,v1,,-40.55
case_071,2,2,11440,1.6538,current:A-P2-WAVE-N2R,22291,0.8487,v1,,-94.85
case_072,2,2,12013285,1.9893,current:A-P2-WAVE-N2R,13640150,1.752,v1,,-13.54
case_073,2,2,4247219,2.3737,current:A-P2-WAVE-N2R,5664881,1.7797,v1,,-33.38
case_074,2,2,857840,1.961,current:A-P2-WAVE-N2R,941368,1.787,v1,,-9.74
case_075,2,2,797963,1.8069,current:A-P2-WAVE-N2R,1373590,1.0497,v1,,-72.14
case_076,2,2,3097437,1.9968,current:A-P2-WAVE-N2R,3808597,1.624,v1,,-22.96
case_077,2,2,256563,1.9306,current:A-P2-WAVE-N2R,348150,1.4227,v4,,-35.7
case_078,2,2,1029560,2.2302,current:A-P2-WAVE-N2R,1916532,1.1981,v2,,-86.15
case_079,2,2,15262715,2.0345,current:A-P2-WAVE-N2R,15052461,2.0629,v3,,1.38
case_080,2,2,145224,2.0116,current:A-P2-WAVE-N2R,193683,1.5083,v2,,-33.37
case_081,2,2,76316,1.989,current:A-P2-WAVE-N2R,98210,1.5456,v1,,-28.69
case_082,2,2,385462,1.8706,current:A-P2-WAVE-N2R,640751,1.1253,v1,,-66.23
case_083,2,2,422492,2.5042,current:A-P2-WAVE-N2R,586297,1.8045,v1,,-38.77
case_084,2,2,1254650,1.9985,current:A-P2-WAVE-N2R,1028694,2.4375,v3,,18.01
case_085,2,2,1852196,1.7211,current:A-P2-WAVE-N2R,3092849,1.0307,v1,,-66.98
case_086,2,2,74661,1.5859,current:A-P2-WAVE-N2R,109504,1.0813,v1,,-46.67
case_087,2,2,2170314,1.8311,current:A-P2-WAVE-N2R,2694029,1.4751,v1,,-24.13
case_088,2,2,155548,1.5662,current:A-P2-WAVE-N2R,213253,1.1424,v1,,-37.1
case_089,2,2,299270,2.3159,current:A-P2-WAVE-N2R,356333,1.9451,v1,,-19.07
case_090,2,2,453562,2.598,current:A-P2-WAVE-N2R,609970,1.9318,v2,,-34.48
case_091,2,2,4607860,1.9937,current:A-P2-WAVE-N2R,5868162,1.5655,v1,,-27.35
case_092,2,2,2041876,2.3584,current:A-P2-WAVE-N2R,2599863,1.8522,v1,,-27.33
case_093,2,2,37827,1.9617,current:A-P2-WAVE-N2R,52698,1.4081,v1,,-39.31
case_094,2,2,47588,1.994,current:A-P2-WAVE-N2R,69615,1.3631,v1,,-46.29
case_095,2,2,1040850,2.003,current:A-P2-WAVE-N2R,586651,3.5538,v3,,43.64
case_096,2,2,43087,1.954,current:A-P2-WAVE-N2R,62095,1.3559,v2,,-44.12
case_097,2,2,5617602,2.0456,current:A-P2-WAVE-N2R,5535425,2.076,v3,,1.46
case_098,2,2,88555,2.0036,current:A-P2-WAVE-N2R,158648,1.1184,v1,,-79.15
case_099,2,2,807584,2.0097,current:A-P2-WAVE-N2R,890313,1.823,v1,,-10.24
case_100,2,2,74356,2.0338,current:A-P2-WAVE-N2R,111277,1.359,v1,,-49.65
case_001,2,3,78545,2.9679,current:A-P2-WAVE-N3R,84934,2.7446,v1,,-8.13
case_002,2,3,88509,2.9595,current:A-P2-WAVE-N3R,217929,1.202,v1,,-146.22
case_003,2,3,270878,2.2232,current:A-P2-WAVE-N3R,540636,1.1139,v1,,-99.59
case_004,2,3,134043,2.9271,current:A-P2-WAVE-N3R,135643,2.8926,v2,,-1.19
case_005,2,3,76604,1.2482,current:A-P2-WAVE-N3R,83889,1.1398,v1,,-9.51
case_006,2,3,28688,2.8875,current:A-P2-WAVE-N3R,52558,1.5761,v2,,-83.21
case_007,2,3,338094,2.9949,current:A-P2-WAVE-N3R,344092,2.9427,v1,,-1.77
case_008,2,3,163359,2.9849,current:A-P2-WAVE-N3R,107451,4.5379,v2,,34.22
case_009,2,3,86609,1.7696,current:A-P2-WAVE-N3R,136885,1.1196,v1,,-58.05
case_010,2,3,29582,2.9399,current:A-P2-WAVE-N3R,58597,1.4842,v1,,-98.08
case_011,2,3,63023,2.9306,current:A-P2-WAVE-N3R,70699,2.6124,v2,,-12.18
case_012,2,3,19856,2.9758,current:A-P2-WAVE-N3R,41305,1.4305,v1,,-108.02
case_013,2,3,88351,2.9875,current:A-P2-WAVE-N3R,88351,2.9875,v4,,0.0
case_014,2,3,5989961,2.9547,current:A-P2-WAVE-N3R,9192367,1.9254,v1,,-53.46
case_015,2,3,61354,2.8908,current:A-P2-WAVE-N3R,96019,1.8472,v1,,-56.5
case_016,2,3,7715523,1.0,current:A-P2-WAVE-N3R,7655882,1.0078,v2,,0.77
case_017,2,3,49723,3.2743,current:A-P2-WAVE-N3R,70488,2.3098,v1,,-41.76
case_018,2,3,344365,2.9166,current:A-P2-WAVE-N3R,385932,2.6024,v1,,-12.07
case_019,2,3,25986,3.1226,current:A-P2-WAVE-N3R,53211,1.5249,v2,,-104.77
case_020,2,3,177950,2.9938,current:A-P2-WAVE-N3R,177950,2.9938,v1,,0.0
case_021,2,3,2144024,3.0634,current:A-P2-WAVE-N3R,3012074,2.1805,v4,,-40.49
case_022,2,3,19077,2.9764,current:A-P2-WAVE-N3R,34593,1.6414,v1,,-81.33
case_023,2,3,35243,3.4791,current:A-P2-WAVE-N3R,64407,1.9037,v2,,-82.75
case_024,2,3,2555343,1.0,current:A-P2-WAVE-N3R,2478065,1.0312,v2,,3.02
case_025,2,3,1622742,2.9968,current:A-P2-WAVE-N3R,1628188,2.9868,v1,,-0.34
case_026,2,3,39479,2.5128,current:A-P2-WAVE-N3R,89685,1.1061,v1,,-127.17
case_027,2,3,808730,2.923,current:A-P2-WAVE-N3R,797381,2.9646,v2,,1.4
case_028,2,3,13752048,3.1876,current:A-P2-WAVE-N3R,15562252,2.8168,v1,,-13.16
case_029,2,3,12743,2.9471,current:A-P2-WAVE-N3R,16456,2.2821,v3,,-29.14
case_030,2,3,946088,2.968,current:A-P2-WAVE-N3R,1261231,2.2264,v1,,-33.31
case_031,2,3,478519,2.9557,current:A-P2-WAVE-N3R,770996,1.8345,v1,,-61.12
case_032,2,3,13268,3.1235,current:A-P2-WAVE-N3R,32327,1.282,v2,,-143.65
case_033,2,3,599221,2.9608,current:A-P2-WAVE-N3R,1139502,1.557,v1,,-90.16
case_034,2,3,287100,2.9362,current:A-P2-WAVE-N3R,376597,2.2385,v1,,-31.17
case_035,2,3,96323,1.7604,current:A-P2-WAVE-N3R,164759,1.0292,v1,,-71.05
case_036,2,3,311345,2.9919,current:A-P2-WAVE-N3R,319674,2.9139,v1,,-2.68
case_037,2,3,71046,2.9558,current:A-P2-WAVE-N3R,83565,2.513,v4,,-17.62
case_038,2,3,454558,3.0019,current:A-P2-WAVE-N3R,807024,1.6908,v1,,-77.54
case_039,2,3,485565,2.9559,current:A-P2-WAVE-N3R,715889,2.0049,v2,,-47.43
case_040,2,3,112086,2.2612,current:A-P2-WAVE-N3R,217686,1.1643,v1,,-94.21
case_041,2,3,2019234,2.9734,current:A-P2-WAVE-N3R,3466433,1.732,v1,,-71.67
case_042,2,3,567711,2.9711,current:A-P2-WAVE-N3R,701313,2.4051,v1,,-23.53
case_043,2,3,245675,2.7583,current:A-P2-WAVE-N3R,535971,1.2644,v1,,-118.16
case_044,2,3,54338,2.8416,current:A-P2-WAVE-N3R,91768,1.6826,v2,,-68.88
case_045,2,3,42601,2.9486,current:A-P2-WAVE-N3R,44068,2.8505,v2,,-3.44
case_046,2,3,81236,3.4031,current:A-P2-WAVE-N3R,179527,1.5399,v3,,-120.99
case_047,2,3,300849,1.0853,current:A-P2-WAVE-N3R,320355,1.0192,v1,,-6.48
case_048,2,3,206431,1.0765,current:A-P2-WAVE-N3R,214380,1.0366,v1,,-3.85
case_049,2,3,101494,1.9339,current:A-P2-WAVE-N3R,134308,1.4614,v1,,-32.33
case_050,2,3,82025,1.8249,current:A-P2-WAVE-N3R,114275,1.3099,v1,,-39.32
case_051,2,3,599752,1.0131,current:A-P2-WAVE-N3R,620268,0.9796,v1,,-3.42
case_052,2,3,58626,3.0754,current:A-P2-WAVE-N3R,108598,1.6603,v1,,-85.24
case_053,2,3,501587,2.9361,current:A-P2-WAVE-N3R,971733,1.5155,v1,,-93.73
case_054,2,3,347915,2.3427,current:A-P2-WAVE-N3R,684561,1.1906,v1,,-96.76
case_055,2,3,37794,3.1443,current:A-P2-WAVE-N3R,83448,1.4241,v1,,-120.8
case_056,2,3,139853,1.9827,current:A-P2-WAVE-N3R,220032,1.2602,v1,,-57.33
case_057,2,3,20591,2.9006,current:A-P2-WAVE-N3R,39740,1.5029,v2,,-93.0
case_058,2,3,1526307,2.9743,current:A-P2-WAVE-N3R,4083273,1.1118,v3,,-167.53
case_059,2,3,266217,3.1158,current:A-P2-WAVE-N3R,267469,3.1012,v1,,-0.47
case_060,2,3,286518,3.102,current:A-P2-WAVE-N3R,559856,1.5875,v1,,-95.4
case_061,2,3,30863,2.5011,current:A-P2-WAVE-N3R,40274,1.9166,v4,,-30.49
case_062,2,3,1037192,2.7524,current:A-P2-WAVE-N3R,2701153,1.0569,v1,,-160.43
case_063,2,3,374879,2.8553,current:A-P2-WAVE-N3R,985502,1.0861,v1,,-162.89
case_064,2,3,15692,1.2182,current:A-P2-WAVE-N3R,23026,0.8302,v1,,-46.74
case_065,2,3,17980,2.9515,current:A-P2-WAVE-N3R,22606,2.3475,v2,,-25.73
case_066,2,3,152836,2.3494,current:A-P2-WAVE-N3R,280974,1.2779,v1,,-83.84
case_067,2,3,20344683,3.1377,current:A-P2-WAVE-N3R,23279960,2.7421,v1,,-14.43
case_068,2,3,190340,1.9024,current:A-P2-WAVE-N3R,309646,1.1694,v1,,-62.68
case_069,2,3,11063,2.2728,current:A-P2-WAVE-N3R,20780,1.21,v4,,-87.83
case_070,2,3,39052,3.0037,current:A-P2-WAVE-N3R,98196,1.1946,v1,,-151.45
case_071,2,3,8521,2.2203,current:A-P2-WAVE-N3R,21453,0.8819,v1,,-151.77
case_072,2,3,8171298,2.9246,current:A-P2-WAVE-N3R,10260624,2.3291,v1,,-25.57
case_073,2,3,2863798,3.5204,current:A-P2-WAVE-N3R,3493488,2.8858,v2,,-21.99
case_074,2,3,564181,2.9817,current:A-P2-WAVE-N3R,700046,2.403,v1,,-24.08
case_075,2,3,587561,2.4539,current:A-P2-WAVE-N3R,1394677,1.0338,v1,,-137.37
case_076,2,3,2062649,2.9986,current:A-P2-WAVE-N3R,3266915,1.8933,v1,,-58.38
case_077,2,3,178213,2.7794,current:A-P2-WAVE-N3R,297581,1.6645,v4,,-66.98
case_078,2,3,766642,2.9951,current:A-P2-WAVE-N3R,1555720,1.4759,v3,,-102.93
case_079,2,3,10021825,3.0985,current:A-P2-WAVE-N3R,10016136,3.1002,v2,,0.06
case_080,2,3,97925,2.9833,current:A-P2-WAVE-N3R,169094,1.7277,v2,,-72.68
case_081,2,3,51705,2.9358,current:A-P2-WAVE-N3R,61518,2.4675,v2,,-18.98
case_082,2,3,272420,2.6468,current:A-P2-WAVE-N3R,483432,1.4915,v1,,-77.46
case_083,2,3,291169,3.6336,current:A-P2-WAVE-N3R,430803,2.4559,v2,,-47.96
case_084,2,3,835164,3.0023,current:A-P2-WAVE-N3R,467840,5.3595,v3,,43.98
case_085,2,3,1266639,2.5168,current:A-P2-WAVE-N3R,2959065,1.0773,v1,,-133.62
case_086,2,3,93244,1.2698,current:A-P2-WAVE-N3R,90037,1.315,v1,,3.44
case_087,2,3,1374770,2.8907,current:A-P2-WAVE-N3R,2330543,1.7052,v1,,-69.52
case_088,2,3,131510,1.8525,current:A-P2-WAVE-N3R,210771,1.1559,v1,,-60.27
case_089,2,3,208395,3.3259,current:A-P2-WAVE-N3R,217738,3.1831,v2,,-4.48
case_090,2,3,329841,3.5725,current:A-P2-WAVE-N3R,448659,2.6264,v3,,-36.02
case_091,2,3,3147282,2.919,current:A-P2-WAVE-N3R,5285244,1.7382,v1,,-67.93
case_092,2,3,1346651,3.5759,current:A-P2-WAVE-N3R,1971716,2.4423,v1,,-46.42
case_093,2,3,25103,2.956,current:A-P2-WAVE-N3R,42467,1.7474,v1,,-69.17
case_094,2,3,30169,3.1453,current:A-P2-WAVE-N3R,64953,1.4609,v2,,-115.3
case_095,2,3,693735,3.0053,current:A-P2-WAVE-N3R,434912,4.7937,v2,,37.31
case_096,2,3,28469,2.9574,current:A-P2-WAVE-N3R,57313,1.469,v2,,-101.32
case_097,2,3,3660459,3.1394,current:A-P2-WAVE-N3R,3926269,2.9268,v1,,-7.26
case_098,2,3,78930,2.2479,current:A-P2-WAVE-N3R,101838,1.7423,v2,,-29.02
case_099,2,3,543655,2.9853,current:A-P2-WAVE-N3R,651354,2.4917,v1,,-19.81
case_100,2,3,53198,2.8426,current:A-P2-WAVE-N3R,111247,1.3593,v2,,-109.12
case_001,2,4,58984,3.9521,current:A-P2-STRAND-N4R,64209,3.6305,v1,,-8.86
case_002,2,4,74010,3.5393,current:A-P2-STRAND-N4R,179595,1.4585,v1,,-142.66
case_003,2,4,251934,2.3904,current:A-P2-STRAND-N4R,466804,1.2901,v1,,-85.29
case_004,2,4,104188,3.7659,current:A-P2-STRAND-N4R,111617,3.5152,v2,,-7.13
case_005,2,4,67969,1.4068,current:A-P2-STRAND-N4R,89278,1.071,v4,,-31.35
case_006,2,4,24350,3.4019,current:A-P2-STRAND-N4R,65339,1.2678,v1,,-168.33
case_007,2,4,255106,3.9692,current:A-P2-STRAND-N4R,260986,3.8798,v1,,-2.3
case_008,2,4,121020,4.0291,current:A-P2-STRAND-N4R,88479,5.511,v3,,26.89
case_009,2,4,89075,1.7206,current:A-P2-STRAND-N4R,133090,1.1516,v1,,-49.41
case_010,2,4,24497,3.5502,current:A-P2-STRAND-N4R,66511,1.3076,v1,,-171.51
case_011,2,4,46880,3.9398,current:A-P2-STRAND-N4R,53752,3.4361,v2,,-14.66
case_012,2,4,15624,3.7819,current:A-P2-STRAND-N4R,37881,1.5598,v1,,-142.45
case_013,2,4,66982,3.9406,current:A-P2-STRAND-N4R,66982,3.9406,v4,,0.0
case_014,2,4,4546997,3.8924,current:A-P2-STRAND-N4R,7449587,2.3758,v1,,-63.84
case_015,2,4,47104,3.7653,current:A-P2-STRAND-N4R,134905,1.3147,v1,,-186.4
case_016,2,4,2400379,3.2143,current:A-P2-STRAND-N4R,7606776,1.0143,v2,,-216.9
case_017,2,4,39015,4.173,current:A-P2-STRAND-N4R,92647,1.7573,v2,,-137.47
case_018,2,4,258731,3.8819,current:A-P2-STRAND-N4R,330121,3.0424,v1,,-27.59
case_019,2,4,21108,3.8442,current:A-P2-STRAND-N4R,46714,1.737,v2,,-121.31
case_020,2,4,133704,3.9845,current:A-P2-STRAND-N4R,133704,3.9845,v1,,0.0
case_021,2,4,1550324,4.2365,current:A-P2-STRAND-N4R,2410165,2.7251,v4,,-55.46
case_022,2,4,14384,3.9474,current:A-P2-STRAND-N4R,48073,1.1811,v1,,-234.21
case_023,2,4,28585,4.2895,current:A-P2-STRAND-N4R,51231,2.3934,v2,,-79.22
case_024,2,4,796735,3.2073,current:A-P2-STRAND-N4R,2379416,1.0739,v2,,-198.65
case_025,2,4,1218152,3.9921,current:A-P2-STRAND-N4R,1228292,3.9592,v1,,-0.83
case_026,2,4,41683,2.3799,current:A-P2-STRAND-N4R,67919,1.4606,v2,,-62.94
case_027,2,4,559196,4.2274,current:A-P2-STRAND-N4R,660275,3.5803,v2,,-18.08
case_028,2,4,10176583,4.3075,current:A-P2-STRAND-N4R,12842994,3.4132,v1,,-26.2
case_029,2,4,11063,3.3946,current:A-P2-STRAND-N4R,12408,3.0267,v3,,-12.16
case_030,2,4,709559,3.9574,current:A-P2-STRAND-N4R,1557260,1.8032,v1,,-119.47
case_031,2,4,372691,3.795,current:A-P2-STRAND-N4R,840271,1.6832,v2,,-125.46
case_032,2,4,12288,3.3726,current:A-P2-STRAND-N4R,24834,1.6688,v2,,-102.1
case_033,2,4,444811,3.9887,current:A-P2-STRAND-N4R,1110887,1.5971,v1,,-149.74
case_034,2,4,211971,3.9769,current:A-P2-STRAND-N4R,330939,2.5473,v1,,-56.12
case_035,2,4,90417,1.8754,current:A-P2-STRAND-N4R,155995,1.087,v1,,-72.53
case_036,2,4,233584,3.9879,current:A-P2-STRAND-N4R,233584,3.9879,v1,,0.0
case_037,2,4,53320,3.9385,current:A-P2-STRAND-N4R,65916,3.1859,v4,,-23.62
case_038,2,4,341990,3.99,current:A-P2-STRAND-N4R,750742,1.8176,v1,,-119.52
case_039,2,4,389873,3.6814,current:A-P2-STRAND-N4R,645816,2.2224,v2,,-65.65
case_040,2,4,107762,2.352,current:A-P2-STRAND-N4R,194116,1.3057,v1,,-80.13
case_041,2,4,1518383,3.9542,current:A-P2-STRAND-N4R,3120673,1.9239,v1,,-105.53
case_042,2,4,424441,3.974,current:A-P2-STRAND-N4R,604358,2.791,v1,,-42.39
case_043,2,4,232064,2.9201,current:A-P2-STRAND-N4R,506655,1.3375,v1,,-118.33
case_044,2,4,66483,2.3225,current:A-P2-STRAND-N4R,82607,1.8692,v3,,-24.25
case_045,2,4,31878,3.9405,current:A-P2-STRAND-N4R,37436,3.3554,v2,,-17.44
case_046,2,4,79056,3.497,current:A-P2-STRAND-N4R,143060,1.9324,v2,,-80.96
case_047,2,4,304028,1.0739,current:A-P2-STRAND-N4R,319821,1.0209,v1,,-5.19
case_048,2,4,198194,1.1212,current:A-P2-STRAND-N4R,206814,1.0745,v1,,-4.35
case_049,2,4,81842,2.3982,current:A-P2-STRAND-N4R,133783,1.4671,v1,,-63.46
case_050,2,4,80275,1.8647,current:A-P2-STRAND-N4R,114697,1.3051,v1,,-42.88
case_051,2,4,191438,3.174,current:A-P2-STRAND-N4R,517321,1.1746,v2,,-170.23
case_052,2,4,43557,4.1394,current:A-P2-STRAND-N4R,126056,1.4303,v1,,-189.4
case_053,2,4,433058,3.4007,current:A-P2-STRAND-N4R,887089,1.6601,v1,,-104.84
case_054,2,4,305396,2.6688,current:A-P2-STRAND-N4R,699244,1.1656,v1,,-128.96
case_055,2,4,30675,3.874,current:A-P2-STRAND-N4R,92668,1.2824,v1,,-202.1
case_056,2,4,129923,2.1342,current:A-P2-STRAND-N4R,238531,1.1625,v1,,-83.59
case_057,2,4,17048,3.5034,current:A-P2-STRAND-N4R,52910,1.1288,v1,,-210.36
case_058,2,4,1154519,3.9321,current:A-P2-STRAND-N4R,2375809,1.9108,v3,,-105.78
case_059,2,4,185216,4.4784,current:A-P2-STRAND-N4R,185216,4.4784,v1,,0.0
case_060,2,4,222571,3.9933,current:A-P2-STRAND-N4R,559935,1.5873,v1,,-151.58
case_061,2,4,23288,3.3146,current:A-P2-STRAND-N4R,38128,2.0245,v4,,-63.72
case_062,2,4,802728,3.5564,current:A-P2-STRAND-N4R,2689580,1.0614,v1,,-235.05
case_063,2,4,275826,3.8807,current:A-P2-STRAND-N4R,904190,1.1838,v1,,-227.81
case_064,2,4,15030,1.2719,current:A-P2-STRAND-N4R,28813,0.6635,v1,,-91.7
case_065,2,4,14173,3.7443,current:A-P2-STRAND-N4R,38895,1.3644,v2,,-174.43
case_066,2,4,137855,2.6047,current:A-P2-STRAND-N4R,291485,1.2319,v1,,-111.44
case_067,2,4,15291745,4.1745,current:A-P2-STRAND-N4R,21768982,2.9324,v1,,-42.36
case_068,2,4,177158,2.0439,current:A-P2-STRAND-N4R,227249,1.5934,v3,,-28.27
case_069,2,4,10608,2.3703,current:A-P2-STRAND-N4R,21322,1.1793,v4,,-101.0
case_070,2,4,31706,3.6996,current:A-P2-STRAND-N4R,87322,1.3433,v3,,-175.41
case_071,2,4,8192,2.3094,current:A-P2-STRAND-N4R,22353,0.8464,v1,,-172.86
case_072,2,4,6111520,3.9103,current:A-P2-STRAND-N4R,8886996,2.6891,v1,,-45.41
case_073,2,4,2231456,4.518,current:A-P2-STRAND-N4R,3299762,3.0553,v2,,-47.87
case_074,2,4,432209,3.8922,current:A-P2-STRAND-N4R,646336,2.6027,v1,,-49.54
case_075,2,4,458459,3.1449,current:A-P2-STRAND-N4R,1394993,1.0336,v1,,-204.28
case_076,2,4,1564870,3.9525,current:A-P2-STRAND-N4R,3240361,1.9088,v1,,-107.07
case_077,2,4,132468,3.7392,current:A-P2-STRAND-N4R,269677,1.8367,v4,,-103.58
case_078,2,4,524644,4.3766,current:A-P2-STRAND-N4R,1404716,1.6346,v2,,-167.75
case_079,2,4,7486164,4.148,current:A-P2-STRAND-N4R,7469823,4.157,v2,,0.22
case_080,2,4,86546,3.3755,current:A-P2-STRAND-N4R,129727,2.2519,v2,,-49.89
case_081,2,4,41172,3.6869,current:A-P2-STRAND-N4R,41483,3.6592,v2,,-0.76
case_082,2,4,238469,3.0236,current:A-P2-STRAND-N4R,518921,1.3895,v1,,-117.61
case_083,2,4,214624,4.9295,current:A-P2-STRAND-N4R,381877,2.7705,v2,,-77.93
case_084,2,4,628678,3.9884,current:A-P2-STRAND-N4R,451775,5.5501,v2,,28.14
case_085,2,4,1013165,3.1465,current:A-P2-STRAND-N4R,2955372,1.0787,v1,,-191.7
case_086,2,4,89342,1.3253,current:A-P2-STRAND-N4R,105387,1.1235,v1,,-17.96
case_087,2,4,1107941,3.5869,current:A-P2-STRAND-N4R,2026021,1.9615,v1,,-82.86
case_088,2,4,121100,2.0118,current:A-P2-STRAND-N4R,185359,1.3143,v1,,-53.06
case_089,2,4,152132,4.5559,current:A-P2-STRAND-N4R,201439,3.4407,v2,,-32.41
case_090,2,4,294367,4.003,current:A-P2-STRAND-N4R,422103,2.7916,v3,,-43.39
case_091,2,4,2543424,3.612,current:A-P2-STRAND-N4R,5782295,1.5888,v1,,-127.34
case_092,2,4,1008098,4.7769,current:A-P2-STRAND-N4R,1630667,2.9531,v1,,-61.76
case_093,2,4,19779,3.7517,current:A-P2-STRAND-N4R,70054,1.0593,v1,,-254.18
case_094,2,4,24154,3.9286,current:A-P2-STRAND-N4R,82532,1.1498,v1,,-241.69
case_095,2,4,523207,3.9848,current:A-P2-STRAND-N4R,358957,5.8081,v2,,31.39
case_096,2,4,27057,3.1117,current:A-P2-STRAND-N4R,61499,1.369,v2,,-127.29
case_097,2,4,2626908,4.3745,current:A-P2-STRAND-N4R,2626908,4.3745,v1,,0.0
case_098,2,4,60028,2.9558,current:A-P2-STRAND-N4R,88466,2.0056,v2,,-47.37
case_099,2,4,406776,3.9899,current:A-P2-STRAND-N4R,506407,3.2049,v1,,-24.49
case_100,2,4,52800,2.8641,current:A-P2-STRAND-N4R,94126,1.6066,v3,,-78.27
case_001,2,5,47502,4.9074,current:A-P2-G5TF-X2,47502,4.9074,v1,,0.0
case_002,2,5,53799,4.869,gpu_verified:n23q2,170848,1.5332,v1,,-217.57
case_003,2,5,235418,2.5581,current:A-P2-G5TF-X2,436781,1.3787,v1,,-85.53
case_004,2,5,85947,4.5651,gpu_verified:ksai_q2a,89668,4.3757,v3,,-4.33
case_005,2,5,45579,2.0979,gpu_verified:n23q2,85804,1.1144,v1,,-88.25
case_006,2,5,19414,4.2669,gpu_verified:n23q2,44688,1.8537,v2,,-130.18
case_007,2,5,203834,4.9676,current:A-P2-G5TF-X2,208742,4.8508,v1,,-2.41
case_008,2,5,100603,4.8468,current:A-P2-G5TF-X2,97653,4.9932,v2,,2.93
case_009,2,5,85826,1.7857,current:A-P2-G5TF-X2,129372,1.1847,v1,,-50.74
case_010,2,5,18481,4.7059,gpu_verified:n23q2,49854,1.7445,v2,,-169.76
case_011,2,5,39441,4.6829,gpu_verified:ksai_q2a,53361,3.4613,v2,,-35.29
case_012,2,5,13479,4.3837,gpu_verified:n23q2,36308,1.6274,v1,,-169.37
case_013,2,5,54363,4.8553,current:A-P2-G5TF-X2,54363,4.8553,v4,,0.0
case_014,2,5,3691924,4.7939,current:A-P2-G5TF-X2,8115443,2.1809,v1,,-119.82
case_015,2,5,37289,4.7564,gpu_verified:n23q2,165273,1.0731,v1,,-343.22
case_016,2,5,2240349,3.4439,gpu_verified:n23q2,7600890,1.0151,v2,,-239.27
case_017,2,5,31391,5.1865,gpu_verified:n23q2,100939,1.613,v1,,-221.55
case_018,2,5,201827,4.9764,current:A-P2-G5TF-X2,291522,3.4453,v1,,-44.44
case_019,2,5,18193,4.4602,current:A-P2-G5TF-X2,55719,1.4563,v2,,-206.27
case_020,2,5,107719,4.9457,current:A-P2-G5TF-X2,113462,4.6954,v2,,-5.33
case_021,2,5,1250168,5.2536,current:A-P2-G5TF-X2,1243516,5.2817,v3,,0.53
case_022,2,5,11654,4.8721,gpu_verified:n23q2,45047,1.2605,v1,,-286.54
case_023,2,5,23240,5.276,current:A-P2-G5TF-X2,113561,1.0797,v1,,-388.64
case_024,2,5,743276,3.4379,gpu_verified:n23q2,2404911,1.0626,v2,,-223.56
case_025,2,5,975886,4.9832,current:A-P2-G5TF-X2,987150,4.9263,v1,,-1.15
case_026,2,5,34778,2.8525,current:A-P2-G5TF-X2,68751,1.4429,v2,,-97.69
case_027,2,5,460949,5.1284,current:A-P2-G5TF-X2,473318,4.9944,v2,,-2.68
case_028,2,5,8056841,5.4408,current:A-P2-G5TF-X2,11785945,3.7193,v1,,-46.28
case_029,2,5,8406,4.4676,gpu_verified:n23q2,17747,2.1161,v4,,-111.12
case_030,2,5,562242,4.9944,current:A-P2-G5TF-X2,1071423,2.6208,v1,,-90.56
case_031,2,5,285290,4.9577,gpu_verified:n23q2,935919,1.5112,v1,,-228.06
case_032,2,5,10837,3.8242,gpu_verified:n23q2,26303,1.5756,v2,,-142.71
case_033,2,5,354075,5.0108,current:A-P2-G5TF-X2,1284862,1.3808,v1,,-262.88
case_034,2,5,177359,4.753,current:A-P2-G5TF-X2,341950,2.4653,v1,,-92.8
case_035,2,5,78193,2.1686,gpu_verified:n23q2,154767,1.0957,v1,,-97.93
case_036,2,5,187182,4.9765,current:A-P2-G5TF-X2,187182,4.9765,v1,,0.0
case_037,2,5,43013,4.8823,current:A-P2-G5TF-X2,59126,3.5518,v4,,-37.46
case_038,2,5,274321,4.9743,current:A-P2-G5TF-X2,860673,1.5855,v1,,-213.75
case_039,2,5,327297,4.3852,current:A-P2-G5TF-X2,608205,2.3598,v2,,-85.83
case_040,2,5,85813,2.9536,gpu_verified:n23q2,198651,1.2759,v1,,-131.49
case_041,2,5,1219639,4.9227,current:A-P2-G5TF-X2,4095089,1.4661,v1,,-235.76
case_042,2,5,342415,4.926,current:A-P2-G5TF-X2,520345,3.2416,v2,,-51.96
case_043,2,5,187835,3.6077,gpu_verified:n23q2,461238,1.4692,v1,,-145.55
case_044,2,5,36725,4.2044,gpu_verified:n23q2,90769,1.7011,v3,,-147.16
case_045,2,5,25694,4.8888,gpu_verified:ksai_q2a,36426,3.4485,v2,,-41.77
case_046,2,5,92043,3.0035,current:A-P2-G5TF-X2,134767,2.0514,v2,,-46.42
case_047,2,5,203875,1.6015,gpu_verified:n23q2,324092,1.0075,v1,,-58.97
case_048,2,5,143647,1.547,gpu_verified:n23q2,205833,1.0796,v1,,-43.29
case_049,2,5,80033,2.4524,gpu_verified:n23q2,146716,1.3378,v1,,-83.32
case_050,2,5,59292,2.5246,gpu_verified:n23q2,103897,1.4408,v1,,-75.23
case_051,2,5,425702,1.4274,current:A-P2-G5TF-X2,478133,1.2708,v2,,-12.32
case_052,2,5,37293,4.8347,current:A-P2-G5TF-X2,111403,1.6185,v1,,-198.72
case_053,2,5,399608,3.6853,current:A-P2-G5TF-X2,910290,1.6178,v1,,-127.8
case_054,2,5,280680,2.9038,current:A-P2-G5TF-X2,712645,1.1437,v1,,-153.9
case_055,2,5,27351,4.3448,current:A-P2-G5TF-X2,100342,1.1843,v1,,-266.87
case_056,2,5,124168,2.2331,gpu_verified:n23q2,218367,1.2698,v1,,-75.86
case_057,2,5,12813,4.6614,gpu_verified:n23q2,37622,1.5875,v1,,-193.62
case_058,2,5,941768,4.8204,gpu_verified:ksai_q2a,4032026,1.1259,v3,,-328.13
case_059,2,5,150782,5.5011,current:A-P2-G5TF-X2,178248,4.6535,v2,,-18.22
case_060,2,5,180684,4.919,current:A-P2-G5TF-X2,587028,1.514,v1,,-224.89
case_061,2,5,19061,4.0497,gpu_verified:n23q2,36680,2.1044,v4,,-92.43
case_062,2,5,640925,4.4542,current:A-P2-G5TF-X2,2667643,1.0702,v1,,-316.22
case_063,2,5,217069,4.9311,gpu_verified:n23q2,939269,1.1396,v1,,-332.71
case_064,2,5,14916,1.2816,current:A-P2-G5TF-X2,36010,0.5309,v1,,-141.42
case_065,2,5,10277,5.1638,gpu_verified:n23q2,39268,1.3514,v2,,-282.1
case_066,2,5,121252,2.9614,gpu_verified:n23q2,264343,1.3583,v1,,-118.01
case_067,2,5,12588983,5.0707,current:A-P2-G5TF-X2,13142963,4.857,v2,,-4.4
case_068,2,5,167859,2.1571,current:A-P2-G5TF-X2,201885,1.7936,v3,,-20.27
case_069,2,5,8920,2.8188,gpu_verified:n23q2,21247,1.1834,v4,,-138.2
case_070,2,5,24314,4.8244,gpu_verified:n23q2,122268,0.9594,v1,,-402.87
case_071,2,5,7578,2.4966,gpu_verified:n23q2,21789,0.8683,v1,,-187.53
case_072,2,5,5050702,4.7316,current:A-P2-G5TF-X2,9520675,2.5101,v1,,-88.5
case_073,2,5,1854429,5.4365,current:A-P2-G5TF-X2,2943591,3.4249,v2,,-58.73
case_074,2,5,335984,5.0069,current:A-P2-G5TF-X2,830714,2.0251,v1,,-147.25
case_075,2,5,427591,3.3719,current:A-P2-G5TF-X2,1269920,1.1354,v1,,-196.99
case_076,2,5,1256047,4.9243,gpu_verified:n23q2,3072996,2.0127,v1,,-144.66
case_077,2,5,106079,4.6694,gpu_verified:n23q2,273154,1.8133,v4,,-157.5
case_078,2,5,477368,4.81,gpu_verified:n23q2,1027174,2.2354,v2,,-115.17
case_079,2,5,6075976,5.1107,current:A-P2-G5TF-X2,26222639,1.1842,v1,,-331.58
case_080,2,5,96270,3.0346,current:A-P2-G5TF-X2,114990,2.5406,v2,,-19.45
case_081,2,5,31373,4.8384,current:A-P2-G5TF-X2,53747,2.8243,v2,,-71.32
case_082,2,5,209247,3.4459,current:A-P2-G5TF-X2,512329,1.4074,v1,,-144.84
case_083,2,5,200760,5.2699,current:A-P2-G5TF-X2,281688,3.7559,v2,,-40.31
case_084,2,5,502592,4.989,current:A-P2-G5TF-X2,283928,8.8312,v2,,43.51
case_085,2,5,848638,3.7565,current:A-P2-G5TF-X2,2846125,1.1201,v1,,-235.38
case_086,2,5,58694,2.0173,gpu_verified:n23q2,105057,1.127,v1,,-78.99
case_087,2,5,853863,4.6542,current:A-P2-G5TF-X2,1852002,2.1458,v1,,-116.9
case_088,2,5,101886,2.3911,gpu_verified:n23q2,204901,1.189,v1,,-101.11
case_089,2,5,123062,5.6321,current:A-P2-G5TF-X2,129341,5.3586,v3,,-5.1
case_090,2,5,265235,4.4427,gpu_verified:n23q2,560368,2.1028,v2,,-111.27
case_091,2,5,1991346,4.6133,current:A-P2-G5TF-X2,6016217,1.527,v1,,-202.12
case_092,2,5,806778,5.9689,current:A-P2-G5TF-X2,1614423,2.9828,v1,,-100.11
case_093,2,5,15876,4.674,current:A-P2-G5TF-X2,60370,1.2292,v2,,-280.26
case_094,2,5,19895,4.7696,current:A-P2-G5TF-X2,77878,1.2185,v1,,-291.45
case_095,2,5,420852,4.9539,current:A-P2-G5TF-X2,353619,5.8958,v2,,15.98
case_096,2,5,23601,3.5674,gpu_verified:n23q2,55294,1.5227,v1,,-134.29
case_097,2,5,2102348,5.466,current:A-P2-G5TF-X2,2871167,4.0024,v2,,-36.57
case_098,2,5,47321,3.7495,gpu_verified:n23q2,79580,2.2296,v2,,-68.17
case_099,2,5,331360,4.898,current:A-P2-G5TF-X2,548340,2.9598,v1,,-65.48
case_100,2,5,53077,2.8491,current:A-P2-G5TF-X2,81562,1.8541,v3,,-53.67
case_001,3,2,116868,1.9946,current:A-P3-WAVE-N2R,116868,1.9946,v4,,0.0
case_002,3,2,130025,2.0146,current:A-P3-WAVE-N2R,207374,1.2632,v1,,-59.49
case_003,3,2,362482,1.6614,current:A-P3-WAVE-N2R,561169,1.0731,v1,,-54.81
case_004,3,2,196032,2.0015,current:A-P3-WAVE-N2R,199678,1.9649,v1,,-1.86
case_005,3,2,68095,1.4042,current:A-P3-WAVE-N2R,86662,1.1033,v1,,-27.27
case_006,3,2,39204,2.113,current:A-P3-WAVE-N2R,65199,1.2705,v1,,-66.31
case_007,3,2,508098,1.9928,current:A-P3-WAVE-N2R,510397,1.9839,v1,,-0.45
case_008,3,2,136244,3.5789,current:A-P3-WAVE-N2R,253187,1.9259,v1,,-85.83
case_009,3,2,94373,1.624,current:A-P3-WAVE-N2R,126041,1.216,v1,,-33.56
case_010,3,2,42748,2.0345,current:A-P3-WAVE-N2R,51839,1.6777,v1,,-21.27
case_011,3,2,92646,1.9936,current:A-P3-WAVE-N2R,92646,1.9936,v1,,0.0
case_012,3,2,27871,2.1201,current:A-P3-WAVE-N2R,36849,1.6035,v1,,-32.21
case_013,3,2,132198,1.9966,current:A-P3-WAVE-N2R,132198,1.9966,v4,,0.0
case_014,3,2,8852007,1.9994,current:A-P3-WAVE-N2R,,,,no_cluster_record_yet,
case_015,3,2,88963,1.9937,current:A-P3-WAVE-N2R,136402,1.3003,v1,,-53.32
case_016,3,2,7715523,1.0,current:A-P3-WAVE-N2R,7738502,0.997,v1,,-0.3
case_017,3,2,72003,2.2612,current:A-P3-WAVE-N2R,100248,1.6241,v1,,-39.23
case_018,3,2,497643,2.0182,current:A-P3-WAVE-N2R,528306,1.9011,v1,,-6.16
case_019,3,2,36428,2.2275,current:A-P3-WAVE-N2R,51126,1.5871,v1,,-40.35
case_020,3,2,266580,1.9984,current:A-P3-WAVE-N2R,266580,1.9984,v1,,0.0
case_021,3,2,3134101,2.0956,current:A-P3-WAVE-N2R,3118411,2.1062,v3,,0.5
case_022,3,2,28302,2.0062,current:A-P3-WAVE-N2R,43235,1.3133,v1,,-52.76
case_023,3,2,47907,2.5594,current:A-P3-WAVE-N2R,56985,2.1517,v3,,-18.95
case_024,3,2,2555343,1.0,current:A-P3-WAVE-N2R,2570533,0.9941,v1,,-0.59
case_025,3,2,2431840,1.9997,current:A-P3-WAVE-N2R,2436541,1.9959,v1,,-0.19
case_026,3,2,50527,1.9634,current:A-P3-WAVE-N2R,80383,1.2341,v1,,-59.09
case_027,3,2,1120962,2.1089,current:A-P3-WAVE-N2R,,,,no_cluster_record_yet,
case_028,3,2,20748327,2.1128,current:A-P3-WAVE-N2R,,,,no_cluster_record_yet,
case_029,3,2,19043,1.9721,current:A-P3-WAVE-N2R,21226,1.7693,v3,,-11.46
case_030,3,2,1412459,1.988,current:A-P3-WAVE-N2R,,,,no_cluster_record_yet,
case_031,3,2,718053,1.9697,current:A-P3-WAVE-N2R,1075131,1.3155,v1,,-49.73
case_032,3,2,19338,2.1431,current:A-P3-WAVE-N2R,34319,1.2076,v1,,-77.47
case_033,3,2,888868,1.996,current:A-P3-WAVE-N2R,1001801,1.771,v1,,-12.71
case_034,3,2,417727,2.0181,current:A-P3-WAVE-N2R,471327,1.7886,v1,,-12.83
case_035,3,2,95377,1.7779,current:A-P3-WAVE-N2R,148881,1.139,v1,,-56.1
case_036,3,2,466068,1.9987,current:A-P3-WAVE-N2R,466068,1.9987,v1,,0.0
case_037,3,2,105374,1.9929,current:A-P3-WAVE-N2R,122584,1.7131,v4,,-16.33
case_038,3,2,675236,2.0209,current:A-P3-WAVE-N2R,,,,no_cluster_record_yet,
case_039,3,2,705615,2.0341,current:A-P3-WAVE-N2R,1037003,1.384,v1,,-46.96
case_040,3,2,142975,1.7727,current:A-P3-WAVE-N2R,221314,1.1452,v1,,-54.79
case_041,3,2,2990762,2.0075,current:A-P3-WAVE-N2R,3988640,1.5053,v1,,-33.37
case_042,3,2,835959,2.0177,current:A-P3-WAVE-N2R,944117,1.7866,v1,,-12.94
case_043,3,2,340895,1.9879,current:A-P3-WAVE-N2R,564981,1.1994,v1,,-65.73
case_044,3,2,44185,3.4946,current:A-P3-WAVE-N2R,67833,2.2763,v2,,-53.52
case_045,3,2,63059,1.992,current:A-P3-WAVE-N2R,63994,1.9629,v2,,-1.48
case_046,3,2,107524,2.5711,current:A-P3-WAVE-N2R,,,,no_cluster_record_yet,
case_047,3,2,295948,1.1033,current:A-P3-WAVE-N2R,327806,0.996,v1,,-10.76
case_048,3,2,200118,1.1104,current:A-P3-WAVE-N2R,220453,1.008,v1,,-10.16
case_049,3,2,123190,1.5933,current:A-P3-WAVE-N2R,156782,1.2519,v1,,-27.27
case_050,3,2,93117,1.6075,current:A-P3-WAVE-N2R,138060,1.0842,v1,,-48.27
case_051,3,2,599752,1.0131,current:A-P3-WAVE-N2R,622272,0.9765,v1,,-3.75
case_052,3,2,86227,2.091,current:A-P3-WAVE-N2R,111780,1.613,v1,,-29.63
case_053,3,2,713925,2.0628,current:A-P3-WAVE-N2R,1124257,1.3099,v1,,-57.48
case_054,3,2,475259,1.715,current:A-P3-WAVE-N2R,724595,1.1248,v1,,-52.46
case_055,3,2,52315,2.2715,current:A-P3-WAVE-N2R,83397,1.4249,v1,,-59.41
case_056,3,2,177457,1.5625,current:A-P3-WAVE-N2R,231400,1.1983,v1,,-30.4
case_057,3,2,29633,2.0155,current:A-P3-WAVE-N2R,41179,1.4504,v1,,-38.96
case_058,3,2,2270206,1.9997,current:A-P3-WAVE-N2R,4217605,1.0764,v1,,-85.78
case_059,3,2,369318,2.246,current:A-P3-WAVE-N2R,,,,no_cluster_record_yet,
case_060,3,2,430940,2.0624,current:A-P3-WAVE-N2R,,,,no_cluster_record_yet,
case_061,3,2,41162,1.8753,current:A-P3-WAVE-N2R,48603,1.5882,v4,,-18.08
case_062,3,2,1430406,1.9958,current:A-P3-WAVE-N2R,,,,no_cluster_record_yet,
case_063,3,2,536176,1.9964,current:A-P3-WAVE-N2R,1000807,1.0695,v1,,-86.66
case_064,3,2,16073,1.1893,current:A-P3-WAVE-N2R,22546,0.8479,v1,,-40.27
case_065,3,2,25531,2.0786,current:A-P3-WAVE-N2R,39529,1.3425,v1,,-54.83
case_066,3,2,206840,1.736,current:A-P3-WAVE-N2R,323051,1.1115,v1,,-56.18
case_067,3,2,30739330,2.0767,current:A-P3-WAVE-N2R,,,,no_cluster_record_yet,
case_068,3,2,231721,1.5626,current:A-P3-WAVE-N2R,343432,1.0543,v1,,-48.21
case_069,3,2,13165,1.9099,current:A-P3-WAVE-N2R,19764,1.2722,v4,,-50.13
case_070,3,2,55274,2.1222,current:A-P3-WAVE-N2R,77602,1.5116,v1,,-40.4
case_071,3,2,11441,1.6536,current:A-P3-WAVE-N2R,22291,0.8487,v1,,-94.83
case_072,3,2,11977996,1.9951,current:A-P3-WAVE-N2R,,,,no_cluster_record_yet,
case_073,3,2,4202559,2.3989,current:A-P3-WAVE-N2R,5681628,1.7744,v1,,-35.19
case_074,3,2,844814,1.9913,current:A-P3-WAVE-N2R,936991,1.7954,v1,,-10.91
case_075,3,2,797960,1.8069,current:A-P3-WAVE-N2R,1373590,1.0497,v1,,-72.14
case_076,3,2,3093886,1.9991,current:A-P3-WAVE-N2R,,,,no_cluster_record_yet,
case_077,3,2,244401,2.0267,current:A-P3-WAVE-N2R,365695,1.3545,v1,,-49.63
case_078,3,2,1029560,2.2302,current:A-P3-WAVE-N2R,,,,no_cluster_record_yet,
case_079,3,2,15262444,2.0346,current:A-P3-WAVE-N2R,15383397,2.0186,v1,,-0.79
case_080,3,2,145224,2.0116,current:A-P3-WAVE-N2R,,,,no_cluster_record_yet,
case_081,3,2,76163,1.993,current:A-P3-WAVE-N2R,98210,1.5456,v1,,-28.95
case_082,3,2,385459,1.8706,current:A-P3-WAVE-N2R,640751,1.1253,v1,,-66.23
case_083,3,2,422492,2.5042,current:A-P3-WAVE-N2R,,,,no_cluster_record_yet,
case_084,3,2,1254650,1.9985,current:A-P3-WAVE-N2R,1028694,2.4375,v3,,18.01
case_085,3,2,1848816,1.7243,current:A-P3-WAVE-N2R,3092849,1.0307,v1,,-67.29
case_086,3,2,74578,1.5876,current:A-P3-WAVE-N2R,109489,1.0814,v1,,-46.81
case_087,3,2,2102473,1.8902,current:A-P3-WAVE-N2R,2689569,1.4776,v1,,-27.92
case_088,3,2,154759,1.5742,current:A-P3-WAVE-N2R,213177,1.1428,v1,,-37.75
case_089,3,2,299270,2.3159,current:A-P3-WAVE-N2R,356333,1.9451,v1,,-19.07
case_090,3,2,453562,2.598,current:A-P3-WAVE-N2R,569942,2.0675,v2,,-25.66
case_091,3,2,4594124,1.9997,current:A-P3-WAVE-N2R,,,,no_cluster_record_yet,
case_092,3,2,2037340,2.3636,current:A-P3-WAVE-N2R,,,,no_cluster_record_yet,
case_093,3,2,37326,1.988,current:A-P3-WAVE-N2R,40305,1.8411,v4,,-7.98
case_094,3,2,45899,2.0674,current:A-P3-WAVE-N2R,69554,1.3643,v1,,-51.54
case_095,3,2,1040850,2.003,current:A-P3-WAVE-N2R,586651,3.5538,v3,,43.64
case_096,3,2,40084,2.1004,current:A-P3-WAVE-N2R,62069,1.3565,v2,,-54.85
case_097,3,2,5617602,2.0456,current:A-P3-WAVE-N2R,5617602,2.0456,v1,,0.0
case_098,3,2,88555,2.0036,current:A-P3-WAVE-N2R,158648,1.1184,v1,,-79.15
case_099,3,2,806707,2.0119,current:A-P3-WAVE-N2R,,,,no_cluster_record_yet,
case_100,3,2,74356,2.0338,current:A-P3-WAVE-N2R,111219,1.3597,v1,,-49.58
case_001,3,3,78545,2.9679,current:A-P3-WAVE-N3R,78545,2.9679,v4,,0.0
case_002,3,3,88509,2.9595,current:A-P3-WAVE-N3R,217437,1.2047,v1,,-145.67
case_003,3,3,268432,2.2434,current:A-P3-WAVE-N3R,540620,1.1139,v1,,-101.4
case_004,3,3,131412,2.9857,current:A-P3-WAVE-N3R,135604,2.8934,v2,,-3.19
case_005,3,3,76604,1.2482,current:A-P3-WAVE-N3R,83602,1.1437,v1,,-9.14
case_006,3,3,28688,2.8875,current:A-P3-WAVE-N3R,51813,1.5988,v2,,-80.61
case_007,3,3,338094,2.9949,current:A-P3-WAVE-N3R,344073,2.9429,v1,,-1.77
case_008,3,3,110229,4.4236,current:A-P3-WAVE-N3R,172808,2.8217,v1,,-56.77
case_009,3,3,86609,1.7696,current:A-P3-WAVE-N3R,136863,1.1198,v1,,-58.02
case_010,3,3,29582,2.9399,current:A-P3-WAVE-N3R,58423,1.4886,v1,,-97.5
case_011,3,3,62813,2.9404,current:A-P3-WAVE-N3R,70234,2.6297,v2,,-11.81
case_012,3,3,18527,3.1893,current:A-P3-WAVE-N3R,40802,1.4482,v1,,-120.23
case_013,3,3,88351,2.9875,current:A-P3-WAVE-N3R,88351,2.9875,v4,,0.0
case_014,3,3,5982671,2.9583,current:A-P3-WAVE-N3R,,,,no_cluster_record_yet,
case_015,3,3,61199,2.8981,current:A-P3-WAVE-N3R,95980,1.8479,v1,,-56.83
case_016,3,3,7715523,1.0,current:A-P3-WAVE-N3R,7741691,0.9966,v1,,-0.34
case_017,3,3,49177,3.3107,current:A-P3-WAVE-N3R,69965,2.327,v1,,-42.27
case_018,3,3,331431,3.0304,current:A-P3-WAVE-N3R,385209,2.6073,v1,,-16.23
case_019,3,3,25986,3.1226,current:A-P3-WAVE-N3R,53142,1.5269,v2,,-104.5
case_020,3,3,177950,2.9938,current:A-P3-WAVE-N3R,177950,2.9938,v1,,0.0
case_021,3,3,2142851,3.065,current:A-P3-WAVE-N3R,3962388,1.6576,v2,,-84.91
case_022,3,3,18803,3.0197,current:A-P3-WAVE-N3R,34415,1.6499,v1,,-83.03
case_023,3,3,34328,3.5718,current:A-P3-WAVE-N3R,63530,1.93,v2,,-85.07
case_024,3,3,2555343,1.0,current:A-P3-WAVE-N3R,2577832,0.9913,v1,,-0.88
case_025,3,3,1622742,2.9968,current:A-P3-WAVE-N3R,1628169,2.9868,v1,,-0.33
case_026,3,3,39479,2.5128,current:A-P3-WAVE-N3R,88412,1.1221,v2,,-123.95
case_027,3,3,806498,2.9311,current:A-P3-WAVE-N3R,,,,no_cluster_record_yet,
case_028,3,3,13752048,3.1876,current:A-P3-WAVE-N3R,,,,no_cluster_record_yet,
case_029,3,3,12743,2.9471,current:A-P3-WAVE-N3R,16032,2.3425,v3,,-25.81
case_030,3,3,944631,2.9726,current:A-P3-WAVE-N3R,,,,no_cluster_record_yet,
case_031,3,3,478003,2.9589,current:A-P3-WAVE-N3R,770029,1.8368,v1,,-61.09
case_032,3,3,13216,3.1358,current:A-P3-WAVE-N3R,32256,1.2848,v2,,-144.07
case_033,3,3,594409,2.9848,current:A-P3-WAVE-N3R,1138141,1.5589,v1,,-91.47
case_034,3,3,277088,3.0423,current:A-P3-WAVE-N3R,375384,2.2457,v1,,-35.47
case_035,3,3,96323,1.7604,current:A-P3-WAVE-N3R,164746,1.0293,v1,,-71.03
case_036,3,3,311345,2.9919,current:A-P3-WAVE-N3R,319655,2.9141,v1,,-2.67
case_037,3,3,70894,2.9622,current:A-P3-WAVE-N3R,84781,2.477,v4,,-19.59
case_038,3,3,450319,3.0302,current:A-P3-WAVE-N3R,,,,no_cluster_record_yet,
case_039,3,3,483226,2.9702,current:A-P3-WAVE-N3R,1132567,1.2673,v1,,-134.38
case_040,3,3,112056,2.2619,current:A-P3-WAVE-N3R,217684,1.1643,v1,,-94.26
case_041,3,3,2013306,2.9821,current:A-P3-WAVE-N3R,3461721,1.7344,v1,,-71.94
case_042,3,3,565113,2.9848,current:A-P3-WAVE-N3R,697824,2.4171,v1,,-23.48
case_043,3,3,245509,2.7602,current:A-P3-WAVE-N3R,535841,1.2647,v1,,-118.26
case_044,3,3,50128,3.0803,current:A-P3-WAVE-N3R,65492,2.3576,v2,,-30.65
case_045,3,3,42304,2.9693,current:A-P3-WAVE-N3R,43976,2.8564,v2,,-3.95
case_046,3,3,81236,3.4031,current:A-P3-WAVE-N3R,,,,no_cluster_record_yet,
case_047,3,3,287079,1.1373,current:A-P3-WAVE-N3R,320355,1.0192,v1,,-11.59
case_048,3,3,199808,1.1122,current:A-P3-WAVE-N3R,214380,1.0366,v1,,-7.29
case_049,3,3,101362,1.9364,current:A-P3-WAVE-N3R,134285,1.4616,v1,,-32.48
case_050,3,3,80752,1.8537,current:A-P3-WAVE-N3R,114266,1.31,v1,,-41.5
case_051,3,3,599752,1.0131,current:A-P3-WAVE-N3R,620268,0.9796,v1,,-3.42
case_052,3,3,55724,3.2356,current:A-P3-WAVE-N3R,108220,1.6661,v1,,-94.21
case_053,3,3,495853,2.97,current:A-P3-WAVE-N3R,946346,1.5562,v1,,-90.85
case_054,3,3,347319,2.3467,current:A-P3-WAVE-N3R,684561,1.1906,v1,,-97.1
case_055,3,3,37752,3.1478,current:A-P3-WAVE-N3R,83021,1.4314,v1,,-119.91
case_056,3,3,139698,1.9849,current:A-P3-WAVE-N3R,220000,1.2604,v1,,-57.48
case_057,3,3,20591,2.9006,current:A-P3-WAVE-N3R,39484,1.5127,v2,,-91.75
case_058,3,3,1526307,2.9743,current:A-P3-WAVE-N3R,4109334,1.1047,v1,,-169.23
case_059,3,3,259177,3.2004,current:A-P3-WAVE-N3R,,,,no_cluster_record_yet,
case_060,3,3,286283,3.1046,current:A-P3-WAVE-N3R,,,,no_cluster_record_yet,
case_061,3,3,30863,2.5011,current:A-P3-WAVE-N3R,40334,1.9138,v4,,-30.69
case_062,3,3,1037192,2.7524,current:A-P3-WAVE-N3R,,,,no_cluster_record_yet,
case_063,3,3,374879,2.8553,current:A-P3-WAVE-N3R,984805,1.0869,v1,,-162.7
case_064,3,3,15692,1.2182,current:A-P3-WAVE-N3R,23019,0.8304,v1,,-46.69
case_065,3,3,17767,2.9869,current:A-P3-WAVE-N3R,22606,2.3475,v2,,-27.24
case_066,3,3,152719,2.3512,current:A-P3-WAVE-N3R,280934,1.2781,v1,,-83.95
case_067,3,3,20270656,3.1491,current:A-P3-WAVE-N3R,,,,no_cluster_record_yet,
case_068,3,3,187794,1.9281,current:A-P3-WAVE-N3R,309547,1.1698,v1,,-64.83
case_069,3,3,11063,2.2728,current:A-P3-WAVE-N3R,20386,1.2334,v4,,-84.27
case_070,3,3,39052,3.0037,current:A-P3-WAVE-N3R,98021,1.1967,v1,,-151.0
case_071,3,3,8521,2.2203,current:A-P3-WAVE-N3R,21149,0.8946,v1,,-148.2
case_072,3,3,8095552,2.952,current:A-P3-WAVE-N3R,,,,no_cluster_record_yet,
case_073,3,3,2863798,3.5204,current:A-P3-WAVE-N3R,4732075,2.1305,v1,,-65.24
case_074,3,3,555851,3.0264,current:A-P3-WAVE-N3R,699224,2.4059,v1,,-25.79
case_075,3,3,587430,2.4544,current:A-P3-WAVE-N3R,1394677,1.0338,v1,,-137.42
case_076,3,3,2060789,3.0013,current:A-P3-WAVE-N3R,,,,no_cluster_record_yet,
case_077,3,3,168429,2.9408,current:A-P3-WAVE-N3R,401549,1.2335,v1,,-138.41
case_078,3,3,735967,3.1199,current:A-P3-WAVE-N3R,,,,no_cluster_record_yet,
case_079,3,3,10019984,3.099,current:A-P3-WAVE-N3R,10170746,3.0531,v1,,-1.5
case_080,3,3,97925,2.9833,current:A-P3-WAVE-N3R,,,,no_cluster_record_yet,
case_081,3,3,51431,2.9514,current:A-P3-WAVE-N3R,61372,2.4734,v2,,-19.33
case_082,3,3,272384,2.6471,current:A-P3-WAVE-N3R,483369,1.4917,v1,,-77.46
case_083,3,3,291169,3.6336,current:A-P3-WAVE-N3R,,,,no_cluster_record_yet,
case_084,3,3,835164,3.0023,current:A-P3-WAVE-N3R,467840,5.3595,v3,,43.98
case_085,3,3,1266498,2.5171,current:A-P3-WAVE-N3R,2958999,1.0774,v1,,-133.64
case_086,3,3,93244,1.2698,current:A-P3-WAVE-N3R,89742,1.3194,v1,,3.76
case_087,3,3,1370065,2.9006,current:A-P3-WAVE-N3R,2327449,1.7075,v1,,-69.88
case_088,3,3,128251,1.8996,current:A-P3-WAVE-N3R,209766,1.1614,v1,,-63.56
case_089,3,3,208395,3.3259,current:A-P3-WAVE-N3R,217738,3.1831,v2,,-4.48
case_090,3,3,317353,3.7131,current:A-P3-WAVE-N3R,398167,2.9595,v3,,-25.47
case_091,3,3,3032426,3.0295,current:A-P3-WAVE-N3R,,,,no_cluster_record_yet,
case_092,3,3,1347978,3.5724,current:A-P3-WAVE-N3R,,,,no_cluster_record_yet,
case_093,3,3,25103,2.956,current:A-P3-WAVE-N3R,27935,2.6563,v4,,-11.28
case_094,3,3,30169,3.1453,current:A-P3-WAVE-N3R,64800,1.4644,v2,,-114.79
case_095,3,3,693735,3.0053,current:A-P3-WAVE-N3R,434912,4.7937,v2,,37.31
case_096,3,3,28396,2.965,current:A-P3-WAVE-N3R,57227,1.4712,v2,,-101.53
case_097,3,3,3660338,3.1395,current:A-P3-WAVE-N3R,3926040,2.927,v1,,-7.26
case_098,3,3,78930,2.2479,current:A-P3-WAVE-N3R,101683,1.7449,v2,,-28.83
case_099,3,3,537310,3.0206,current:A-P3-WAVE-N3R,,,,no_cluster_record_yet,
case_100,3,3,53198,2.8426,current:A-P3-WAVE-N3R,109935,1.3756,v2,,-106.65
case_001,3,4,58984,3.9521,current:A-P3-L1SPR-N4R,58984,3.9521,v4,,0.0
case_002,3,4,74010,3.5393,current:A-P3-L1SPR-N4R,178922,1.464,v1,,-141.75
case_003,3,4,241470,2.4939,current:A-P3-L1SPR-N4R,466734,1.2903,v1,,-93.29
case_004,3,4,104188,3.7659,current:A-P3-L1SPR-N4R,111475,3.5197,v2,,-6.99
case_005,3,4,67720,1.412,current:A-P3-L1SPR-N4R,88736,1.0776,v4,,-31.03
case_006,3,4,24141,3.4314,current:A-P3-L1SPR-N4R,64714,1.28,v1,,-168.07
case_007,3,4,254398,3.9802,current:A-P3-L1SPR-N4R,260986,3.8798,v1,,-2.59
case_008,3,4,104264,4.6766,current:A-P3-L1SPR-N4R,127031,3.8385,v1,,-21.84
case_009,3,4,89074,1.7206,current:A-P3-L1SPR-N4R,132802,1.1541,v1,,-49.09
case_010,3,4,24497,3.5502,current:A-P3-L1SPR-N4R,66395,1.3099,v1,,-171.03
case_011,3,4,46880,3.9398,current:A-P3-L1SPR-N4R,53726,3.4378,v2,,-14.6
case_012,3,4,15624,3.7819,current:A-P3-L1SPR-N4R,37254,1.5861,v1,,-138.44
case_013,3,4,66982,3.9406,current:A-P3-L1SPR-N4R,66946,3.9427,v4,,0.05
case_014,3,4,4537470,3.9005,current:A-P3-L1SPR-N4R,,,,no_cluster_record_yet,
case_015,3,4,46270,3.8332,current:A-P3-L1SPR-N4R,132753,1.336,v1,,-186.91
case_016,3,4,2400379,3.2143,current:A-P3-STRAND-N4R,7745134,0.9962,v1,,-222.66
case_017,3,4,36423,4.47,current:A-P3-L1SPR-N4R,91806,1.7734,v2,,-152.06
case_018,3,4,248233,4.0461,current:A-P3-L1SPR-N4R,329861,3.0448,v1,,-32.88
case_019,3,4,21108,3.8442,current:A-P3-L1SPR-N4R,46262,1.754,v2,,-119.17
case_020,3,4,133704,3.9845,current:A-P3-L1SPR-N4R,133704,3.9845,v1,,0.0
case_021,3,4,1550324,4.2365,current:A-P3-L1SPR-N4R,3905144,1.6819,v2,,-151.89
case_022,3,4,14384,3.9474,current:A-P3-L1SPR-N4R,48073,1.1811,v1,,-234.21
case_023,3,4,25796,4.7532,current:A-P3-L1SPR-N4R,50751,2.416,v2,,-96.74
case_024,3,4,796735,3.2073,current:A-P3-STRAND-N4R,2572572,0.9933,v1,,-222.89
case_025,3,4,1218152,3.9921,current:A-P3-L1SPR-N4R,1228261,3.9593,v1,,-0.83
case_026,3,4,40827,2.4298,current:A-P3-L1SPR-N4R,65428,1.5162,v2,,-60.26
case_027,3,4,559196,4.2274,current:A-P3-L1SPR-N4R,,,,no_cluster_record_yet,
case_028,3,4,10176567,4.3075,current:A-P3-L1SPR-N4R,,,,no_cluster_record_yet,
case_029,3,4,11063,3.3946,current:A-P3-L1SPR-N4R,11312,3.3199,v3,,-2.25
case_030,3,4,696813,4.0298,current:A-P3-L1SPR-N4R,,,,no_cluster_record_yet,
case_031,3,4,364176,3.8838,current:A-P3-L1SPR-N4R,836656,1.6905,v2,,-129.74
case_032,3,4,11922,3.4762,current:A-P3-L1SPR-N4R,24696,1.6781,v2,,-107.15
case_033,3,4,443847,3.9973,current:A-P3-L1SPR-N4R,1109155,1.5996,v1,,-149.9
case_034,3,4,208623,4.0408,current:A-P3-L1SPR-N4R,325159,2.5926,v1,,-55.86
case_035,3,4,90417,1.8754,current:A-P3-L1SPR-N4R,155902,1.0877,v1,,-72.43
case_036,3,4,233584,3.9879,current:A-P3-L1SPR-N4R,233584,3.9879,v1,,0.0
case_037,3,4,53320,3.9385,current:A-P3-L1SPR-N4R,66607,3.1528,v4,,-24.92
case_038,3,4,340734,4.0048,current:A-P3-L1SPR-N4R,,,,no_cluster_record_yet,
case_039,3,4,368055,3.8996,current:A-P3-L1SPR-N4R,1094625,1.3112,v1,,-197.41
case_040,3,4,107762,2.352,current:A-P3-L1SPR-N4R,193849,1.3075,v1,,-79.89
case_041,3,4,1512623,3.9692,current:A-P3-L1SPR-N4R,3106463,1.9327,v1,,-105.37
case_042,3,4,421559,4.0012,current:A-P3-L1SPR-N4R,595489,2.8325,v1,,-41.26
case_043,3,4,232022,2.9207,current:A-P3-L1SPR-N4R,505853,1.3396,v1,,-118.02
case_044,3,4,45369,3.4034,current:A-P3-L1SPR-N4R,58984,2.6178,v2,,-30.01
case_045,3,4,31878,3.9405,current:A-P3-L1SPR-N4R,37085,3.3872,v2,,-16.33
case_046,3,4,77921,3.5479,current:A-P3-L1SPR-N4R,,,,no_cluster_record_yet,
case_047,3,4,274605,1.189,current:A-P3-L1SPR-N4R,319821,1.0209,v1,,-16.47
case_048,3,4,193976,1.1456,current:A-P3-L1SPR-N4R,206791,1.0746,v1,,-6.61
case_049,3,4,81432,2.4103,current:A-P3-L1SPR-N4R,133729,1.4677,v1,,-64.22
case_050,3,4,80275,1.8647,current:A-P3-L1SPR-N4R,114624,1.3059,v1,,-42.79
case_051,3,4,191438,3.174,current:A-P3-STRAND-N4R,627713,0.968,v1,,-227.89
case_052,3,4,42904,4.2024,current:A-P3-L1SPR-N4R,125869,1.4325,v1,,-193.37
case_053,3,4,418472,3.5192,current:A-P3-L1SPR-N4R,867385,1.6978,v1,,-107.27
case_054,3,4,303617,2.6845,current:A-P3-L1SPR-N4R,699035,1.166,v1,,-130.24
case_055,3,4,30624,3.8805,current:A-P3-L1SPR-N4R,91757,1.2951,v1,,-199.62
case_056,3,4,128944,2.1504,current:A-P3-L1SPR-N4R,238484,1.1627,v1,,-84.95
case_057,3,4,17029,3.5073,current:A-P3-L1SPR-N4R,52690,1.1335,v1,,-209.41
case_058,3,4,1142629,3.973,current:A-P3-L1SPR-N4R,4173905,1.0876,v1,,-265.29
case_059,3,4,185216,4.4784,current:A-P3-L1SPR-N4R,,,,no_cluster_record_yet,
case_060,3,4,216166,4.1116,current:A-P3-L1SPR-N4R,,,,no_cluster_record_yet,
case_061,3,4,23284,3.3152,current:A-P3-L1SPR-N4R,36816,2.0967,v4,,-58.12
case_062,3,4,802728,3.5564,current:A-P3-STRAND-N4R,,,,no_cluster_record_yet,
case_063,3,4,275826,3.8807,current:A-P3-L1SPR-N4R,903411,1.1848,v1,,-227.53
case_064,3,4,15024,1.2724,current:A-P3-L1SPR-N4R,28813,0.6635,v1,,-91.78
case_065,3,4,13909,3.8154,current:A-P3-L1SPR-N4R,38702,1.3712,v2,,-178.25
case_066,3,4,134951,2.6607,current:A-P3-L1SPR-N4R,291170,1.2332,v1,,-115.76
case_067,3,4,15188338,4.2029,current:A-P3-L1SPR-N4R,,,,no_cluster_record_yet,
case_068,3,4,172644,2.0974,current:A-P3-L1SPR-N4R,226040,1.6019,v3,,-30.93
case_069,3,4,10127,2.4829,current:A-P3-L1SPR-N4R,21729,1.1572,v4,,-114.57
case_070,3,4,31706,3.6996,current:A-P3-L1SPR-N4R,86636,1.3539,v3,,-173.25
case_071,3,4,8056,2.3484,current:A-P3-L1SPR-N4R,21808,0.8675,v1,,-170.71
case_072,3,4,6100247,3.9175,current:A-P3-L1SPR-N4R,,,,no_cluster_record_yet,
case_073,3,4,2130819,4.7313,current:A-P3-L1SPR-N4R,5347405,1.8853,v1,,-150.96
case_074,3,4,420761,3.9981,current:A-P3-L1SPR-N4R,644616,2.6097,v1,,-53.2
case_075,3,4,458179,3.1468,current:A-P3-L1SPR-N4R,1394986,1.0336,v1,,-204.46
case_076,3,4,1541918,4.0113,current:A-P3-L1SPR-N4R,,,,no_cluster_record_yet,
case_077,3,4,131875,3.756,current:A-P3-L1SPR-N4R,401757,1.2329,v1,,-204.65
case_078,3,4,524644,4.3766,current:A-P3-L1SPR-N4R,,,,no_cluster_record_yet,
case_079,3,4,7486178,4.1479,current:A-P3-L1SPR-N4R,7486178,4.1479,v1,,0.0
case_080,3,4,81477,3.5855,current:A-P3-L1SPR-N4R,,,,no_cluster_record_yet,
case_081,3,4,38772,3.9151,current:A-P3-L1SPR-N4R,41264,3.6786,v2,,-6.43
case_082,3,4,238280,3.026,current:A-P3-L1SPR-N4R,518834,1.3897,v1,,-117.74
case_083,3,4,214624,4.9295,current:A-P3-L1SPR-N4R,,,,no_cluster_record_yet,
case_084,3,4,628678,3.9884,current:A-P3-L1SPR-N4R,451775,5.5501,v2,,28.14
case_085,3,4,1010632,3.1544,current:A-P3-L1SPR-N4R,2955320,1.0787,v1,,-192.42
case_086,3,4,89172,1.3278,current:A-P3-L1SPR-N4R,105059,1.127,v1,,-17.82
case_087,3,4,1103037,3.6028,current:A-P3-L1SPR-N4R,2021610,1.9658,v1,,-83.28
case_088,3,4,115176,2.1152,current:A-P3-L1SPR-N4R,184933,1.3174,v1,,-60.57
case_089,3,4,152132,4.5559,current:A-P3-L1SPR-N4R,201383,3.4417,v2,,-32.37
case_090,3,4,255530,4.6114,current:A-P3-L1SPR-N4R,335493,3.5123,v2,,-31.29
case_091,3,4,2290943,4.01,current:A-P3-L1SPR-N4R,,,,no_cluster_record_yet,
case_092,3,4,1005699,4.7883,current:A-P3-L1SPR-N4R,,,,no_cluster_record_yet,
case_093,3,4,19207,3.8634,current:A-P3-L1SPR-N4R,22372,3.3169,v4,,-16.48
case_094,3,4,24154,3.9286,current:A-P3-L1SPR-N4R,81670,1.1619,v1,,-238.12
case_095,3,4,523207,3.9848,current:A-P3-L1SPR-N4R,358957,5.8081,v2,,31.39
case_096,3,4,27057,3.1117,current:A-P3-L1SPR-N4R,60785,1.3851,v2,,-124.66
case_097,3,4,2626908,4.3745,current:A-P3-L1SPR-N4R,2626908,4.3745,v1,,0.0
case_098,3,4,59929,2.9607,current:A-P3-L1SPR-N4R,88415,2.0068,v2,,-47.53
case_099,3,4,404180,4.0155,current:A-P3-L1SPR-N4R,,,,no_cluster_record_yet,
case_100,3,4,51644,2.9282,current:A-P3-L1SPR-N4R,92652,1.6322,v3,,-79.41
case_001,3,5,47502,4.9074,current:A-P3-G5TF-X2,47502,4.9074,v1,,0.0
case_002,3,5,60313,4.3431,current:A-P3-G5TF-X2,170028,1.5406,v1,,-181.91
case_003,3,5,221826,2.7148,current:A-P3-G5TF-X2,436690,1.379,v1,,-96.86
case_004,3,5,88341,4.4414,current:A-P3-G5TF-X2,89668,4.3757,v3,,-1.5
case_005,3,5,67269,1.4214,current:A-P3-G5TF-X2,84783,1.1278,v1,,-26.04
case_006,3,5,20771,3.9881,current:A-P3-G5TF-X2,43037,1.9248,v2,,-107.2
case_007,3,5,203834,4.9676,current:A-P3-G5TF-X2,208742,4.8508,v1,,-2.41
case_008,3,5,95353,5.1137,current:A-P3-G5TF-X2,97653,4.9932,v2,,-2.41
case_009,3,5,85853,1.7852,current:A-P3-G5TF-X2,128898,1.189,v1,,-50.14
case_010,3,5,22363,3.889,current:A-P3-G5TF-X2,49173,1.7686,v2,,-119.89
case_011,3,5,39808,4.6397,gpu_verified:ksai_q3,53010,3.4842,v2,,-33.16
case_012,3,5,13655,4.3272,current:A-P3-G5TF-X2,35740,1.6533,v1,,-161.74
case_013,3,5,54117,4.8774,current:A-P3-G5TF-X2,54117,4.8774,v4,,0.0
case_014,3,5,3631030,4.8743,gpu_verified:ksai_q3,,,,no_cluster_record_yet,
case_015,3,5,44185,4.0141,current:A-P3-G5TF-X2,163184,1.0869,v1,,-269.32
case_016,3,5,5372949,1.436,current:A-P3-G5TF-X2,7757711,0.9946,v1,,-44.38
case_017,3,5,33345,4.8826,current:A-P3-G5TF-X2,99165,1.6418,v1,,-197.39
case_018,3,5,201544,4.9834,current:A-P3-G5TF-X2,289785,3.4659,v1,,-43.78
case_019,3,5,18193,4.4602,current:A-P3-G5TF-X2,55076,1.4733,v2,,-202.73
case_020,3,5,107650,4.9489,current:A-P3-G5TF-X2,113282,4.7028,v2,,-5.23
case_021,3,5,1249380,5.257,current:A-P3-G5TF-X2,1242980,5.284,v3,,0.51
case_022,3,5,11969,4.7439,current:A-P3-G5TF-X2,45024,1.2611,v1,,-276.17
case_023,3,5,23240,5.276,current:A-P3-G5TF-X2,111899,1.0958,v1,,-381.49
case_024,3,5,1781169,1.4346,current:A-P3-G5TF-X2,2591898,0.9859,v1,,-45.52
case_025,3,5,975886,4.9832,current:A-P3-G5TF-X2,987093,4.9266,v1,,-1.15
case_026,3,5,34133,2.9064,current:A-P3-G5TF-X2,66235,1.4977,v2,,-94.05
case_027,3,5,460949,5.1284,current:A-P3-G5TF-X2,,,,no_cluster_record_yet,
case_028,3,5,8049671,5.4457,current:A-P3-G5TF-X2,,,,no_cluster_record_yet,
case_029,3,5,8215,4.5715,gpu_verified:n23q3,16776,2.2386,v4,,-104.21
case_030,3,5,562180,4.9949,current:A-P3-G5TF-X2,,,,no_cluster_record_yet,
case_031,3,5,295137,4.7922,current:A-P3-G5TF-X2,933220,1.5156,v1,,-216.2
case_032,3,5,11580,3.5788,current:A-P3-G5TF-X2,25815,1.6054,v2,,-122.93
case_033,3,5,354075,5.0108,current:A-P3-G5TF-X2,1283255,1.3826,v1,,-262.42
case_034,3,5,171673,4.9105,current:A-P3-G5TF-X2,340477,2.4759,v1,,-98.33
case_035,3,5,90421,1.8753,current:A-P3-G5TF-X2,154611,1.0968,v1,,-70.99
case_036,3,5,187182,4.9765,current:A-P3-G5TF-X2,187182,4.9765,v1,,0.0
case_037,3,5,43013,4.8823,current:A-P3-G5TF-X2,56150,3.74,v4,,-30.54
case_038,3,5,272527,5.007,current:A-P3-G5TF-X2,,,,no_cluster_record_yet,
case_039,3,5,308091,4.6586,current:A-P3-G5TF-X2,578586,2.4806,v2,,-87.8
case_040,3,5,102882,2.4635,current:A-P3-G5TF-X2,197874,1.2809,v1,,-92.33
case_041,3,5,1211069,4.9576,current:A-P3-G5TF-X2,4084561,1.4699,v1,,-237.27
case_042,3,5,341698,4.9363,current:A-P3-G5TF-X2,513375,3.2856,v2,,-50.24
case_043,3,5,208813,3.2453,current:A-P3-G5TF-X2,460790,1.4706,v1,,-120.67
case_044,3,5,58518,2.6386,current:A-P3-G5TF-X2,58128,2.6563,v2,,0.67
case_045,3,5,25798,4.8691,gpu_verified:ksai_q3,35604,3.5281,v2,,-38.01
case_046,3,5,67936,4.0693,current:A-P3-G5TF-X2,,,,no_cluster_record_yet,
case_047,3,5,255217,1.2793,current:A-P3-G5TF-X2,324092,1.0075,v1,,-26.99
case_048,3,5,178604,1.2442,current:A-P3-G5TF-X2,205749,1.0801,v1,,-15.2
case_049,3,5,106737,1.8389,current:A-P3-G5TF-X2,146585,1.339,v1,,-37.33
case_050,3,5,59656,2.5092,gpu_verified:n23q3,103847,1.4414,v1,,-74.08
case_051,3,5,425702,1.4274,current:A-P3-G5TF-X2,471429,1.2889,v2,,-10.74
case_052,3,5,37032,4.8688,current:A-P3-G5TF-X2,110902,1.6258,v1,,-199.48
case_053,3,5,374425,3.9332,current:A-P3-G5TF-X2,887219,1.6599,v1,,-136.96
case_054,3,5,273282,2.9825,current:A-P3-G5TF-X2,712530,1.1439,v1,,-160.73
case_055,3,5,25348,4.6881,current:A-P3-G5TF-X2,99407,1.1954,v1,,-292.17
case_056,3,5,199809,1.3878,current:A-P3-G5TF-X2,218233,1.2706,v1,,-9.22
case_057,3,5,15737,3.7953,current:A-P3-G5TF-X2,37541,1.591,v1,,-138.55
case_058,3,5,948039,4.7885,current:A-P3-G5TF-X2,4102681,1.1065,v1,,-332.75
case_059,3,5,150736,5.5028,current:A-P3-G5TF-X2,,,,no_cluster_record_yet,
case_060,3,5,180684,4.919,current:A-P3-G5TF-X2,,,,no_cluster_record_yet,
case_061,3,5,20280,3.8063,current:A-P3-G5TF-X2,36315,2.1256,v4,,-79.07
case_062,3,5,649825,4.3932,current:A-P3-G5TF-X2,,,,no_cluster_record_yet,
case_063,3,5,232682,4.6003,current:A-P3-G5TF-X2,937957,1.1412,v1,,-303.11
case_064,3,5,14913,1.2818,current:A-P3-G5TF-X2,35999,0.531,v1,,-141.39
case_065,3,5,11737,4.5214,current:A-P3-G5TF-X2,38811,1.3673,v2,,-230.67
case_066,3,5,131856,2.7232,current:A-P3-G5TF-X2,263501,1.3627,v1,,-99.84
case_067,3,5,12554416,5.0847,current:A-P3-G5TF-X2,,,,no_cluster_record_yet,
case_068,3,5,159144,2.2753,current:A-P3-G5TF-X2,200216,1.8085,v2,,-25.81
case_069,3,5,9860,2.5501,current:A-P3-G5TF-X2,20759,1.2112,v4,,-110.54
case_070,3,5,27719,4.2318,current:A-P3-G5TF-X2,120687,0.9719,v1,,-335.39
case_071,3,5,8095,2.3371,current:A-P3-G5TF-X2,21189,0.8929,v1,,-161.75
case_072,3,5,4826790,4.9511,current:A-P3-G5TF-X2,,,,no_cluster_record_yet,
case_073,3,5,1768210,5.7016,current:A-P3-G5TF-X2,2567304,3.9269,v2,,-45.19
case_074,3,5,334863,5.0237,current:A-P3-G5TF-X2,828392,2.0307,v1,,-147.38
case_075,3,5,422094,3.4158,current:A-P3-G5TF-X2,1269920,1.1354,v1,,-200.86
case_076,3,5,1243517,4.9739,current:A-P3-G5TF-X2,,,,no_cluster_record_yet,
case_077,3,5,108743,4.555,current:A-P3-G5TF-X2,459151,1.0788,v1,,-322.23
case_078,3,5,460816,4.9828,current:A-P3-G5TF-X2,,,,no_cluster_record_yet,
case_079,3,5,6075472,5.1111,current:A-P3-G5TF-X2,26220117,1.1843,v1,,-331.57
case_080,3,5,68172,4.2853,gpu_verified:ksai_q3,,,,no_cluster_record_yet,
case_081,3,5,31373,4.8384,current:A-P3-G5TF-X2,52754,2.8774,v2,,-68.15
case_082,3,5,206093,3.4986,current:A-P3-G5TF-X2,512091,1.408,v1,,-148.48
case_083,3,5,198206,5.3378,current:A-P3-G5TF-X2,,,,no_cluster_record_yet,
case_084,3,5,502592,4.989,current:A-P3-G5TF-X2,283928,8.8312,v2,,43.51
case_085,3,5,834161,3.8217,current:A-P3-G5TF-X2,2846070,1.1201,v1,,-241.19
case_086,3,5,82126,1.4417,current:A-P3-G5TF-X2,104297,1.1352,v1,,-27.0
case_087,3,5,840428,4.7286,current:A-P3-G5TF-X2,1849189,2.1491,v1,,-120.03
case_088,3,5,114240,2.1326,current:A-P3-G5TF-X2,202186,1.2049,v1,,-76.98
case_089,3,5,123062,5.6321,current:A-P3-G5TF-X2,129341,5.3586,v3,,-5.1
case_090,3,5,247585,4.7594,current:A-P3-G5TF-X2,466765,2.5245,v2,,-88.53
case_091,3,5,1858021,4.9444,current:A-P3-G5TF-X2,,,,no_cluster_record_yet,
case_092,3,5,804952,5.9824,current:A-P3-G5TF-X2,,,,no_cluster_record_yet,
case_093,3,5,15876,4.674,current:A-P3-G5TF-X2,19430,3.8191,v4,,-22.39
case_094,3,5,19895,4.7696,current:A-P3-G5TF-X2,76451,1.2412,v1,,-284.27
case_095,3,5,420852,4.9539,current:A-P3-G5TF-X2,353619,5.8958,v2,,15.98
case_096,3,5,27053,3.1122,current:A-P3-G5TF-X2,55009,1.5306,v2,,-103.34
case_097,3,5,2102250,5.4663,current:A-P3-G5TF-X2,4256173,2.7,v1,,-102.46
case_098,3,5,60730,2.9216,current:A-P3-G5TF-X2,79476,2.2325,v2,,-30.87
case_099,3,5,330483,4.911,current:A-P3-G5TF-X2,,,,no_cluster_record_yet,
case_100,3,5,50378,3.0018,current:A-P3-G5TF-X2,79812,1.8947,v3,,-58.43
