case,Q,N,final_mk,final_sp,final_source,cluster_mk,cluster_sp,cluster_ver,cluster_note,rel_gain_pct
case_001,1,2,116868,1.994644,rerun:A-P1-STRAND-N2R,250632,0.9301,v1,,-114.46
case_002,1,2,140400,1.8657051282051282,climb:LNS-N2,279588,0.9369,v1,,-99.14
case_003,1,2,501960,1.1997210933142084,climb:LNS-N2,626175,0.9617,v1,,-24.75
case_004,1,2,199074,1.9709103147573264,archive:v2_cpc,410474,0.9559,v2,,-106.19
case_005,1,2,85209,1.1221584574399417,climb:LNS-N2,113557,0.842,v1,,-33.27
case_006,1,2,40609,2.039868009554532,archive:v2_cpc,100924,0.8208,v1,,-148.53
case_007,1,2,507494,1.9952196479170197,archive:v2_cpc,1032516,0.9807,v1,,-103.45
case_008,1,2,244266,1.996205,rerun:A-P1-STRAND-N2R,145472,3.3519,v3,,40.45
case_009,1,2,94407,1.623407162604468,archive:v2_cpc,172137,0.8903,v1,,-82.33
case_010,1,2,45749,1.9010033006185927,archive:v3_main,106107,0.8196,v1,,-131.93
case_011,1,2,92646,1.993578,rerun:A-P1-STRAND-N2R,96300,1.9179,v1,,-3.94
case_012,1,2,29410,2.0091125467528053,climb:LNS-N2,69979,0.8444,v1,,-137.94
case_013,1,2,132198,1.996619,rerun:A-P1-STRAND-N2R,280524,0.9409,v1,,-112.2
case_014,1,2,16538045,1.0701764325831742,climb:LNS-N2,17606809,1.0052,v1,,-6.46
case_015,1,2,90060,1.9693759715745058,climb:LNS-N2,197476,0.8981,v1,,-119.27
case_016,1,2,7715523,1.0,archive:v3_main,7745323,0.9962,v1,,-0.39
case_017,1,2,76239,2.1355211899421556,archive:v2_cpc,169134,0.9626,v2,,-121.85
case_018,1,2,504530,1.9906982736408143,archive:v3_main,1019575,0.9851,v1,,-102.08
case_019,1,2,40804,1.9886285658268796,archive:v2_cpc,98989,0.8197,v1,,-142.6
case_020,1,2,266580,1.998447,rerun:A-P1-STRAND-N2R,269212,1.9789,v1,,-0.99
case_021,1,2,3208870,2.046807,rerun:A-P1-STRAND-N2R,3107447,2.1136,v3,,3.16
case_022,1,2,29158,1.9473214898141162,climb:LNS-N2,73336,0.7742,v1,,-151.51
case_023,1,2,61691,1.987551,rerun:A-P1-STRAND-N2R,89107,1.376,v3,,-44.44
case_024,1,2,2555343,1.0,rerun:A-P1-STRAND-N2R,2583503,0.9891,v1,,-1.1
case_025,1,2,2431840,1.9997310678334101,archive:v2_cpc,4882980,0.9959,v1,,-100.79
case_026,1,2,51350,1.9318987341772151,climb:LNS-N2,118425,0.8377,v1,,-130.62
case_027,1,2,1116984,2.116371,rerun:A-P1-STRAND-N2R,1124556,2.1021,v1,,-0.68
case_028,1,2,22359624,1.9604998724486602,archive:v3_main,43834757,1.0,v1,,-96.04
case_029,1,2,19740,1.9024822695035462,archive:v2_cpc,32691,1.1488,v3,,-65.61
case_030,1,2,1411273,1.9897170852131374,archive:v2_cpc,2795209,1.0046,v1,,-98.06
case_031,1,2,715746,1.9760767087765772,archive:v2_cpc,1420574,0.9956,v1,,-98.47
case_032,1,2,20644,2.00750823483821,climb:LNS-N2,56866,0.7288,v1,,-175.46
case_033,1,2,888988,1.9957479741008877,archive:v2_cpc,1212251,1.4636,v2,,-36.36
case_034,1,2,420015,2.007062,rerun:A-P1-STRAND-N2R,846024,0.9964,v1,,-101.43
case_035,1,2,94892,1.786989419550647,climb:LNS-N2,192482,0.881,v1,,-102.84
case_036,1,2,466068,1.998657,rerun:A-P1-STRAND-N2R,467614,1.992,v3,,-0.33
case_037,1,2,105374,1.992911,rerun:A-P1-STRAND-N2R,180458,1.1637,v2,,-71.25
case_038,1,2,676424,2.017307,rerun:A-P1-STRAND-N2R,1355114,1.007,v3,,-100.33
case_039,1,2,721254,1.989954,rerun:A-P1-STRAND-N2R,1353970,1.06,v3,,-87.72
case_040,1,2,128377,1.974294,rerun:A-P1-STRAND-N2R,277273,0.9141,v1,,-115.98
case_041,1,2,2984490,2.01172,rerun:A-P1-STRAND-N2R,5939598,1.0108,v1,,-99.02
case_042,1,2,849019,1.986693,rerun:A-P1-STRAND-N2R,1676752,1.006,v2,,-97.49
case_043,1,2,380375,1.7815471574104502,climb:LNS-N2,696123,0.9735,v1,,-83.01
case_044,1,2,99381,1.5536873245388958,climb:LNS-N2,136059,1.1349,v3,,-36.91
case_045,1,2,63059,1.992007,rerun:A-P1-STRAND-N2R,88281,1.4229,v2,,-40.0
case_046,1,2,160984,1.7172824628534513,archive:v2_cpc,261993,1.0552,v1,,-62.74
case_047,1,2,318698,1.0245059586191316,climb:LNS-N2,344622,0.9474,v1,,-8.13
case_048,1,2,215323,1.032031,rerun:A-P1-STRAND-N2R,236712,0.9388,v1,,-9.93
case_049,1,2,144934,1.354244000717568,climb:LNS-N2,217973,0.9005,v1,,-50.39
case_050,1,2,95296,1.5707899597044996,climb:LNS-N2,168289,0.8895,v1,,-76.6
case_051,1,2,607628,1.0,archive:v3_main,631801,0.9617,v2,,-3.98
case_052,1,2,93421,1.9299836225259845,climb:LNS-N2,200315,0.9001,v1,,-114.42
case_053,1,2,739019,1.9927579669805513,climb:LNS-N2,1452962,1.0136,v1,,-96.61
case_054,1,2,512698,1.5897292363145556,climb:LNS-N2,835213,0.9759,v1,,-62.91
case_055,1,2,59578,1.994612105139481,archive:v2_cpc,132053,0.8999,v1,,-121.65
case_056,1,2,246556,1.1246329434286735,climb:LNS-N2,299580,0.9256,v1,,-21.51
case_057,1,2,31423,1.9007096712599052,climb:LNS-N2,75255,0.7936,v1,,-139.49
case_058,1,2,2210870,2.0533622510595375,archive:v3_main,4207963,1.0788,v3,,-90.33
case_059,1,2,370362,2.239628,rerun:A-P1-STRAND-N2R,372972,2.224,v1,,-0.7
case_060,1,2,433063,2.052332,rerun:A-P1-STRAND-N2R,871507,1.0198,v3,,-101.24
case_061,1,2,43745,1.7645673791290433,climb:LNS-N2,105648,0.7306,v1,,-141.51
case_062,1,2,1577193,1.810056854170669,climb:LNS-N2,2872464,0.9939,v1,,-82.13
case_063,1,2,612555,1.7474300266914808,climb:LNS-N2,1087584,0.9842,v1,,-77.55
case_064,1,2,17752,1.076836412798558,climb:LNS-N2,34702,0.5509,v1,,-95.48
case_065,1,2,27114,1.9572176735265914,climb:LNS-N2,70079,0.7573,v1,,-158.46
case_066,1,2,208028,1.726065721922049,climb:LNS-N2,380090,0.9447,v1,,-82.71
case_067,1,2,31178978,2.047368,rerun:A-P1-STRAND-N2R,55092954,1.1587,v2,,-76.7
case_068,1,2,303344,1.1936778047365368,climb:LNS-N2,377646,0.9588,v1,,-24.49
case_069,1,2,17583,1.4300176306659842,climb:LNS-N2,37978,0.6621,v1,,-115.99
case_070,1,2,58827,1.9939823550410525,archive:v3_main,130746,0.8972,v2,,-122.26
case_071,1,2,13023,1.4527374644859095,archive:v3_main,35425,0.5341,v1,,-172.02
case_072,1,2,12002626,1.9910499585674002,archive:v2_cpc,23790208,1.0045,v1,,-98.21
case_073,1,2,4494830,2.242938,rerun:A-P1-STRAND-N2R,6390937,1.5775,v3,,-42.18
case_074,1,2,826008,2.036589,rerun:A-P1-STRAND-N2R,1675633,1.0039,v1,,-102.86
case_075,1,2,1078232,1.3371973749619748,climb:LNS-N2,1452702,0.9925,v1,,-34.73
case_076,1,2,3072414,2.013111839745555,archive:v3_main,6134418,1.0083,v1,,-99.66
case_077,1,2,257472,1.92378200347999,archive:v2_cpc,482773,1.026,v1,,-87.51
case_078,1,2,1177840,1.9494523874210419,archive:v2_cpc,2066755,1.111,v2,,-75.47
case_079,1,2,15300680,2.029468690280432,archive:v2_cpc,14748382,2.1055,v3,,3.61
case_080,1,2,146133,1.9991240855932608,archive:v2_cpc,246683,1.1843,v2,,-68.81
case_081,1,2,76860,1.9749544626593807,archive:v2_cpc,139988,1.0843,v2,,-82.13
case_082,1,2,537830,1.340649,rerun:A-P1-STRAND-N2R,740924,0.9732,v1,,-37.76
case_083,1,2,484071,2.185615,rerun:A-P1-STRAND-N2R,1000126,1.0579,v1,,-106.61
case_084,1,2,1255052,1.997855,rerun:A-P1-STRAND-N2R,1251353,2.0038,v3,,0.29
case_085,1,2,2401681,1.327362,rerun:A-P1-STRAND-N2R,3210941,0.9928,v1,,-33.7
case_086,1,2,104060,1.1378339419565635,climb:LNS-N2,136912,0.8648,v1,,-31.57
case_087,1,2,2016614,1.9706651843139045,climb:LNS-N2,3940694,1.0085,v1,,-95.41
case_088,1,2,192586,1.265008879150094,climb:LNS-N2,261674,0.931,v1,,-35.87
case_089,1,2,346832,1.998351,rerun:A-P1-STRAND-N2R,686141,1.0101,v2,,-97.83
case_090,1,2,548389,2.148772,rerun:A-P1-STRAND-N2R,763790,1.5428,v2,,-39.28
case_091,1,2,7622228,1.2052603254586454,climb:LNS-N2,9128546,1.0064,v1,,-19.76
case_092,1,2,2426700,1.984404,rerun:A-P1-STRAND-N2R,4873018,0.9882,v1,,-100.81
case_093,1,2,37827,1.9616940280751844,archive:v2_cpc,73430,1.0106,v1,,-94.12
case_094,1,2,49630,1.9119887165021157,archive:v2_cpc,112638,0.8425,v1,,-126.96
case_095,1,2,1042860,1.999169,rerun:A-P1-STRAND-N2R,596817,3.4933,v3,,42.77
case_096,1,2,43411,1.939462348252747,climb:LNS-N2,93418,0.9013,v1,,-115.19
case_097,1,2,5156692,2.2284652641654765,archive:v2_cpc,5161740,2.2263,v1,,-0.1
case_098,1,2,89926,1.973067,rerun:A-P1-STRAND-N2R,197762,0.8972,v1,,-119.92
case_099,1,2,808940,2.006328034217618,archive:v3_main,1615545,1.0046,v1,,-99.71
case_100,1,2,75471,2.003723,rerun:A-P1-STRAND-N2R,171992,0.8792,v1,,-127.89
case_001,1,3,78545,2.967853,rerun:A-P1-STRAND-N3R,237799,0.9803,v3,,-202.76
case_002,1,3,107983,2.425798505320282,climb:LNS-N3,288910,0.9067,v1,,-167.55
case_003,1,3,492206,1.2234958533622102,climb:LNS-N3,634983,0.9484,v1,,-29.01
case_004,1,3,134043,2.927098020784375,archive:v2_cpc,155117,2.5294,v3,,-15.72
case_005,1,3,80729,1.184431864633527,climb:LNS-N3,122672,0.7795,v1,,-51.96
case_006,1,3,31151,2.6592083721228854,climb:LNS-N3,99065,0.8362,v1,,-218.02
case_007,1,3,338094,2.994913,rerun:A-P1-STRAND-N3R,642596,1.5757,v2,,-90.06
case_008,1,3,163359,2.984868,rerun:A-P1-STRAND-N3R,136731,3.5662,v3,,16.3
case_009,1,3,88552,1.7307457764929082,climb:LNS-N3,180262,0.8502,v1,,-103.57
case_010,1,3,31848,2.7307523235368,climb:LNS-N3,115002,0.7562,v1,,-261.1
case_011,1,3,69625,2.6527396768402154,archive:v2_cpc,107260,1.722,v2,,-54.05
case_012,1,3,21215,2.785199151543719,climb:LNS-N3,86020,0.6869,v1,,-305.47
case_013,1,3,88351,2.98750438591527,archive:v2_cpc,272077,0.9701,v2,,-207.95
case_014,1,3,11711104,1.5112687924212782,climb:LNS-N3,17559863,1.0079,v1,,-49.94
case_015,1,3,61970,2.8620622882039695,climb:LNS-N3,170409,1.0408,v3,,-174.99
case_016,1,3,7715523,1.0,archive:v3_main,7760453,0.9942,v1,,-0.58
case_017,1,3,56448,2.884247448979592,climb:LNS-N3,121462,1.3404,v3,,-115.18
case_018,1,3,345861,2.903961418026317,archive:v2_cpc,1029736,0.9754,v1,,-197.73
case_019,1,3,27872,2.911309,rerun:A-P1-STRAND-N3R,89908,0.9025,v2,,-222.57
case_020,1,3,177950,2.993796010115201,archive:v2_cpc,181548,2.9345,v1,,-2.02
case_021,1,3,2095636,3.1341020100819037,archive:v2_cpc,4405336,1.4909,v2,,-110.21
case_022,1,3,19993,2.839994,rerun:A-P1-STRAND-N3R,82059,0.6919,v1,,-310.44
case_023,1,3,44496,2.75561848256023,climb:LNS-N3,115418,1.0623,v2,,-159.39
case_024,1,3,2555343,1.0,rerun:A-P1-STRAND-N3R,2599712,0.9829,v1,,-1.74
case_025,1,3,1623524,2.9953520859562284,archive:v2_cpc,4893260,0.9938,v1,,-201.4
case_026,1,3,41563,2.386810384235979,climb:LNS-N3,135751,0.7308,v1,,-226.62
case_027,1,3,804195,2.939526,rerun:A-P1-STRAND-N3R,917579,2.5763,v2,,-14.1
case_028,1,3,15917283,2.753990112508523,archive:v2_cpc,44054824,0.995,v1,,-176.77
case_029,1,3,12743,2.9471082162756024,archive:v2_cpc,30616,1.2266,v3,,-140.26
case_030,1,3,946788,2.965853,rerun:A-P1-STRAND-N3R,2590928,1.0838,v3,,-173.65
case_031,1,3,483630,2.924486,rerun:A-P1-STRAND-N3R,1428191,0.9903,v1,,-195.31
case_032,1,3,14725,2.81446519524618,climb:LNS-N3,57896,0.7158,v2,,-293.18
case_033,1,3,605688,2.929224,rerun:A-P1-STRAND-N3R,1563566,1.1347,v3,,-158.15
case_034,1,3,294524,2.862232,rerun:A-P1-STRAND-N3R,806213,1.0456,v3,,-173.73
case_035,1,3,96142,1.7637556947015873,climb:LNS-N3,203108,0.8349,v1,,-111.26
case_036,1,3,311345,2.991890025534375,archive:v2_cpc,958296,0.972,v1,,-207.79
case_037,1,3,73969,2.83904067920345,archive:v2_cpc,237402,0.8846,v1,,-220.95
case_038,1,3,461122,2.9592060235686,archive:v2_cpc,1350244,1.0106,v3,,-192.82
case_039,1,3,485715,2.954947,rerun:A-P1-STRAND-N3R,887750,1.6167,v2,,-82.77
case_040,1,3,105398,2.4047325376193096,climb:LNS-N3,286189,0.8856,v1,,-171.53
case_041,1,3,2105279,2.8518581147676865,archive:v2_cpc,5403745,1.1111,v3,,-156.68
case_042,1,3,563415,2.9937790083686093,archive:v2_cpc,894029,1.8867,v2,,-58.68
case_043,1,3,292418,2.3174223201034136,climb:LNS-N3,680654,0.9956,v1,,-132.77
case_044,1,3,101639,1.5191707907397751,climb:LNS-N3,137140,1.1259,v3,,-34.93
case_045,1,3,44888,2.7983870967741935,archive:v2_cpc,87461,1.4362,v2,,-94.84
case_046,1,3,112092,2.4663223066766586,climb:LNS-N3,225150,1.2279,v3,,-100.86
case_047,1,3,310790,1.0505743428038226,climb:LNS-N3,354363,0.9214,v1,,-14.02
case_048,1,3,212734,1.044591,rerun:A-P1-STRAND-N3R,244173,0.9101,v1,,-14.78
case_049,1,3,139954,1.4024322277319692,climb:LNS-N3,227665,0.8621,v1,,-62.67
case_050,1,3,90845,1.6477516649237713,climb:LNS-N3,176566,0.8478,v1,,-94.36
case_051,1,3,607628,1.0,archive:v3_main,643255,0.9446,v1,,-5.86
case_052,1,3,64791,2.7828093408035066,archive:v2_cpc,203693,0.8852,v3,,-214.38
case_053,1,3,491765,2.994695,rerun:A-P1-STRAND-N3R,1437349,1.0246,v1,,-192.28
case_054,1,3,475274,1.7149076111884933,climb:LNS-N3,849049,0.96,v1,,-78.64
case_055,1,3,43225,2.7492192018507806,climb:LNS-N3,136606,0.8699,v1,,-216.03
case_056,1,3,242354,1.1441321372867788,climb:LNS-N3,310317,0.8936,v1,,-28.04
case_057,1,3,21283,2.8062773105295307,climb:LNS-N3,70979,0.8415,v2,,-233.5
case_058,1,3,1502805,3.020829,rerun:A-P1-STRAND-N3R,4182328,1.0855,v3,,-178.3
case_059,1,3,251009,3.3045548167595586,archive:v2_cpc,372491,2.2268,v2,,-48.4
case_060,1,3,300109,2.961554,rerun:A-P1-STRAND-N3R,746143,1.1912,v3,,-148.62
case_061,1,3,31774,2.429376219550576,climb:LNS-N3,98653,0.7824,v2,,-210.48
case_062,1,3,1146806,2.4893565258640082,climb:LNS-N3,2882288,0.9905,v1,,-151.33
case_063,1,3,420457,2.545794219147261,climb:LNS-N3,1097638,0.9752,v1,,-161.06
case_064,1,3,17462,1.09472,rerun:A-P1-STRAND-N3R,43221,0.4423,v1,,-147.51
case_065,1,3,18960,2.798945147679325,archive:v2_cpc,33296,1.5938,v2,,-75.61
case_066,1,3,195331,1.8382642796074355,climb:LNS-N3,387282,0.9272,v1,,-98.27
case_067,1,3,21073561,3.029143,rerun:A-P1-STRAND-N3R,64132098,0.9954,v2,,-204.32
case_068,1,3,292049,1.2398433139644374,climb:LNS-N3,351204,1.031,v1,,-20.26
case_069,1,3,14647,1.7166655287772241,climb:LNS-N3,50456,0.4983,v1,,-244.48
case_070,1,3,42714,2.7461722151987638,archive:v3_main,148608,0.7893,v1,,-247.91
case_071,1,3,10325,1.8323486682808716,climb:LNS-N3,40381,0.4685,v1,,-291.1
case_072,1,3,8072594,2.96036540423066,archive:v3_main,23756511,1.0059,v1,,-194.29
case_073,1,3,3126575,3.224495,rerun:A-P1-STRAND-N3R,3851219,2.6178,v2,,-23.18
case_074,1,3,569121,2.955855,rerun:A-P1-STRAND-N3R,1668097,1.0085,v1,,-193.1
case_075,1,3,930849,1.548918245601596,climb:LNS-N3,1464143,0.9847,v1,,-57.29
case_076,1,3,2044648,3.0250258235158327,archive:v3_main,6115197,1.0114,v1,,-199.08
case_077,1,3,180421,2.745357,rerun:A-P1-STRAND-N3R,527992,0.9381,v1,,-192.64
case_078,1,3,782897,2.93288,rerun:A-P1-STRAND-N3R,1693343,1.356,v3,,-116.29
case_079,1,3,10110455,3.0713010443150184,archive:v2_cpc,9821140,3.1618,v1,,2.86
case_080,1,3,101509,2.877952,rerun:A-P1-STRAND-N3R,204231,1.4304,v2,,-101.19
case_081,1,3,52790,2.87545,rerun:A-P1-STRAND-N3R,103069,1.4728,v2,,-95.24
case_082,1,3,413643,1.743148076964919,climb:LNS-N3,701648,1.0276,v1,,-69.63
case_083,1,3,331942,3.187283,rerun:A-P1-STRAND-N3R,606955,1.7431,v2,,-82.85
case_084,1,3,836220,2.998508,rerun:A-P1-STRAND-N3R,477077,5.2558,v3,,42.95
case_085,1,3,1825946,1.745889,rerun:A-P1-STRAND-N3R,3223235,0.989,v1,,-76.52
case_086,1,3,101557,1.1658772905855825,climb:LNS-N3,134779,0.8785,v1,,-32.71
case_087,1,3,1428996,2.781023,rerun:A-P1-STRAND-N3R,3944127,1.0076,v1,,-176.01
case_088,1,3,182031,1.338359949678901,climb:LNS-N3,272438,0.8942,v1,,-49.67
case_089,1,3,243614,2.845042,rerun:A-P1-STRAND-N3R,297303,2.3313,v2,,-22.04
case_090,1,3,433196,2.720161312662167,climb:LNS-N3,556457,2.1176,v3,,-28.45
case_091,1,3,5547740,1.6559480076571722,climb:LNS-N3,9114107,1.008,v1,,-64.29
case_092,1,3,1731463,2.7812052582122746,climb:LNS-N3,4986490,0.9657,v1,,-187.99
case_093,1,3,25103,2.956021192686133,archive:v2_cpc,99620,0.7449,v1,,-296.84
case_094,1,3,33463,2.8357290141350147,archive:v2_cpc,116949,0.8114,v2,,-249.49
case_095,1,3,695775,2.9964471273040854,archive:v2_cpc,524050,3.9783,v2,,24.68
case_096,1,3,29550,2.8492047377326566,climb:LNS-N3,88380,0.9526,v2,,-199.09
case_097,1,3,3492575,3.2902683550102716,archive:v2_cpc,5172931,2.2215,v3,,-48.11
case_098,1,3,78629,2.256546566788335,climb:LNS-N3,199728,0.8884,v2,,-154.01
case_099,1,3,542966,2.989136,rerun:A-P1-STRAND-N3R,1486396,1.0919,v3,,-173.75
case_100,1,3,54924,2.753314,rerun:A-P1-STRAND-N3R,175020,0.864,v2,,-218.66
case_001,1,4,58984,3.952089,rerun:A-P1-MERGE-N4R,265686,0.8774,v1,,-350.44
case_002,1,4,77248,3.390961578293289,climb:LNS-N4,298352,0.878,v1,,-286.23
case_003,1,4,487287,1.2358466365817269,climb:LNS-N4,644258,0.9347,v1,,-32.21
case_004,1,4,104188,3.765856,rerun:A-P1-MERGE-N4R,187778,2.0895,v2,,-80.23
case_005,1,4,78853,1.2126108074518407,climb:LNS-N4,130655,0.7318,v1,,-65.69
case_006,1,4,27431,3.0198315774124165,climb:LNS-N4,120560,0.6871,v1,,-339.5
case_007,1,4,258336,3.919554,rerun:A-P1-MERGE-N4R,426622,2.3734,v3,,-65.14
case_008,1,4,123060,3.962335446123842,archive:v2_cpc,133912,3.6412,v2,,-8.82
case_009,1,4,91222,1.6800881366337068,climb:LNS-N4,189069,0.8106,v1,,-107.26
case_010,1,4,24832,3.502295425257732,climb:LNS-N4,130542,0.6662,v1,,-425.7
case_011,1,4,46880,3.9397824232081913,archive:v2_cpc,94455,1.9554,v2,,-101.48
case_012,1,4,16660,3.5466986794717887,climb:LNS-N4,93392,0.6327,v1,,-460.58
case_013,1,4,67740,3.896501328609389,archive:v2_cpc,278464,0.9479,v2,,-311.08
case_014,1,4,4550479,3.889398,rerun:A-P1-MERGE-N4R,15934509,1.1107,v1,,-250.17
case_015,1,4,48941,3.623996,rerun:A-P1-MERGE-N4R,221976,0.799,v1,,-353.56
case_016,1,4,5285195,1.459837,rerun:A-P1-MERGE-N4R,7772270,0.9927,v1,,-47.06
case_017,1,4,44166,3.68632,rerun:A-P1-MERGE-N4R,178747,0.9108,v1,,-304.72
case_018,1,4,257782,3.8961874762396134,archive:v2_cpc,718006,1.3988,v2,,-178.53
case_019,1,4,23934,3.3903233893206317,climb:LNS-N4,115735,0.7011,v1,,-383.56
case_020,1,4,133704,3.984518039849219,archive:v2_cpc,138268,3.853,v1,,-3.41
case_021,1,4,1552748,4.22988,rerun:A-P1-MERGE-N4R,4320602,1.5201,v2,,-178.26
case_022,1,4,15354,3.698059,rerun:A-P1-MERGE-N4R,91431,0.621,v1,,-495.49
case_023,1,4,34069,3.59899,rerun:A-P1-MERGE-N4R,87726,1.3977,v3,,-157.5
case_024,1,4,1748975,1.4610517588873484,climb:LNS-N4,2473649,1.033,v2,,-41.43
case_025,1,4,1219584,3.987447,rerun:A-P1-MERGE-N4R,4557993,1.0669,v2,,-273.73
case_026,1,4,41529,2.388764477834766,climb:LNS-N4,126912,0.7817,v2,,-205.6
case_027,1,4,559196,4.227412213249022,archive:v2_cpc,803375,2.9425,v2,,-43.67
case_028,1,4,11006263,3.982827,rerun:A-P1-MERGE-N4R,44269298,0.9902,v1,,-302.22
case_029,1,4,12287,3.056482461137788,climb:LNS-N4,20838,1.8022,v3,,-69.59
case_030,1,4,711344,3.94750500461099,archive:v3_main,2814106,0.9978,v1,,-295.6
case_031,1,4,365002,3.874962,rerun:A-P1-MERGE-N4R,1396766,1.0126,v3,,-282.67
case_032,1,4,11906,3.48085,rerun:A-P1-MERGE-N4R,47019,0.8814,v2,,-294.92
case_033,1,4,459925,3.857577,rerun:A-P1-MERGE-N4R,1527744,1.1613,v3,,-232.17
case_034,1,4,217642,3.873315,rerun:A-P1-MERGE-N4R,846620,0.9957,v3,,-289.0
case_035,1,4,90615,1.8713347679743972,climb:LNS-N4,210309,0.8063,v1,,-132.09
case_036,1,4,233584,3.987902,rerun:A-P1-MERGE-N4R,234152,3.9782,v3,,-0.24
case_037,1,4,53320,3.938503375843961,archive:v2_cpc,245536,0.8553,v1,,-360.5
case_038,1,4,352248,3.873847,rerun:A-P1-MERGE-N4R,1359367,1.0038,v3,,-285.91
case_039,1,4,407454,3.522512970789341,climb:LNS-N4,856028,1.6767,v2,,-110.09
case_040,1,4,109908,2.3060559740874185,climb:LNS-N4,293032,0.8649,v1,,-166.62
case_041,1,4,1499728,4.003364,rerun:A-P1-MERGE-N4R,5299273,1.133,v3,,-253.35
case_042,1,4,429674,3.925627,rerun:A-P1-MERGE-N4R,806689,2.0909,v2,,-87.74
case_043,1,4,237963,2.847736833037069,climb:LNS-N4,722512,0.9379,v1,,-203.62
case_044,1,4,110736,1.3943703944516688,climb:LNS-N4,111041,1.3905,v3,,-0.28
case_045,1,4,32037,3.920904,rerun:A-P1-MERGE-N4R,89446,1.4044,v2,,-179.2
case_046,1,4,123678,2.2352803247141773,climb:LNS-N4,193954,1.4254,v2,,-56.82
case_047,1,4,307929,1.0603353370419804,climb:LNS-N4,361622,0.9029,v1,,-17.44
case_048,1,4,212942,1.043571,rerun:A-P1-MERGE-N4R,255807,0.8687,v1,,-20.13
case_049,1,4,131875,1.4883488151658768,climb:LNS-N4,238396,0.8233,v1,,-80.77
case_050,1,4,91286,1.6397914247529741,climb:LNS-N4,186850,0.8011,v1,,-104.69
case_051,1,4,414465,1.4660538284294211,climb:LNS-N4,617228,0.9844,v2,,-48.92
case_052,1,4,48846,3.691213,rerun:A-P1-MERGE-N4R,164013,1.0993,v3,,-235.78
case_053,1,4,472938,3.113909222773387,climb:LNS-N4,1452321,1.014,v1,,-207.08
case_054,1,4,464016,1.756514861556498,climb:LNS-N4,859557,0.9482,v1,,-85.24
case_055,1,4,34300,3.464577,rerun:A-P1-MERGE-N4R,150267,0.7908,v2,,-338.1
case_056,1,4,236209,1.1738968455901342,climb:LNS-N4,319097,0.869,v1,,-35.09
case_057,1,4,16971,3.519298,rerun:A-P1-MERGE-N4R,92512,0.6456,v1,,-445.12
case_058,1,4,1141180,3.978090222401374,archive:v3_main,2464362,1.8421,v3,,-115.95
case_059,1,4,186084,4.457519184884246,archive:v2_cpc,191292,4.3362,v1,,-2.8
case_060,1,4,224924,3.951508,rerun:A-P1-MERGE-N4R,813136,1.093,v2,,-261.52
case_061,1,4,24321,3.1738415361210475,climb:LNS-N4,122533,0.63,v1,,-403.82
case_062,1,4,888889,3.2116597235425344,climb:LNS-N4,2891536,0.9873,v1,,-225.3
case_063,1,4,308014,3.4751569733843266,climb:LNS-N4,1107066,0.9669,v1,,-259.42
case_064,1,4,16589,1.15233,rerun:A-P1-MERGE-N4R,50196,0.3808,v1,,-202.59
case_065,1,4,14830,3.578422117329737,climb:LNS-N4,79113,0.6708,v2,,-433.47
case_066,1,4,142823,2.5140908677173845,climb:LNS-N4,399779,0.8982,v1,,-179.91
case_067,1,4,16234471,3.932055,rerun:A-P1-MERGE-N4R,51956374,1.2286,v2,,-220.04
case_068,1,4,288055,1.2570342469320095,climb:LNS-N4,326920,1.1076,v3,,-13.49
case_069,1,4,11496,2.187196,rerun:A-P1-MERGE-N4R,56803,0.4427,v1,,-394.11
case_070,1,4,33390,3.513028,rerun:A-P1-MERGE-N4R,156369,0.7501,v1,,-368.31
case_071,1,4,10758,1.758598252463283,climb:LNS-N4,35582,0.5317,v1,,-230.75
case_072,1,4,5992722,3.987809,rerun:A-P1-MERGE-N4R,23128892,1.0332,v1,,-285.95
case_073,1,4,2468784,4.08364,rerun:A-P1-MERGE-N4R,3646520,2.7647,v2,,-47.71
case_074,1,4,432408,3.890397,rerun:A-P1-MERGE-N4R,1575716,1.0676,v3,,-264.4
case_075,1,4,751436,1.9187382558195243,climb:LNS-N4,1475193,0.9774,v1,,-96.32
case_076,1,4,1560099,3.964564,rerun:A-P1-MERGE-N4R,6102839,1.0135,v1,,-291.18
case_077,1,4,130864,3.784998,rerun:A-P1-MERGE-N4R,537350,0.9218,v1,,-310.62
case_078,1,4,619305,3.707613,rerun:A-P1-MERGE-N4R,1541390,1.4897,v2,,-148.89
case_079,1,4,7368092,4.214422,rerun:A-P1-MERGE-N4R,7372124,4.2121,v1,,-0.05
case_080,1,4,100060,2.91962822306616,climb:LNS-N4,214844,1.3598,v2,,-114.72
case_081,1,4,39588,3.834369000707285,archive:v2_cpc,72848,2.0837,v2,,-84.02
case_082,1,4,364876,1.9761261360023679,climb:LNS-N4,737648,0.9775,v1,,-102.16
case_083,1,4,289800,3.650769,rerun:A-P1-MERGE-N4R,623143,1.6978,v3,,-115.03
case_084,1,4,628525,3.989359214032855,archive:v2_cpc,513334,4.8846,v2,,18.33
case_085,1,4,1555322,2.049671386375297,climb:LNS-N4,3219958,0.99,v1,,-107.03
case_086,1,4,96808,1.2230704074043468,climb:LNS-N4,151245,0.7829,v1,,-56.23
case_087,1,4,1030510,3.856411873732424,climb:LNS-N4,3958968,1.0038,v1,,-284.18
case_088,1,4,184043,1.3237286938378532,climb:LNS-N4,279227,0.8725,v1,,-51.72
case_089,1,4,178160,3.8902784014369107,archive:v2_cpc,302336,2.2925,v2,,-69.7
case_090,1,4,372514,3.163271715962353,climb:LNS-N4,549711,2.1436,v3,,-47.57
case_091,1,4,2440485,3.764321,rerun:A-P1-MERGE-N4R,9070686,1.0128,v1,,-271.68
case_092,1,4,1373480,3.506096921687975,climb:LNS-N4,4926631,0.9775,v1,,-258.7
case_093,1,4,19779,3.751706355225239,archive:v2_cpc,107572,0.6898,v1,,-443.87
case_094,1,4,26387,3.5961647781104333,climb:LNS-N4,130555,0.7268,v1,,-394.77
case_095,1,4,524422,3.975525,rerun:A-P1-MERGE-N4R,478886,4.3535,v2,,8.68
case_096,1,4,27491,3.062602306209305,climb:LNS-N4,102375,0.8224,v2,,-272.39
case_097,1,4,2579804,4.454412,rerun:A-P1-MERGE-N4R,2591900,4.4336,v1,,-0.47
case_098,1,4,80878,2.1937980662232004,climb:LNS-N4,181372,0.9783,v2,,-124.25
case_099,1,4,415365,3.907404,rerun:A-P1-MERGE-N4R,1299275,1.2492,v3,,-212.8
case_100,1,4,55618,2.718957891330145,climb:LNS-N4,140722,1.0746,v3,,-153.02
case_001,1,5,47502,4.9073723211654245,archive:v2_cpc,47502,4.9074,v2,,0.0
case_002,1,5,60771,4.310361850224614,climb:P1-LNS,307838,0.8509,v1,,-406.55
case_003,1,5,471708,1.276662681150203,climb:P1-LNS,653046,0.9222,v1,,-38.44
case_004,1,5,88341,4.441391879195391,archive:v2_cpc,128736,3.0478,v3,,-45.73
case_005,1,5,78222,1.222392677251924,climb:P1-LNS,134017,0.7135,v1,,-71.33
case_006,1,5,27104,3.0562647579693034,climb:P1-LNS,101461,0.8164,v2,,-274.34
case_007,1,5,203834,4.967581463347626,archive:v2_cpc,389362,2.6006,v3,,-91.02
case_008,1,5,100603,4.846824,session:MERGE-N5,183729,2.6539,v2,,-82.63
case_009,1,5,89916,1.7044908581342586,climb:P1-LNS,198568,0.7718,v1,,-120.84
case_010,1,5,26692,3.2582421699385584,climb:P1-LNS,96116,0.9048,v2,,-260.09
case_011,1,5,46777,3.948458,session:MERGE-N5,96226,1.9194,v2,,-105.71
case_012,1,5,15229,3.879965854619476,climb:P1-LNS,82792,0.7137,v1,,-443.65
case_013,1,5,55154,4.785672843311455,archive:v2_cpc,307323,0.8589,v1,,-457.21
case_014,1,5,3660594,4.834905,session:MERGE-N5,17529646,1.0096,v1,,-378.87
case_015,1,5,41799,4.24321156008517,climb:P1-LNS,224968,0.7884,v1,,-438.21
case_016,1,5,3397411,2.271000770881121,audit:strand_n5,7791244,0.9903,v1,,-129.33
case_017,1,5,35540,4.581035453010692,climb:P1-LNS,202286,0.8049,v1,,-469.18
case_018,1,5,210148,4.779331709081219,climb:P1-LNS,507394,1.9795,v2,,-141.45
case_019,1,5,20408,3.9760878087024696,climb:P1-LNS,104944,0.7732,v2,,-414.23
case_020,1,5,107954,4.934935250199159,audit:strand_n5,326768,1.6303,v2,,-202.69
case_021,1,5,1243902,5.280108079253832,archive:v2_cpc,1245723,5.2724,v3,,-0.15
case_022,1,5,12557,4.5217806800987494,climb:P1-LNS,88549,0.6412,v1,,-605.18
case_023,1,5,27331,4.48626102228239,climb:P1-LNS,166236,0.7376,v1,,-508.23
case_024,1,5,1124755,2.2719107716791656,audit:strand_n5,2563887,0.9967,v2,,-127.95
case_025,1,5,978638,4.9691775712776325,archive:v2_cpc,4914720,0.9895,v1,,-402.2
case_026,1,5,41611,2.384057100285982,climb:P1-LNS,109080,0.9095,v2,,-162.14
case_027,1,5,496774,4.758606529327219,climb:P1-LNS,642373,3.68,v2,,-29.31
case_028,1,5,8926395,4.910834,session:MERGE-N5,44356661,0.9883,v1,,-396.92
case_029,1,5,11476,3.2724817009410945,climb:P1-LNS,39334,0.9548,v2,,-242.75
case_030,1,5,578673,4.852540208373296,archive:v3_main,2824290,0.9942,v1,,-388.06
case_031,1,5,291340,4.854702409555846,climb:P1-LNS,1448992,0.9761,v1,,-397.35
case_032,1,5,10210,4.059059745347699,climb:P1-LNS,55404,0.748,v2,,-442.64
case_033,1,5,369532,4.801197,session:MERGE-N5,1801322,0.9849,v1,,-387.46
case_034,1,5,179066,4.707739045938369,climb:P1-LNS,837016,1.0071,v3,,-367.43
case_035,1,5,95455,1.7764496359541144,climb:P1-LNS,222665,0.7616,v1,,-133.27
case_036,1,5,187182,4.976493466252097,archive:v2_cpc,187908,4.9573,v3,,-0.39
case_037,1,5,43013,4.882268151489085,archive:v2_cpc,137675,1.5253,v2,,-220.08
case_038,1,5,289861,4.707618,session:MERGE-N5,1224897,1.114,v3,,-322.58
case_039,1,5,315610,4.547581,session:MERGE-N5,831861,1.7254,v2,,-163.57
case_040,1,5,104881,2.416586416986871,climb:P1-LNS,307451,0.8244,v1,,-193.14
case_041,1,5,1223254,4.908185,session:MERGE-N5,5874296,1.0221,v3,,-380.22
case_042,1,5,348692,4.837335,session:MERGE-N5,767281,2.1983,v2,,-120.05
case_043,1,5,225465,3.005592885813763,climb:P1-LNS,731661,0.9262,v1,,-224.51
case_044,1,5,132892,1.161898383649881,audit:strand_n5,108978,1.4169,v3,,18.0
case_045,1,5,26558,4.729799,session:MERGE-N5,92607,1.3564,v2,,-248.7
case_046,1,5,114951,2.4049812528816625,climb:P1-LNS,197066,1.4029,v2,,-71.43
case_047,1,5,305956,1.0671730575638327,climb:P1-LNS,373482,0.8742,v1,,-22.07
case_048,1,5,212297,1.046741,session:MERGE-N5,262008,0.8481,v1,,-23.42
case_049,1,5,134375,1.4606586046511627,climb:P1-LNS,247792,0.7921,v1,,-84.4
case_050,1,5,89939,1.6643502818577036,climb:P1-LNS,196553,0.7616,v1,,-118.54
case_051,1,5,267458,2.271863245818035,audit:strand_n5,619405,0.981,v2,,-131.59
case_052,1,5,39731,4.538043341471395,climb:P1-LNS,189295,0.9525,v2,,-376.44
case_053,1,5,450810,3.266755395843038,climb:P1-LNS,1464341,1.0057,v1,,-224.82
case_054,1,5,469239,1.7369634663785405,climb:P1-LNS,868244,0.9387,v1,,-85.03
case_055,1,5,27082,4.387969869285873,climb:P1-LNS,149803,0.7933,v1,,-453.15
case_056,1,5,232764,1.1912709869223763,climb:P1-LNS,331227,0.8371,v1,,-42.3
case_057,1,5,14053,4.250053369387319,climb:P1-LNS,101624,0.5877,v1,,-623.15
case_058,1,5,943156,4.813325685252493,archive:v2_cpc,4187949,1.084,v3,,-344.04
case_059,1,5,150782,5.501141,session:MERGE-N5,286965,2.8905,v2,,-90.32
case_060,1,5,185435,4.792995,session:MERGE-N5,897724,0.99,v2,,-384.12
case_061,1,5,20200,3.8213366336633663,climb:P1-LNS,96583,0.7992,v2,,-378.13
case_062,1,5,701700,4.068418127404874,climb:P1-LNS,2900544,0.9842,v1,,-313.36
case_063,1,5,240418,4.452233193854037,climb:P1-LNS,1116480,0.9587,v1,,-364.39
case_064,1,5,16589,1.15233,session:MERGE-N5,58673,0.3258,v1,,-253.69
case_065,1,5,12395,4.281403791851553,climb:P1-LNS,82685,0.6418,v2,,-567.08
case_066,1,5,151163,2.375382864854495,climb:P1-LNS,382242,0.9394,v1,,-152.87
case_067,1,5,13167883,4.847767,session:MERGE-N5,13924619,4.5843,v2,,-5.75
case_068,1,5,288672,1.2543474947345084,climb:P1-LNS,296031,1.2232,v3,,-2.55
case_069,1,5,13115,1.9171940526115134,climb:P1-LNS,66273,0.3794,v1,,-405.32
case_070,1,5,27260,4.303008070432869,climb:P1-LNS,170261,0.6889,v1,,-524.58
case_071,1,5,10555,1.7924206537186167,climb:P1-LNS,59438,0.3183,v1,,-463.13
case_072,1,5,4879417,4.897681,session:MERGE-N5,23140154,1.0327,v1,,-374.24
case_073,1,5,2124193,4.746097,session:MERGE-N5,3151467,3.199,v3,,-48.36
case_074,1,5,349220,4.817132,session:MERGE-N5,1707151,0.9854,v1,,-388.85
case_075,1,5,719790,2.003097,session:MERGE-N5,1484668,0.9711,v1,,-106.26
case_076,1,5,1290116,4.794230131244012,archive:v3_main,6107494,1.0127,v1,,-373.41
case_077,1,5,108317,4.572874064089663,climb:P1-LNS,546911,0.9057,v1,,-404.92
case_078,1,5,486196,4.7226694584077205,climb:P1-LNS,1222091,1.8789,v2,,-151.36
case_079,1,5,6025063,5.153847,session:MERGE-N5,27088556,1.1463,v3,,-349.6
case_080,1,5,101212,2.8863968699363713,climb:P1-LNS,198683,1.4704,v2,,-96.3
case_081,1,5,30943,4.905632937982743,archive:v2_cpc,116805,1.2996,v2,,-277.48
case_082,1,5,353798,2.038001910694803,climb:P1-LNS,775245,0.9301,v1,,-119.12
case_083,1,5,234944,4.503170968400981,climb:P1-LNS,428132,2.4712,v2,,-82.23
case_084,1,5,503472,4.98024120507198,audit:strand_n5,394210,6.3606,v3,,21.7
case_085,1,5,1469227,2.16978,session:MERGE-N5,3233264,0.986,v1,,-120.07
case_086,1,5,94322,1.255306291215199,climb:P1-LNS,157587,0.7513,v1,,-67.07
case_087,1,5,857588,4.634009571029446,climb:P1-LNS,3968058,1.0015,v1,,-362.7
case_088,1,5,175359,1.3892814169788834,climb:P1-LNS,291757,0.835,v1,,-66.38
case_089,1,5,147432,4.701096098540344,archive:v2_cpc,190025,3.6474,v3,,-28.89
case_090,1,5,365572,3.2233404090028777,climb:P1-LNS,651622,1.8084,v2,,-78.25
case_091,1,5,1904885,4.822742,session:MERGE-N5,9070452,1.0128,v1,,-376.17
case_092,1,5,1167773,4.123707261599643,climb:P1-LNS,4546428,1.0592,v2,,-289.32
case_093,1,5,15876,4.674036281179139,archive:v2_cpc,81016,0.9159,v2,,-410.3
case_094,1,5,22475,4.222113,session:MERGE-N5,141499,0.6706,v1,,-529.58
case_095,1,5,420852,4.953886401870491,audit:strand_n5,511280,4.0777,v2,,-21.49
case_096,1,5,27210,3.0942300624770307,climb:P1-LNS,99501,0.8462,v2,,-265.68
case_097,1,5,2097377,5.478991,session:MERGE-N5,3158392,3.6384,v2,,-50.59
case_098,1,5,81567,2.175267,session:MERGE-N5,152171,1.166,v3,,-86.56
case_099,1,5,334879,4.846524,session:MERGE-N5,1456733,1.1141,v3,,-335.0
case_100,1,5,55401,2.7296077688128375,climb:P1-LNS,136961,1.1041,v3,,-147.22
case_001,2,2,116868,1.994644,rerun:A-P2-WAVE-N2R,122093,1.9093,v1,,-4.47
case_002,2,2,130304,2.010261,rerun:A-P2-WAVE-N2R,207702,1.2612,v1,,-59.4
case_003,2,2,362596,1.660835,rerun:A-P2-WAVE-N2R,561169,1.0731,v1,,-54.76
case_004,2,2,199074,1.9709103147573264,archive:v2_cpc,199678,1.9649,v1,,-0.3
case_005,2,2,68095,1.4041853293193334,climb:LNS-N2,86662,1.1033,v1,,-27.27
case_006,2,2,38913,2.1287744455580397,archive:v2_cpc,65458,1.2655,v1,,-68.22
case_007,2,2,507494,1.9952196479170197,archive:v2_cpc,510416,1.9838,v1,,-0.58
case_008,2,2,244266,1.996205,rerun:A-P2-WAVE-N2R,143027,3.4092,v3,,41.45
case_009,2,2,94373,1.6239920316192131,climb:LNS-N2,126060,1.2158,v1,,-33.58
case_010,2,2,42748,2.034458,rerun:A-P2-WAVE-N2R,51868,1.6767,v1,,-21.33
case_011,2,2,92646,1.993578,rerun:A-P2-WAVE-N2R,92646,1.9936,v1,,0.0
case_012,2,2,28763,2.054306,rerun:A-P2-WAVE-N2R,36998,1.5971,v1,,-28.63
case_013,2,2,132198,1.996619,rerun:A-P2-WAVE-N2R,132198,1.9966,v4,,0.0
case_014,2,2,8860566,1.99746,rerun:A-P2-WAVE-N2R,9874119,1.7924,v1,,-11.44
case_015,2,2,67902,2.612029100762864,climb:LNS-N2,137078,1.2939,v1,,-101.88
case_016,2,2,7715523,1.0,archive:v3_main,7689187,1.0034,v2,,0.34
case_017,2,2,74395,2.1884535251024935,archive:v2_cpc,100616,1.6181,v1,,-35.25
case_018,2,2,500749,2.0057294173328355,archive:v3_main,528306,1.9011,v1,,-5.5
case_019,2,2,37224,2.179884,rerun:A-P2-WAVE-N2R,51200,1.5848,v1,,-37.55
case_020,2,2,266580,1.998447,rerun:A-P2-WAVE-N2R,266580,1.9984,v1,,0.0
case_021,2,2,3134777,2.095185,rerun:A-P2-WAVE-N2R,3119249,2.1056,v3,,0.5
case_022,2,2,28302,2.006219,rerun:A-P2-WAVE-N2R,43235,1.3133,v1,,-52.76
case_023,2,2,55897,2.19357,rerun:A-P2-WAVE-N2R,57089,2.1478,v3,,-2.13
case_024,2,2,2555343,1.0,rerun:A-P2-WAVE-N2R,2493914,1.0246,v2,,2.4
case_025,2,2,2431840,1.9997310678334101,archive:v2_cpc,2436560,1.9959,v1,,-0.19
case_026,2,2,44968,2.2060798790250846,climb:LNS-N2,80726,1.2289,v1,,-79.52
case_027,2,2,1120962,2.10886,rerun:A-P2-WAVE-N2R,1120962,2.1089,v1,,0.0
case_028,2,2,20755981,2.111971,rerun:A-P2-WAVE-N2R,22615449,1.9383,v1,,-8.96
case_029,2,2,18890,1.9880889359449445,climb:LNS-N2,21251,1.7672,v3,,-12.5
case_030,2,2,1404199,1.9997407774823939,climb:LNS-N2,1784682,1.5734,v1,,-27.1
case_031,2,2,715899,1.9756543870015184,archive:v2_cpc,1075693,1.3148,v1,,-50.26
case_032,2,2,19338,2.143086,rerun:A-P2-WAVE-N2R,34393,1.205,v1,,-77.85
case_033,2,2,882560,2.0102837200870196,climb:LNS-N2,1002619,1.7696,v1,,-13.6
case_034,2,2,421177,2.001524,rerun:A-P2-WAVE-N2R,472199,1.7853,v1,,-12.11
case_035,2,2,91282,1.8576608750903794,climb:LNS-N2,148974,1.1383,v1,,-63.2
case_036,2,2,466068,1.998657,rerun:A-P2-WAVE-N2R,466068,1.9987,v1,,0.0
case_037,2,2,105374,1.992911,rerun:A-P2-WAVE-N2R,123741,1.6971,v4,,-17.43
case_038,2,2,679439,2.008355,rerun:A-P2-WAVE-N2R,886193,1.5398,v1,,-30.43
case_039,2,2,708561,2.025601183243221,archive:v3_main,1038778,1.3817,v1,,-46.6
case_040,2,2,125331,2.022277010476259,archive:v2_cpc,221333,1.1451,v1,,-76.6
case_041,2,2,2994880,2.00474,rerun:A-P2-WAVE-N2R,3995330,1.5027,v1,,-33.41
case_042,2,2,839542,2.009119,rerun:A-P2-WAVE-N2R,946517,1.782,v1,,-12.74
case_043,2,2,337100,2.0102521506971227,climb:LNS-N2,564981,1.1994,v1,,-67.6
case_044,2,2,44234,3.490686,rerun:A-P2-WAVE-N2R,90445,1.7072,v3,,-104.47
case_045,2,2,63059,1.99200748505368,archive:v2_cpc,63994,1.9629,v2,,-1.48
case_046,2,2,107524,2.5711,rerun:A-P2-WAVE-N2R,218462,1.2655,v2,,-103.18
case_047,2,2,308421,1.058644,rerun:A-P2-WAVE-N2R,327806,0.996,v1,,-6.29
case_048,2,2,209876,1.058816,rerun:A-P2-WAVE-N2R,220453,1.008,v1,,-5.04
case_049,2,2,123205,1.593085,rerun:A-P2-WAVE-N2R,156782,1.2519,v1,,-27.25
case_050,2,2,81862,1.82856514622169,climb:LNS-N2,138060,1.0842,v1,,-68.65
case_051,2,2,591329,1.0275633361462062,climb:LNS-N2,558128,1.0887,v2,,5.61
case_052,2,2,86285,2.089598423828012,archive:v3_main,111780,1.613,v1,,-29.55
case_053,2,2,716642,2.054981,rerun:A-P2-WAVE-N2R,1149626,1.281,v1,,-60.42
case_054,2,2,477017,1.708641411102749,climb:LNS-N2,724699,1.1247,v1,,-51.92
case_055,2,2,59068,2.011833818649692,archive:v2_cpc,83798,1.4181,v1,,-41.87
case_056,2,2,177620,1.561114,rerun:A-P2-WAVE-N2R,231400,1.1983,v1,,-30.28
case_057,2,2,29633,2.015523234232106,archive:v3_main,41281,1.4468,v1,,-39.31
case_058,2,2,2276675,1.994012,rerun:A-P2-WAVE-N2R,4122542,1.1012,v3,,-81.08
case_059,2,2,369318,2.245959,rerun:A-P2-WAVE-N2R,369318,2.246,v1,,0.0
case_060,2,2,430966,2.062318141106259,archive:v3_main,633222,1.4036,v1,,-46.93
case_061,2,2,39472,1.9555887717875964,climb:LNS-N2,49251,1.5673,v4,,-24.77
case_062,2,2,1430406,1.9958032894157323,archive:v3_main,2742333,1.041,v1,,-91.72
case_063,2,2,536176,1.996354,rerun:A-P2-WAVE-N2R,1001217,1.0691,v1,,-86.73
case_064,2,2,16073,1.189324,rerun:A-P2-WAVE-N2R,22546,0.8479,v1,,-40.27
case_065,2,2,26162,2.0284381927987156,archive:v3_main,39587,1.3405,v1,,-51.31
case_066,2,2,198967,1.8046711263676891,climb:LNS-N2,323051,1.1115,v1,,-62.36
case_067,2,2,30774616,2.074269,rerun:A-P2-WAVE-N2R,33359957,1.9135,v1,,-8.4
case_068,2,2,231855,1.5617303918397274,climb:LNS-N2,343582,1.0539,v1,,-48.19
case_069,2,2,12924,1.9455277004023521,climb:LNS-N2,20384,1.2335,v4,,-57.72
case_070,2,2,55274,2.12215508195535,archive:v3_main,77690,1.5098,v1,,-40.55
case_071,2,2,11002,1.7195964370114525,climb:LNS-N2,22291,0.8487,v1,,-102.61
case_072,2,2,12000814,1.9913505867185342,climb:LNS-N2,13640150,1.752,v1,,-13.66
case_073,2,2,4247219,2.373701,rerun:A-P2-WAVE-N2R,5664881,1.7797,v1,,-33.38
case_074,2,2,824170,2.0411310773262796,climb:LNS-N2,941368,1.787,v1,,-14.22
case_075,2,2,797963,1.806862,rerun:A-P2-WAVE-N2R,1373590,1.0497,v1,,-72.14
case_076,2,2,3090756,2.0011650871178444,archive:v3_main,3808597,1.624,v1,,-23.23
case_077,2,2,254503,1.946224602460482,archive:v2_cpc,348150,1.4227,v4,,-36.8
case_078,2,2,1029560,2.230218,rerun:A-P2-WAVE-N2R,1916532,1.1981,v2,,-86.15
case_079,2,2,15262715,2.034517,rerun:A-P2-WAVE-N2R,15052461,2.0629,v3,,1.38
case_080,2,2,145224,2.011637194954002,archive:v3_main,193683,1.5083,v2,,-33.37
case_081,2,2,76061,1.9957008190794232,climb:LNS-N2,98210,1.5456,v1,,-29.12
case_082,2,2,385462,1.8705890593625312,climb:LNS-N2,640751,1.1253,v1,,-66.23
case_083,2,2,422492,2.504173,rerun:A-P2-WAVE-N2R,586297,1.8045,v1,,-38.77
case_084,2,2,1254650,1.998495197863946,archive:v3_main,1028694,2.4375,v3,,18.01
case_085,2,2,1852196,1.721146,rerun:A-P2-WAVE-N2R,3092849,1.0307,v1,,-66.98
case_086,2,2,74661,1.585875,rerun:A-P2-WAVE-N2R,109504,1.0813,v1,,-46.67
case_087,2,2,2153189,1.8456675192005905,climb:LNS-N2,2694029,1.4751,v1,,-25.12
case_088,2,2,155548,1.566224,rerun:A-P2-WAVE-N2R,213253,1.1424,v1,,-37.1
case_089,2,2,299270,2.315942,rerun:A-P2-WAVE-N2R,356333,1.9451,v1,,-19.07
case_090,2,2,453562,2.59802,rerun:A-P2-WAVE-N2R,609970,1.9318,v2,,-34.48
case_091,2,2,4602186,1.996175078538764,climb:LNS-N2,5868162,1.5655,v1,,-27.51
case_092,2,2,2041876,2.358397,rerun:A-P2-WAVE-N2R,2599863,1.8522,v1,,-27.33
case_093,2,2,37827,1.9616940280751844,archive:v2_cpc,52698,1.4081,v1,,-39.31
case_094,2,2,36518,2.598499370173613,climb:LNS-N2,69615,1.3631,v1,,-90.63
case_095,2,2,1040850,2.00302925493587,archive:v2_cpc,586651,3.5538,v3,,43.64
case_096,2,2,37908,2.221008758045795,climb:LNS-N2,62095,1.3559,v2,,-63.8
case_097,2,2,5617602,2.045625,rerun:A-P2-WAVE-N2R,5535425,2.076,v3,,1.46
case_098,2,2,88555,2.003614,rerun:A-P2-WAVE-N2R,158648,1.1184,v1,,-79.15
case_099,2,2,807584,2.009697,rerun:A-P2-WAVE-N2R,890313,1.823,v1,,-10.24
case_100,2,2,74356,2.03377,rerun:A-P2-WAVE-N2R,111277,1.359,v1,,-49.65
case_001,2,3,78545,2.967853,rerun:A-P2-WAVE-N3R,84934,2.7446,v1,,-8.13
case_002,2,3,88509,2.95953,rerun:A-P2-WAVE-N3R,217929,1.202,v1,,-146.22
case_003,2,3,270878,2.223185345432261,climb:LNS-N3,540636,1.1139,v1,,-99.59
case_004,2,3,134043,2.927098020784375,archive:v2_cpc,135643,2.8926,v2,,-1.19
case_005,2,3,76559,1.2489452579056675,climb:LNS-N3,83889,1.1398,v1,,-9.57
case_006,2,3,25105,3.2996215893248357,climb:LNS-N3,52558,1.5761,v2,,-109.35
case_007,2,3,338094,2.994913,rerun:A-P2-WAVE-N3R,344092,2.9427,v1,,-1.77
case_008,2,3,163359,2.984868,rerun:A-P2-WAVE-N3R,107451,4.5379,v2,,34.22
case_009,2,3,81995,1.8691505579608512,climb:LNS-N3,136885,1.1196,v1,,-66.94
case_010,2,3,29582,2.93993,rerun:A-P2-WAVE-N3R,58597,1.4842,v1,,-98.08
case_011,2,3,62289,2.9651623882226397,climb:LNS-N3,70699,2.6124,v2,,-13.5
case_012,2,3,19856,2.975826,rerun:A-P2-WAVE-N3R,41305,1.4305,v1,,-108.02
case_013,2,3,88351,2.98750438591527,archive:v2_cpc,88351,2.9875,v4,,0.0
case_014,2,3,5989961,2.954715,rerun:A-P2-WAVE-N3R,9192367,1.9254,v1,,-53.46
case_015,2,3,53732,3.300863545001117,climb:LNS-N3,96019,1.8472,v1,,-78.7
case_016,2,3,7715523,1.0,archive:v3_main,7655882,1.0078,v2,,0.77
case_017,2,3,49723,3.27434,rerun:A-P2-WAVE-N3R,70488,2.3098,v1,,-41.76
case_018,2,3,338243,2.969365219679343,archive:v3_main,385932,2.6024,v1,,-14.1
case_019,2,3,25986,3.1226044793350267,archive:v3_main,53211,1.5249,v2,,-104.77
case_020,2,3,177950,2.993796010115201,archive:v2_cpc,177950,2.9938,v1,,0.0
case_021,2,3,2144024,3.063369160046716,archive:v3_main,3012074,2.1805,v4,,-40.49
case_022,2,3,19077,2.976359,rerun:A-P2-WAVE-N3R,34593,1.6414,v1,,-81.33
case_023,2,3,35243,3.479102,rerun:A-P2-WAVE-N3R,64407,1.9037,v2,,-82.75
case_024,2,3,2555343,1.0,rerun:A-P2-WAVE-N3R,2478065,1.0312,v2,,3.02
case_025,2,3,1622742,2.996796,rerun:A-P2-WAVE-N3R,1628188,2.9868,v1,,-0.34
case_026,2,3,33011,3.0051497985519977,climb:LNS-N3,89685,1.1061,v1,,-171.68
case_027,2,3,775418,3.048616359176599,climb:LNS-N3,797381,2.9646,v2,,-2.83
case_028,2,3,13752048,3.187601,rerun:A-P2-WAVE-N3R,15562252,2.8168,v1,,-13.16
case_029,2,3,12743,2.9471082162756024,archive:v2_cpc,16456,2.2821,v3,,-29.14
case_030,2,3,946088,2.9680473698006953,archive:v3_main,1261231,2.2264,v1,,-33.31
case_031,2,3,477232,2.9636927113018405,archive:v3_main,770996,1.8345,v1,,-61.56
case_032,2,3,13268,3.12353,rerun:A-P2-WAVE-N3R,32327,1.282,v2,,-143.65
case_033,2,3,599221,2.960837,rerun:A-P2-WAVE-N3R,1139502,1.557,v1,,-90.16
case_034,2,3,265240,3.1782385763836527,climb:LNS-N3,376597,2.2385,v1,,-41.98
case_035,2,3,87470,1.93861895507031,climb:LNS-N3,164759,1.0292,v1,,-88.36
case_036,2,3,311345,2.991890025534375,archive:v2_cpc,319674,2.9139,v1,,-2.68
case_037,2,3,71046,2.955846,rerun:A-P2-WAVE-N3R,83565,2.513,v4,,-17.62
case_038,2,3,454558,3.001938,rerun:A-P2-WAVE-N3R,807024,1.6908,v1,,-77.54
case_039,2,3,479753,2.9916686294822545,archive:v3_main,715889,2.0049,v2,,-49.22
case_040,2,3,100262,2.527916857832479,climb:LNS-N3,217686,1.1643,v1,,-117.12
case_041,2,3,2019234,2.973383,rerun:A-P2-WAVE-N3R,3466433,1.732,v1,,-71.67
case_042,2,3,567711,2.971124,rerun:A-P2-WAVE-N3R,701313,2.4051,v1,,-23.53
case_043,2,3,243294,2.7853379039351567,climb:LNS-N3,535971,1.2644,v1,,-120.3
case_044,2,3,53476,2.887407435111078,climb:LNS-N3,91768,1.6826,v2,,-71.61
case_045,2,3,42601,2.94861622966597,archive:v2_cpc,44068,2.8505,v2,,-3.44
case_046,2,3,81236,3.403109,rerun:A-P2-WAVE-N3R,179527,1.5399,v3,,-120.99
case_047,2,3,300849,1.085289,rerun:A-P2-WAVE-N3R,320355,1.0192,v1,,-6.48
case_048,2,3,201615,1.102199737122734,climb:LNS-N3,214380,1.0366,v1,,-6.33
case_049,2,3,101494,1.9338680119021814,climb:LNS-N3,134308,1.4614,v1,,-32.33
case_050,2,3,82025,1.8249314233465408,climb:LNS-N3,114275,1.3099,v1,,-39.32
case_051,2,3,599752,1.013132094599101,archive:v3_main,620268,0.9796,v1,,-3.42
case_052,2,3,58626,3.0754443421007744,archive:v3_main,108598,1.6603,v1,,-85.24
case_053,2,3,501587,2.936053,rerun:A-P2-WAVE-N3R,971733,1.5155,v1,,-93.73
case_054,2,3,347915,2.342673,rerun:A-P2-WAVE-N3R,684561,1.1906,v1,,-96.76
case_055,2,3,37794,3.144282161189607,archive:v3_main,83448,1.4241,v1,,-120.8
case_056,2,3,139853,1.982689,rerun:A-P2-WAVE-N3R,220032,1.2602,v1,,-57.33
case_057,2,3,19913,2.999347160146638,climb:LNS-N3,39740,1.5029,v2,,-99.57
case_058,2,3,1526307,2.9743144727764466,archive:v3_main,4083273,1.1118,v3,,-167.53
case_059,2,3,266217,3.115778,rerun:A-P2-WAVE-N3R,267469,3.1012,v1,,-0.47
case_060,2,3,286518,3.1020354742110445,archive:v3_main,559856,1.5875,v1,,-95.4
case_061,2,3,26034,2.965007298148575,climb:LNS-N3,40274,1.9166,v4,,-54.7
case_062,2,3,959975,2.9738368186671527,climb:LNS-N3,2701153,1.0569,v1,,-181.38
case_063,2,3,364643,2.9354656472220775,climb:LNS-N3,985502,1.0861,v1,,-170.26
case_064,2,3,15358,1.2446933194426357,climb:LNS-N3,23026,0.8302,v1,,-49.93
case_065,2,3,17980,2.951502,rerun:A-P2-WAVE-N3R,22606,2.3475,v2,,-25.73
case_066,2,3,147872,2.4282487556805887,climb:LNS-N3,280974,1.2779,v1,,-90.01
case_067,2,3,20344683,3.137667,rerun:A-P2-WAVE-N3R,23279960,2.7421,v1,,-14.43
case_068,2,3,189309,1.9127194164038688,climb:LNS-N3,309646,1.1694,v1,,-63.57
case_069,2,3,10456,2.404743687834736,climb:LNS-N3,20780,1.21,v4,,-98.74
case_070,2,3,39052,3.0036873911707467,archive:v3_main,98196,1.1946,v1,,-151.45
case_071,2,3,8054,2.3490191209336975,climb:LNS-N3,21453,0.8819,v1,,-166.36
case_072,2,3,8095542,2.9519738147242025,climb:LNS-N3,10260624,2.3291,v1,,-26.74
case_073,2,3,2863798,3.520369,rerun:A-P2-WAVE-N3R,3493488,2.8858,v2,,-21.99
case_074,2,3,564181,2.981736,rerun:A-P2-WAVE-N3R,700046,2.403,v1,,-24.08
case_075,2,3,587561,2.4538881920345292,climb:LNS-N3,1394677,1.0338,v1,,-137.37
case_076,2,3,2060836,3.001264050123348,archive:v3_main,3266915,1.8933,v1,,-58.52
case_077,2,3,166522,2.974501867621095,climb:LNS-N3,297581,1.6645,v4,,-78.7
case_078,2,3,766642,2.995065,rerun:A-P2-WAVE-N3R,1555720,1.4759,v3,,-102.93
case_079,2,3,10021825,3.098463,rerun:A-P2-WAVE-N3R,10016136,3.1002,v2,,0.06
case_080,2,3,97925,2.983283124840439,archive:v3_main,169094,1.7277,v2,,-72.68
case_081,2,3,51654,2.9386881945251093,archive:v3_main,61518,2.4675,v2,,-19.1
case_082,2,3,272420,2.646799060274576,climb:LNS-N3,483432,1.4915,v1,,-77.46
case_083,2,3,291169,3.633605,rerun:A-P2-WAVE-N3R,430803,2.4559,v2,,-47.96
case_084,2,3,835164,3.002299,rerun:A-P2-WAVE-N3R,467840,5.3595,v3,,43.98
case_085,2,3,1266639,2.516817341010343,climb:LNS-N3,2959065,1.0773,v1,,-133.62
case_086,2,3,92425,1.2810711387611577,climb:LNS-N3,90037,1.315,v1,,2.58
case_087,2,3,1348144,2.9478089877639184,climb:LNS-N3,2330543,1.7052,v1,,-72.87
case_088,2,3,129778,1.877228806115058,climb:LNS-N3,210771,1.1559,v1,,-62.41
case_089,2,3,208395,3.325857,rerun:A-P2-WAVE-N3R,217738,3.1831,v2,,-4.48
case_090,2,3,329841,3.572518,rerun:A-P2-WAVE-N3R,448659,2.6264,v3,,-36.02
case_091,2,3,3147282,2.918953242829845,climb:LNS-N3,5285244,1.7382,v1,,-67.93
case_092,2,3,1346651,3.575948,rerun:A-P2-WAVE-N3R,1971716,2.4423,v1,,-46.42
case_093,2,3,25103,2.956021192686133,archive:v2_cpc,42467,1.7474,v1,,-69.17
case_094,2,3,30169,3.145348,rerun:A-P2-WAVE-N3R,64953,1.4609,v2,,-115.3
case_095,2,3,693735,3.0052584920755043,archive:v3_main,434912,4.7937,v2,,37.31
case_096,2,3,28469,2.957392,rerun:A-P2-WAVE-N3R,57313,1.469,v2,,-101.32
case_097,2,3,3660459,3.139363,rerun:A-P2-WAVE-N3R,3926269,2.9268,v1,,-7.26
case_098,2,3,69123,2.5668735442616786,climb:LNS-N3,101838,1.7423,v2,,-47.33
case_099,2,3,543655,2.9853473250498936,archive:v3_main,651354,2.4917,v1,,-19.81
case_100,2,3,52485,2.8812613127560254,climb:LNS-N3,111247,1.3593,v2,,-111.96
case_001,2,4,58984,3.952089,rerun:A-P2-STRAND-N4R,64209,3.6305,v1,,-8.86
case_002,2,4,67470,3.8823921742996887,climb:LNS-N4,179595,1.4585,v1,,-166.18
case_003,2,4,251876,2.3909066365989613,climb:LNS-N4,466804,1.2901,v1,,-85.33
case_004,2,4,104188,3.765856,rerun:A-P2-STRAND-N4R,111617,3.5152,v2,,-7.13
case_005,2,4,66487,1.4381458029389205,climb:LNS-N4,89278,1.071,v4,,-34.28
case_006,2,4,19411,4.2675287208283965,climb:LNS-N4,65339,1.2678,v1,,-236.61
case_007,2,4,255106,3.969181,rerun:A-P2-STRAND-N4R,260986,3.8798,v1,,-2.3
case_008,2,4,121020,4.029127,rerun:A-P2-STRAND-N4R,88479,5.511,v3,,26.89
case_009,2,4,87711,1.7473406984300714,climb:LNS-N4,133090,1.1516,v1,,-51.74
case_010,2,4,22487,3.8675234579979545,climb:LNS-N4,66511,1.3076,v1,,-195.78
case_011,2,4,46880,3.9397824232081913,archive:v2_cpc,53752,3.4361,v2,,-14.66
case_012,2,4,15624,3.781874,rerun:A-P2-STRAND-N4R,37881,1.5598,v1,,-142.45
case_013,2,4,66982,3.940596,rerun:A-P2-STRAND-N4R,66982,3.9406,v4,,0.0
case_014,2,4,4546997,3.892377,rerun:A-P2-STRAND-N4R,7449587,2.3758,v1,,-63.84
case_015,2,4,47104,3.765328,rerun:A-P2-STRAND-N4R,134905,1.3147,v1,,-186.4
case_016,2,4,2400379,3.214294,rerun:A-P2-STRAND-N4R,7606776,1.0143,v2,,-216.9
case_017,2,4,39015,4.17301,rerun:A-P2-STRAND-N4R,92647,1.7573,v2,,-137.47
case_018,2,4,258731,3.881897,rerun:A-P2-STRAND-N4R,330121,3.0424,v1,,-27.59
case_019,2,4,21108,3.84423,rerun:A-P2-STRAND-N4R,46714,1.737,v2,,-121.31
case_020,2,4,133704,3.984518039849219,archive:v2_cpc,133704,3.9845,v1,,0.0
case_021,2,4,1550324,4.236493145948847,archive:v3_main,2410165,2.7251,v4,,-55.46
case_022,2,4,14384,3.947442,rerun:A-P2-STRAND-N4R,48073,1.1811,v1,,-234.21
case_023,2,4,28585,4.289453,rerun:A-P2-STRAND-N4R,51231,2.3934,v2,,-79.22
case_024,2,4,796735,3.207268414215517,climb:LNS-N4,2379416,1.0739,v2,,-198.65
case_025,2,4,1218152,3.992134,rerun:A-P2-STRAND-N4R,1228292,3.9592,v1,,-0.83
case_026,2,4,41409,2.39568692796252,climb:LNS-N4,67919,1.4606,v2,,-64.02
case_027,2,4,559196,4.227412213249022,archive:v2_cpc,660275,3.5803,v2,,-18.08
case_028,2,4,10176583,4.30754,rerun:A-P2-STRAND-N4R,12842994,3.4132,v1,,-26.2
case_029,2,4,9822,3.8235593565465282,climb:LNS-N4,12408,3.0267,v3,,-26.33
case_030,2,4,709559,3.957436,rerun:A-P2-STRAND-N4R,1557260,1.8032,v1,,-119.47
case_031,2,4,359551,3.933708987042172,archive:v3_main,840271,1.6832,v2,,-133.7
case_032,2,4,9761,4.245773998565721,climb:LNS-N4,24834,1.6688,v2,,-154.42
case_033,2,4,444811,3.988651,rerun:A-P2-STRAND-N4R,1110887,1.5971,v1,,-149.74
case_034,2,4,211971,3.97694,rerun:A-P2-STRAND-N4R,330939,2.5473,v1,,-56.12
case_035,2,4,85151,1.9914152505548965,climb:LNS-N4,155995,1.087,v1,,-83.2
case_036,2,4,233584,3.987902,rerun:A-P2-STRAND-N4R,233584,3.9879,v1,,0.0
case_037,2,4,53320,3.938503375843961,archive:v2_cpc,65916,3.1859,v4,,-23.62
case_038,2,4,341990,3.990044,rerun:A-P2-STRAND-N4R,750742,1.8176,v1,,-119.52
case_039,2,4,389873,3.681358,rerun:A-P2-STRAND-N4R,645816,2.2224,v2,,-65.65
case_040,2,4,100645,2.5182969844502954,climb:LNS-N4,194116,1.3057,v1,,-92.87
case_041,2,4,1518383,3.954178,rerun:A-P2-STRAND-N4R,3120673,1.9239,v1,,-105.53
case_042,2,4,424441,3.974027,rerun:A-P2-STRAND-N4R,604358,2.791,v1,,-42.39
case_043,2,4,221216,3.063322725300159,climb:LNS-N4,506655,1.3375,v1,,-129.03
case_044,2,4,55308,2.7917661097852027,climb:LNS-N4,82607,1.8692,v3,,-49.36
case_045,2,4,31878,3.940461,rerun:A-P2-STRAND-N4R,37436,3.3554,v2,,-17.44
case_046,2,4,75999,3.637613652811221,climb:LNS-N4,143060,1.9324,v2,,-88.24
case_047,2,4,284318,1.1483901828234582,climb:LNS-N4,319821,1.0209,v1,,-12.49
case_048,2,4,180008,1.234500688858273,climb:LNS-N4,206814,1.0745,v1,,-14.89
case_049,2,4,81842,2.398231,rerun:A-P2-STRAND-N4R,133783,1.4671,v1,,-63.46
case_050,2,4,75131,1.9923866313505743,climb:LNS-N4,114697,1.3051,v1,,-52.66
case_051,2,4,191111,3.1794506857271427,climb:LNS-N4,517321,1.1746,v2,,-170.69
case_052,2,4,43557,4.139426498611016,archive:v3_main,126056,1.4303,v1,,-189.4
case_053,2,4,430105,3.424015066088513,climb:LNS-N4,887089,1.6601,v1,,-106.25
case_054,2,4,305396,2.6688332525638843,climb:LNS-N4,699244,1.1656,v1,,-128.96
case_055,2,4,30675,3.874002,rerun:A-P2-STRAND-N4R,92668,1.2824,v1,,-202.1
case_056,2,4,129923,2.134226,rerun:A-P2-STRAND-N4R,238531,1.1625,v1,,-83.59
case_057,2,4,16155,3.697059733828536,climb:LNS-N4,52910,1.1288,v1,,-227.51
case_058,2,4,1142054,3.9750458384629797,archive:v3_main,2375809,1.9108,v3,,-108.03
case_059,2,4,185216,4.478409,rerun:A-P2-STRAND-N4R,185216,4.4784,v1,,0.0
case_060,2,4,222571,3.9932830422651646,archive:v3_main,559935,1.5873,v1,,-151.58
case_061,2,4,20506,3.7643128840339415,climb:LNS-N4,38128,2.0245,v4,,-85.94
case_062,2,4,720299,3.963366601925034,climb:LNS-N4,2689580,1.0614,v1,,-273.4
case_063,2,4,275826,3.880697,rerun:A-P2-STRAND-N4R,904190,1.1838,v1,,-227.81
case_064,2,4,14838,1.2883137889203398,climb:LNS-N4,28813,0.6635,v1,,-94.18
case_065,2,4,10482,5.062774279717611,climb:LNS-N4,38895,1.3644,v2,,-271.06
case_066,2,4,132561,2.708715232987078,climb:LNS-N4,291485,1.2319,v1,,-119.89
case_067,2,4,15291745,4.174464,rerun:A-P2-STRAND-N4R,21768982,2.9324,v1,,-42.36
case_068,2,4,176641,2.049892154143149,climb:LNS-N4,227249,1.5934,v3,,-28.65
case_069,2,4,9739,2.58178457747202,climb:LNS-N4,21322,1.1793,v4,,-118.93
case_070,2,4,25343,4.628497020873614,climb:LNS-N4,87322,1.3433,v3,,-244.56
case_071,2,4,8056,2.3484359483614696,climb:LNS-N4,22353,0.8464,v1,,-177.47
case_072,2,4,6111520,3.9102920386417783,archive:v3_main,8886996,2.6891,v1,,-45.41
case_073,2,4,2231456,4.517959,rerun:A-P2-STRAND-N4R,3299762,3.0553,v2,,-47.87
case_074,2,4,432209,3.892189,rerun:A-P2-STRAND-N4R,646336,2.6027,v1,,-49.54
case_075,2,4,458459,3.144903,rerun:A-P2-STRAND-N4R,1394993,1.0336,v1,,-204.28
case_076,2,4,1564870,3.952477202579128,archive:v3_main,3240361,1.9088,v1,,-107.07
case_077,2,4,126643,3.9111518204717197,climb:LNS-N4,269677,1.8367,v4,,-112.94
case_078,2,4,524644,4.376573,rerun:A-P2-STRAND-N4R,1404716,1.6346,v2,,-167.75
case_079,2,4,7486164,4.147952275691529,archive:v3_main,7469823,4.157,v2,,0.22
case_080,2,4,86546,3.375523,rerun:A-P2-STRAND-N4R,129727,2.2519,v2,,-49.89
case_081,2,4,39588,3.834369000707285,archive:v2_cpc,41483,3.6592,v2,,-4.79
case_082,2,4,238383,3.024716527604737,climb:LNS-N4,518921,1.3895,v1,,-117.68
case_083,2,4,214624,4.929519,rerun:A-P2-STRAND-N4R,381877,2.7705,v2,,-77.93
case_084,2,4,627384,3.9966145135993267,archive:v2_cpc,451775,5.5501,v2,,27.99
case_085,2,4,1013148,3.1465284440180508,climb:LNS-N4,2955372,1.0787,v1,,-191.7
case_086,2,4,89250,1.3266442577030813,climb:LNS-N4,105387,1.1235,v1,,-18.08
case_087,2,4,1046046,3.7991359844595745,climb:LNS-N4,2026021,1.9615,v1,,-93.68
case_088,2,4,121099,2.0117672317690483,climb:LNS-N4,185359,1.3143,v1,,-53.06
case_089,2,4,152132,4.555859,rerun:A-P2-STRAND-N4R,201439,3.4407,v2,,-32.41
case_090,2,4,294367,4.00304,rerun:A-P2-STRAND-N4R,422103,2.7916,v3,,-43.39
case_091,2,4,2495441,3.6814210394074633,climb:LNS-N4,5782295,1.5888,v1,,-131.71
case_092,2,4,1008098,4.776871,rerun:A-P2-STRAND-N4R,1630667,2.9531,v1,,-61.76
case_093,2,4,19779,3.751706355225239,archive:v2_cpc,70054,1.0593,v1,,-254.18
case_094,2,4,24154,3.928625,rerun:A-P2-STRAND-N4R,82532,1.1498,v1,,-241.69
case_095,2,4,523207,3.984757466929915,archive:v3_main,358957,5.8081,v2,,31.39
case_096,2,4,27057,3.111727094652031,climb:LNS-N4,61499,1.369,v2,,-127.29
case_097,2,4,2626908,4.374538,rerun:A-P2-STRAND-N4R,2626908,4.3745,v1,,0.0
case_098,2,4,52453,3.3826473223647837,climb:LNS-N4,88466,2.0056,v2,,-68.66
case_099,2,4,406776,3.9899084508427243,archive:v3_main,506407,3.2049,v1,,-24.49
case_100,2,4,40516,3.7324266956264194,climb:LNS-N4,94126,1.6066,v3,,-132.32
case_001,2,5,47502,4.9073723211654245,archive:v2_cpc,47502,4.9074,v1,,0.0
case_002,2,5,57109,4.586755152427814,audit:gpu_climb,170848,1.5332,v1,,-199.16
case_003,2,5,235418,2.5580541844718754,audit:gpu_climb,436781,1.3787,v1,,-85.53
case_004,2,5,88341,4.441392,x2:A-P2-G5TF-X2,89668,4.3757,v3,,-1.5
case_005,2,5,46609,2.0514922010770453,audit:gpu_climb,85804,1.1144,v1,,-84.09
case_006,2,5,17796,4.65481006967858,audit:gpu_climb,44688,1.8537,v2,,-151.11
case_007,2,5,203834,4.967581463347626,archive:v2_cpc,208742,4.8508,v1,,-2.41
case_008,2,5,73515,6.63272801469088,audit:gpu_climb,97653,4.9932,v2,,-32.83
case_009,2,5,85035,1.8023284529899453,audit:gpu_climb,129372,1.1847,v1,,-52.14
case_010,2,5,17648,4.9279805077062555,audit:gpu_climb,49854,1.7445,v2,,-182.49
case_011,2,5,40034,4.613504,session:G5TF-X2,53361,3.4613,v2,,-33.29
case_012,2,5,13159,4.490310813891633,audit:gpu_climb,36308,1.6274,v1,,-175.92
case_013,2,5,53616,4.922952103849597,audit:gpu_climb,54363,4.8553,v4,,-1.39
case_014,2,5,3691924,4.793876038618347,audit:gpu_climb,8115443,2.1809,v1,,-119.82
case_015,2,5,38432,4.614956286427977,audit:gpu_climb,165273,1.0731,v1,,-330.04
case_016,2,5,2240577,3.4435428909606767,audit:cross_best,7600890,1.0151,v2,,-239.24
case_017,2,5,25917,6.281977080680634,audit:gpu_climb,100939,1.613,v1,,-289.47
case_018,2,5,198036,5.07163848997152,audit:gpu_climb,291522,3.4453,v1,,-47.21
case_019,2,5,15787,5.1399252549566095,audit:gpu_climb,55719,1.4563,v2,,-252.94
case_020,2,5,107643,4.949193166299713,audit:gpu_climb,113462,4.6954,v2,,-5.41
case_021,2,5,1243141,5.283340345141863,audit:gpu_climb,1243516,5.2817,v3,,-0.03
case_022,2,5,11654,4.872146902351124,audit:gpu_climb,45047,1.2605,v1,,-286.54
case_023,2,5,19012,6.449295181990322,audit:gpu_climb,113561,1.0797,v1,,-497.31
case_024,2,5,743408,3.437335890923961,audit:cross_best,2404911,1.0626,v2,,-223.5
case_025,2,5,974660,4.98945888822769,audit:gpu_climb,987150,4.9263,v1,,-1.28
case_026,2,5,27704,3.580818654345943,audit:gpu_climb,68751,1.4429,v2,,-148.16
case_027,2,5,460949,5.128446,session:G5TF-X2,473318,4.9944,v2,,-2.68
case_028,2,5,8056841,5.440847101239804,audit:gpu_climb,11785945,3.7193,v1,,-46.28
case_029,2,5,8382,4.480434263898831,audit:gpu_climb,17747,2.1161,v4,,-111.73
case_030,2,5,562242,4.994351186855482,archive:v3_main,1071423,2.6208,v1,,-90.56
case_031,2,5,284072,4.978910276267988,audit:gpu_climb,935919,1.5112,v1,,-229.47
case_032,2,5,10639,3.8953849045962965,audit:gpu_climb,26303,1.5756,v2,,-147.23
case_033,2,5,352026,5.039957275883031,audit:gpu_climb,1284862,1.3808,v1,,-264.99
case_034,2,5,157252,5.360796683031058,audit:gpu_climb,341950,2.4653,v1,,-117.45
case_035,2,5,80558,2.1049554358350506,audit:gpu_climb,154767,1.0957,v1,,-92.12
case_036,2,5,187182,4.976493466252097,archive:v2_cpc,187182,4.9765,v1,,0.0
case_037,2,5,43013,4.882268151489085,archive:v2_cpc,59126,3.5518,v4,,-37.46
case_038,2,5,274321,4.974300181174609,audit:gpu_climb,860673,1.5855,v1,,-213.75
case_039,2,5,327297,4.385198,x2:A-P2-G5TF-X2,608205,2.3598,v2,,-85.83
case_040,2,5,89816,2.8219248240847956,audit:gpu_climb,198651,1.2759,v1,,-121.18
case_041,2,5,1219639,4.922733,x2:A-P2-G5TF-X2,4095089,1.4661,v1,,-235.76
case_042,2,5,337289,5.000874620874087,audit:gpu_climb,520345,3.2416,v2,,-54.27
case_043,2,5,193970,3.4936124142908698,audit:gpu_climb,461238,1.4692,v1,,-137.79
case_044,2,5,38389,4.022167808486806,audit:gpu_climb,90769,1.7011,v3,,-136.45
case_045,2,5,25694,4.888845644897642,audit:gpu_climb,36426,3.4485,v2,,-41.77
case_046,2,5,85945,3.216650183256734,audit:gpu_climb,134767,2.0514,v2,,-56.81
case_047,2,5,204745,1.5947056094165915,audit:gpu_climb,324092,1.0075,v1,,-58.29
case_048,2,5,143991,1.5432909001257022,audit:gpu_climb,205833,1.0796,v1,,-42.95
case_049,2,5,80964,2.4242379329084534,audit:gpu_climb,146716,1.3378,v1,,-81.21
case_050,2,5,59312,2.5237725923927705,audit:gpu_climb,103897,1.4408,v1,,-75.17
case_051,2,5,178064,3.41241351424207,audit:gpu_climb,478133,1.2708,v2,,-168.52
case_052,2,5,32862,5.486610674943704,audit:gpu_climb,111403,1.6185,v1,,-239.0
case_053,2,5,399561,3.6857601217336025,audit:gpu_climb,910290,1.6178,v1,,-127.82
case_054,2,5,280680,2.9038442354282457,audit:gpu_climb,712645,1.1437,v1,,-153.9
case_055,2,5,21067,5.640812645369535,audit:gpu_climb,100342,1.1843,v1,,-376.3
case_056,2,5,128740,2.1538371912381544,audit:gpu_climb,218367,1.2698,v1,,-69.62
case_057,2,5,12825,4.656998050682261,audit:gpu_climb,37622,1.5875,v1,,-193.35
case_058,2,5,941768,4.820419678731917,archive:v2_cpc,4032026,1.1259,v3,,-328.13
case_059,2,5,150782,5.501141,x2:A-P2-G5TF-X2,178248,4.6535,v2,,-18.22
case_060,2,5,167053,5.320401309763967,audit:gpu_climb,587028,1.514,v1,,-251.4
case_061,2,5,20283,3.805699,x2:A-P2-G5TF-X2,36680,2.1044,v4,,-80.84
case_062,2,5,587612,4.858323179240723,audit:refined2_q2,2667643,1.0702,v1,,-353.98
case_063,2,5,232682,4.600257003120138,audit:audit_B_best,939269,1.1396,v1,,-303.67
case_064,2,5,14916,1.281577,x2:A-P2-G5TF-X2,36010,0.5309,v1,,-141.42
case_065,2,5,11492,4.617821092934215,archive:v2_cpc,39268,1.3514,v2,,-241.7
case_066,2,5,125218,2.867558977143861,audit:gpu_climb,264343,1.3583,v1,,-111.11
case_067,2,5,12588983,5.07069,x2:A-P2-G5TF-X2,13142963,4.857,v2,,-4.4
case_068,2,5,167859,2.157138,x2:A-P2-G5TF-X2,201885,1.7936,v3,,-20.27
case_069,2,5,9452,2.6601777401608127,audit:refined,21247,1.1834,v4,,-124.79
case_070,2,5,24656,4.757462686567164,audit:refined2_q2,122268,0.9594,v1,,-395.9
case_071,2,5,7992,2.3672422422422423,audit:refined2_q2,21789,0.8683,v1,,-172.64
case_072,2,5,5008397,4.771552255142713,audit:refined2_q2,9520675,2.5101,v1,,-90.09
case_073,2,5,1854429,5.436512,x2:A-P2-G5TF-X2,2943591,3.4249,v2,,-58.73
case_074,2,5,335984,5.006902114386399,audit:audit_B_best,830714,2.0251,v1,,-147.25
case_075,2,5,427591,3.371935,x2:A-P2-G5TF-X2,1269920,1.1354,v1,,-196.99
case_076,2,5,1295047,4.775975698179294,audit:audit_B_best,3072996,2.0127,v1,,-137.29
case_077,2,5,109519,4.5226855614094355,audit:audit_B_best,273154,1.8133,v4,,-149.41
case_078,2,5,497039,4.619644,session:G5TF-X2,1027174,2.2354,v2,,-106.66
case_079,2,5,6074711,5.11172482114787,audit:refined,26222639,1.1842,v1,,-331.67
case_080,2,5,93299,3.131201834960718,audit:gpu_climb,114990,2.5406,v2,,-23.25
case_081,2,5,30943,4.905632937982743,archive:v2_cpc,53747,2.8243,v2,,-73.7
case_082,2,5,209247,3.445885,x2:A-P2-G5TF-X2,512329,1.4074,v1,,-144.84
case_083,2,5,200760,5.269939,x2:A-P2-G5TF-X2,281688,3.7559,v2,,-40.31
case_084,2,5,378550,6.623727380795139,audit:refined2_q2,283928,8.8312,v2,,25.0
case_085,2,5,848638,3.756489,x2:A-P2-G5TF-X2,2846125,1.1201,v1,,-235.38
case_086,2,5,60321,1.9628819150876147,audit:gpu_climb,105057,1.127,v1,,-74.16
case_087,2,5,853863,4.654226,x2:A-P2-G5TF-X2,1852002,2.1458,v1,,-116.9
case_088,2,5,104021,2.3420559310139297,audit:gpu_climb,204901,1.189,v1,,-96.98
case_089,2,5,123062,5.632055,x2:A-P2-G5TF-X2,129341,5.3586,v3,,-5.1
case_090,2,5,291270,4.045604,x2:A-P2-G5TF-X2,560368,2.1028,v2,,-92.39
case_091,2,5,1861058,4.9363152572354005,audit:audit_B_best,6016217,1.527,v1,,-223.27
case_092,2,5,806778,5.968871,x2:A-P2-G5TF-X2,1614423,2.9828,v1,,-100.11
case_093,2,5,15876,4.674036281179139,archive:v2_cpc,60370,1.2292,v2,,-280.26
case_094,2,5,19895,4.769641,x2:A-P2-G5TF-X2,77878,1.2185,v1,,-291.45
case_095,2,5,420749,4.955099120853525,archive:v2_cpc,353619,5.8958,v2,,15.95
case_096,2,5,26291,3.2023886501084022,audit:gpu_climb,55294,1.5227,v1,,-110.32
case_097,2,5,2102348,5.466036,x2:A-P2-G5TF-X2,2871167,4.0024,v2,,-36.57
case_098,2,5,52668,3.3688387635756056,audit:gpu_climb,79580,2.2296,v2,,-51.1
case_099,2,5,328079,4.946976185613831,audit:refined,548340,2.9598,v1,,-67.14
case_100,2,5,48661,3.1076837713980394,audit:gpu_climb,81562,1.8541,v3,,-67.61
case_001,3,2,116868,1.994644,rerun:A-P3-WAVE-N2R,116868,1.9946,v4,,0.0
case_002,3,2,130025,2.014574,rerun:A-P3-WAVE-N2R,207374,1.2632,v1,,-59.49
case_003,3,2,362482,1.661357,rerun:A-P3-WAVE-N2R,561169,1.0731,v1,,-54.81
case_004,3,2,196032,2.001495,rerun:A-P3-WAVE-N2R,199678,1.9649,v1,,-1.86
case_005,3,2,68095,1.4041853293193334,climb:LNS-N2,86662,1.1033,v1,,-27.27
case_006,3,2,38913,2.1287744455580397,archive:v2_cpc,65199,1.2705,v1,,-67.55
case_007,3,2,507494,1.9952196479170197,archive:v2_cpc,510397,1.9839,v1,,-0.57
case_008,3,2,136244,3.57891,rerun:A-P3-WAVE-N2R,253187,1.9259,v1,,-85.83
case_009,3,2,94373,1.6239920316192131,climb:LNS-N2,126041,1.216,v1,,-33.56
case_010,3,2,42748,2.034458,rerun:A-P3-WAVE-N2R,51839,1.6777,v1,,-21.27
case_011,3,2,92646,1.993578,rerun:A-P3-WAVE-N2R,92646,1.9936,v1,,0.0
case_012,3,2,27871,2.120053,rerun:A-P3-WAVE-N2R,36849,1.6035,v1,,-32.21
case_013,3,2,132198,1.996619,rerun:A-P3-WAVE-N2R,132198,1.9966,v4,,0.0
case_014,3,2,8852007,1.999391,rerun:A-P3-WAVE-N2R,,,,no_cluster_record_yet,
case_015,3,2,66104,2.6830751543023115,climb:LNS-N2,136402,1.3003,v1,,-106.34
case_016,3,2,7715523,1.0,archive:v3_main,7738502,0.997,v1,,-0.3
case_017,3,2,72003,2.261156,rerun:A-P3-WAVE-N2R,100248,1.6241,v1,,-39.23
case_018,3,2,497643,2.0182480211718037,archive:v3_main,528306,1.9011,v1,,-6.16
case_019,3,2,36428,2.2275172943889316,archive:v3_main,51126,1.5871,v1,,-40.35
case_020,3,2,266580,1.998447,rerun:A-P3-WAVE-N2R,266580,1.9984,v1,,0.0
case_021,3,2,3134101,2.095637,rerun:A-P3-WAVE-N2R,3118411,2.1062,v3,,0.5
case_022,3,2,28302,2.006219,rerun:A-P3-WAVE-N2R,43235,1.3133,v1,,-52.76
case_023,3,2,47907,2.559417,rerun:A-P3-WAVE-N2R,56985,2.1517,v3,,-18.95
case_024,3,2,2555343,1.0,rerun:A-P3-WAVE-N2R,2570533,0.9941,v1,,-0.59
case_025,3,2,2431840,1.9997310678334101,archive:v2_cpc,2436541,1.9959,v1,,-0.19
case_026,3,2,44343,2.2371738493110525,climb:LNS-N2,80383,1.2341,v1,,-81.28
case_027,3,2,1120962,2.10886,rerun:A-P3-WAVE-N2R,,,,no_cluster_record_yet,
case_028,3,2,20748327,2.112751,rerun:A-P3-WAVE-N2R,,,,no_cluster_record_yet,
case_029,3,2,18924,1.9845170154301417,climb:LNS-N2,21226,1.7693,v3,,-12.16
case_030,3,2,1409232,1.9925988055905628,archive:v2_cpc,,,,no_cluster_record_yet,
case_031,3,2,715411,1.977002031000362,archive:v2_cpc,1075131,1.3155,v1,,-50.28
case_032,3,2,19338,2.143086,rerun:A-P3-WAVE-N2R,34319,1.2076,v1,,-77.47
case_033,3,2,888048,1.9978604760103058,archive:v2_cpc,1001801,1.771,v1,,-12.81
case_034,3,2,417727,2.018055,rerun:A-P3-WAVE-N2R,471327,1.7886,v1,,-12.83
case_035,3,2,91282,1.8576608750903794,climb:LNS-N2,148881,1.139,v1,,-63.1
case_036,3,2,466068,1.998657,rerun:A-P3-WAVE-N2R,466068,1.9987,v1,,0.0
case_037,3,2,105374,1.992911,rerun:A-P3-WAVE-N2R,122584,1.7131,v4,,-16.33
case_038,3,2,675236,2.020856,rerun:A-P3-WAVE-N2R,,,,no_cluster_record_yet,
case_039,3,2,705615,2.03405823288904,archive:v3_main,1037003,1.384,v1,,-46.96
case_040,3,2,125331,2.022277010476259,archive:v2_cpc,221314,1.1452,v1,,-76.58
case_041,3,2,2990762,2.007501,rerun:A-P3-WAVE-N2R,3988640,1.5053,v1,,-33.37
case_042,3,2,835959,2.017731,rerun:A-P3-WAVE-N2R,944117,1.7866,v1,,-12.94
case_043,3,2,340895,1.987873,rerun:A-P3-WAVE-N2R,564981,1.1994,v1,,-65.73
case_044,3,2,44185,3.494557,rerun:A-P3-WAVE-N2R,67833,2.2763,v2,,-53.52
case_045,3,2,63059,1.99200748505368,archive:v2_cpc,63994,1.9629,v2,,-1.48
case_046,3,2,107524,2.5711,rerun:A-P3-WAVE-N2R,,,,no_cluster_record_yet,
case_047,3,2,295934,1.1033135766758804,climb:LNS-N2,327806,0.996,v1,,-10.77
case_048,3,2,199793,1.1122511799712702,climb:LNS-N2,220453,1.008,v1,,-10.34
case_049,3,2,123190,1.593279,rerun:A-P3-WAVE-N2R,156782,1.2519,v1,,-27.27
case_050,3,2,89712,1.668561619404316,climb:LNS-N2,138060,1.0842,v1,,-53.89
case_051,3,2,582906,1.042411640984996,climb:LNS-N2,622272,0.9765,v1,,-6.75
case_052,3,2,86227,2.091004,rerun:A-P3-WAVE-N2R,111780,1.613,v1,,-29.63
case_053,3,2,713925,2.062802,rerun:A-P3-WAVE-N2R,1124257,1.3099,v1,,-57.48
case_054,3,2,452546,1.801034590958709,climb:LNS-N2,724595,1.1248,v1,,-60.12
case_055,3,2,52315,2.271528242377903,archive:v3_main,83397,1.4249,v1,,-59.41
case_056,3,2,177457,1.562548,rerun:A-P3-WAVE-N2R,231400,1.1983,v1,,-30.4
case_057,3,2,29633,2.015523234232106,archive:v3_main,41179,1.4504,v1,,-38.96
case_058,3,2,2270206,1.999694,rerun:A-P3-WAVE-N2R,4217605,1.0764,v1,,-85.78
case_059,3,2,369318,2.245959,rerun:A-P3-WAVE-N2R,,,,no_cluster_record_yet,
case_060,3,2,430940,2.062443,rerun:A-P3-WAVE-N2R,,,,no_cluster_record_yet,
case_061,3,2,36960,2.0885010822510823,climb:LNS-N2,48603,1.5882,v4,,-31.5
case_062,3,2,1430406,1.9958032894157323,archive:v3_main,,,,no_cluster_record_yet,
case_063,3,2,536176,1.996354,rerun:A-P3-WAVE-N2R,1000807,1.0695,v1,,-86.66
case_064,3,2,16073,1.189324,rerun:A-P3-WAVE-N2R,22546,0.8479,v1,,-40.27
case_065,3,2,25531,2.0785711487994987,archive:v3_main,39529,1.3425,v1,,-54.83
case_066,3,2,195572,1.8359990182643733,climb:LNS-N2,323051,1.1115,v1,,-65.18
case_067,3,2,30739330,2.07665,rerun:A-P3-WAVE-N2R,,,,no_cluster_record_yet,
case_068,3,2,231721,1.562634,rerun:A-P3-WAVE-N2R,343432,1.0543,v1,,-48.21
case_069,3,2,12950,1.9416216216216216,climb:LNS-N2,19764,1.2722,v4,,-52.62
case_070,3,2,55274,2.12215508195535,archive:v3_main,77602,1.5116,v1,,-40.4
case_071,3,2,10454,1.8097378993686628,climb:LNS-N2,22291,0.8487,v1,,-113.23
case_072,3,2,11977996,1.9951440958904978,archive:v3_main,,,,no_cluster_record_yet,
case_073,3,2,4202559,2.398926,rerun:A-P3-WAVE-N2R,5681628,1.7744,v1,,-35.19
case_074,3,2,844814,1.991254,rerun:A-P3-WAVE-N2R,936991,1.7954,v1,,-10.91
case_075,3,2,797960,1.806869,rerun:A-P3-WAVE-N2R,1373590,1.0497,v1,,-72.14
case_076,3,2,3087898,2.003017262875911,archive:v3_main,,,,no_cluster_record_yet,
case_077,3,2,244401,2.026669,rerun:A-P3-WAVE-N2R,365695,1.3545,v1,,-49.63
case_078,3,2,1029560,2.230218,rerun:A-P3-WAVE-N2R,,,,no_cluster_record_yet,
case_079,3,2,15262444,2.034553,rerun:A-P3-WAVE-N2R,15383397,2.0186,v1,,-0.79
case_080,3,2,145224,2.011637194954002,archive:v3_main,,,,no_cluster_record_yet,
case_081,3,2,76044,1.9961469675451056,climb:LNS-N2,98210,1.5456,v1,,-29.15
case_082,3,2,385307,1.8713415536182836,climb:LNS-N2,640751,1.1253,v1,,-66.3
case_083,3,2,422492,2.504173,rerun:A-P3-WAVE-N2R,,,,no_cluster_record_yet,
case_084,3,2,1252352,2.0021623313573182,climb:LNS-N2,1028694,2.4375,v3,,17.86
case_085,3,2,1848816,1.724292195653867,climb:LNS-N2,3092849,1.0307,v1,,-67.29
case_086,3,2,74578,1.58764,rerun:A-P3-WAVE-N2R,109489,1.0814,v1,,-46.81
case_087,3,2,2102473,1.890189,rerun:A-P3-WAVE-N2R,2689569,1.4776,v1,,-27.92
case_088,3,2,154759,1.574209,rerun:A-P3-WAVE-N2R,213177,1.1428,v1,,-37.75
case_089,3,2,299270,2.315942,rerun:A-P3-WAVE-N2R,356333,1.9451,v1,,-19.07
case_090,3,2,453562,2.59802,rerun:A-P3-WAVE-N2R,569942,2.0675,v2,,-25.66
case_091,3,2,4594124,1.999678,rerun:A-P3-WAVE-N2R,,,,no_cluster_record_yet,
case_092,3,2,2037340,2.363648,rerun:A-P3-WAVE-N2R,,,,no_cluster_record_yet,
case_093,3,2,37326,1.9880244333708408,climb:LNS-N2,40305,1.8411,v4,,-7.98
case_094,3,2,45899,2.067409,rerun:A-P3-WAVE-N2R,69554,1.3643,v1,,-51.54
case_095,3,2,1040850,2.00302925493587,archive:v2_cpc,586651,3.5538,v3,,43.64
case_096,3,2,40084,2.100439,rerun:A-P3-WAVE-N2R,62069,1.3565,v2,,-54.85
case_097,3,2,5617602,2.045625,rerun:A-P3-WAVE-N2R,5617602,2.0456,v1,,0.0
case_098,3,2,88555,2.003614,rerun:A-P3-WAVE-N2R,158648,1.1184,v1,,-79.15
case_099,3,2,806707,2.011882,rerun:A-P3-WAVE-N2R,,,,no_cluster_record_yet,
case_100,3,2,74356,2.03377,rerun:A-P3-WAVE-N2R,111219,1.3597,v1,,-49.58
case_001,3,3,78545,2.967853,rerun:A-P3-WAVE-N3R,78545,2.9679,v4,,0.0
case_002,3,3,88509,2.95953,rerun:A-P3-WAVE-N3R,217437,1.2047,v1,,-145.67
case_003,3,3,268432,2.2434434046611433,climb:LNS-N3,540620,1.1139,v1,,-101.4
case_004,3,3,131412,2.985701458009923,archive:v3_main,135604,2.8934,v2,,-3.19
case_005,3,3,76565,1.2488473845751975,climb:LNS-N3,83602,1.1437,v1,,-9.19
case_006,3,3,24798,3.3404710057262683,climb:LNS-N3,51813,1.5988,v2,,-108.94
case_007,3,3,338094,2.994913,rerun:A-P3-WAVE-N3R,344073,2.9429,v1,,-1.77
case_008,3,3,110229,4.423564,rerun:A-P3-WAVE-N3R,172808,2.8217,v1,,-56.77
case_009,3,3,83448,1.83660483175151,climb:LNS-N3,136863,1.1198,v1,,-64.01
case_010,3,3,29582,2.93993,rerun:A-P3-WAVE-N3R,58423,1.4886,v1,,-97.5
case_011,3,3,62289,2.9651623882226397,climb:LNS-N3,70234,2.6297,v2,,-12.76
case_012,3,3,18527,3.189291,rerun:A-P3-WAVE-N3R,40802,1.4482,v1,,-120.23
case_013,3,3,88351,2.98750438591527,archive:v2_cpc,88351,2.9875,v4,,0.0
case_014,3,3,5982671,2.958315,rerun:A-P3-WAVE-N3R,,,,no_cluster_record_yet,
case_015,3,3,49598,3.575990967377717,climb:LNS-N3,95980,1.8479,v1,,-93.52
case_016,3,3,7715523,1.0,archive:v3_main,7741691,0.9966,v1,,-0.34
case_017,3,3,49177,3.310694,rerun:A-P3-WAVE-N3R,69965,2.327,v1,,-42.27
case_018,3,3,331431,3.030395466929768,archive:v3_main,385209,2.6073,v1,,-16.23
case_019,3,3,25986,3.1226044793350267,archive:v3_main,53142,1.5269,v2,,-104.5
case_020,3,3,177950,2.993796010115201,archive:v2_cpc,177950,2.9938,v1,,0.0
case_021,3,3,2142171,3.0660190059523726,archive:v2_cpc,3962388,1.6576,v2,,-84.97
case_022,3,3,18803,3.019731,rerun:A-P3-WAVE-N3R,34415,1.6499,v1,,-83.03
case_023,3,3,34328,3.571836,rerun:A-P3-WAVE-N3R,63530,1.93,v2,,-85.07
case_024,3,3,2555343,1.0,rerun:A-P3-WAVE-N3R,2577832,0.9913,v1,,-0.88
case_025,3,3,1622742,2.996796,rerun:A-P3-WAVE-N3R,1628169,2.9868,v1,,-0.33
case_026,3,3,33065,3.0002419476788145,climb:LNS-N3,88412,1.1221,v2,,-167.39
case_027,3,3,806498,2.931132,rerun:A-P3-WAVE-N3R,,,,no_cluster_record_yet,
case_028,3,3,13752048,3.187601,rerun:A-P3-WAVE-N3R,,,,no_cluster_record_yet,
case_029,3,3,12743,2.9471082162756024,archive:v2_cpc,16032,2.3425,v3,,-25.81
case_030,3,3,944631,2.9726252896633714,archive:v3_main,,,,no_cluster_record_yet,
case_031,3,3,477082,2.9646245299550182,archive:v3_main,770029,1.8368,v1,,-61.4
case_032,3,3,13216,3.13582,rerun:A-P3-WAVE-N3R,32256,1.2848,v2,,-144.07
case_033,3,3,594409,2.984807,rerun:A-P3-WAVE-N3R,1138141,1.5589,v1,,-91.47
case_034,3,3,277088,3.04234,rerun:A-P3-WAVE-N3R,375384,2.2457,v1,,-35.47
case_035,3,3,94319,1.7978456090501385,climb:LNS-N3,164746,1.0293,v1,,-74.67
case_036,3,3,311345,2.991890025534375,archive:v2_cpc,319655,2.9141,v1,,-2.67
case_037,3,3,70729,2.969093299778026,climb:LNS-N3,84781,2.477,v4,,-19.87
case_038,3,3,450319,3.030196,rerun:A-P3-WAVE-N3R,,,,no_cluster_record_yet,
case_039,3,3,478298,3.000769394812439,archive:v3_main,1132567,1.2673,v1,,-136.79
case_040,3,3,112056,2.261851,rerun:A-P3-WAVE-N3R,217684,1.1643,v1,,-94.26
case_041,3,3,2013306,2.982138,rerun:A-P3-WAVE-N3R,3461721,1.7344,v1,,-71.94
case_042,3,3,565113,2.984784,rerun:A-P3-WAVE-N3R,697824,2.4171,v1,,-23.48
case_043,3,3,245509,2.760208,rerun:A-P3-WAVE-N3R,535841,1.2647,v1,,-118.26
case_044,3,3,50128,3.080255,rerun:A-P3-WAVE-N3R,65492,2.3576,v2,,-30.65
case_045,3,3,42304,2.9693173222390317,archive:v3_main,43976,2.8564,v2,,-3.95
case_046,3,3,81236,3.403109,rerun:A-P3-WAVE-N3R,,,,no_cluster_record_yet,
case_047,3,3,287059,1.1374247105995632,climb:LNS-N3,320355,1.0192,v1,,-11.6
case_048,3,3,199808,1.112168,rerun:A-P3-WAVE-N3R,214380,1.0366,v1,,-7.29
case_049,3,3,101324,1.9371126287947573,climb:LNS-N3,134285,1.4616,v1,,-32.53
case_050,3,3,80752,1.8537002179512583,climb:LNS-N3,114266,1.31,v1,,-41.5
case_051,3,3,599752,1.013132094599101,archive:v3_main,620268,0.9796,v1,,-3.42
case_052,3,3,55724,3.235608,rerun:A-P3-WAVE-N3R,108220,1.6661,v1,,-94.21
case_053,3,3,495853,2.970005,rerun:A-P3-WAVE-N3R,946346,1.5562,v1,,-90.85
case_054,3,3,347319,2.346693,rerun:A-P3-WAVE-N3R,684561,1.1906,v1,,-97.1
case_055,3,3,37752,3.1477802500529775,archive:v3_main,83021,1.4314,v1,,-119.91
case_056,3,3,139698,1.984889,rerun:A-P3-WAVE-N3R,220000,1.2604,v1,,-57.48
case_057,3,3,20047,2.9792986481767847,climb:LNS-N3,39484,1.5127,v2,,-96.96
case_058,3,3,1526307,2.9743144727764466,archive:v3_main,4109334,1.1047,v1,,-169.23
case_059,3,3,259177,3.200411301928798,archive:v3_main,,,,no_cluster_record_yet,
case_060,3,3,286283,3.104582,rerun:A-P3-WAVE-N3R,,,,no_cluster_record_yet,
case_061,3,3,26055,2.9626175398196124,climb:LNS-N3,40334,1.9138,v4,,-54.8
case_062,3,3,1037183,2.7524641263884964,climb:LNS-N3,,,,no_cluster_record_yet,
case_063,3,3,372791,2.8713059059902197,climb:LNS-N3,984805,1.0869,v1,,-164.17
case_064,3,3,15358,1.2446933194426357,climb:LNS-N3,23019,0.8304,v1,,-49.88
case_065,3,3,17767,2.986886,rerun:A-P3-WAVE-N3R,22606,2.3475,v2,,-27.24
case_066,3,3,144554,2.483985223515088,climb:LNS-N3,280934,1.2781,v1,,-94.35
case_067,3,3,20270656,3.149125,rerun:A-P3-WAVE-N3R,,,,no_cluster_record_yet,
case_068,3,3,187794,1.92815,rerun:A-P3-WAVE-N3R,309547,1.1698,v1,,-64.83
case_069,3,3,10985,2.28893946290396,climb:LNS-N3,20386,1.2334,v4,,-85.58
case_070,3,3,39052,3.0036873911707467,archive:v3_main,98021,1.1967,v1,,-151.0
case_071,3,3,8002,2.3642839290177458,climb:LNS-N3,21149,0.8946,v1,,-164.3
case_072,3,3,8095552,2.951970168309709,archive:v3_main,,,,no_cluster_record_yet,
case_073,3,3,2863798,3.520369,rerun:A-P3-WAVE-N3R,4732075,2.1305,v1,,-65.24
case_074,3,3,555851,3.026421,rerun:A-P3-WAVE-N3R,699224,2.4059,v1,,-25.79
case_075,3,3,587430,2.4544354220928453,climb:LNS-N3,1394677,1.0338,v1,,-137.42
case_076,3,3,2056401,3.0077368178677215,archive:v3_main,,,,no_cluster_record_yet,
case_077,3,3,168429,2.940824,rerun:A-P3-WAVE-N3R,401549,1.2335,v1,,-138.41
case_078,3,3,735967,3.119899,rerun:A-P3-WAVE-N3R,,,,no_cluster_record_yet,
case_079,3,3,10019984,3.099032,rerun:A-P3-WAVE-N3R,10170746,3.0531,v1,,-1.5
case_080,3,3,97925,2.983283124840439,archive:v3_main,,,,no_cluster_record_yet,
case_081,3,3,50855,2.984858912594632,climb:LNS-N3,61372,2.4734,v2,,-20.68
case_082,3,3,272384,2.647149,rerun:A-P3-WAVE-N3R,483369,1.4917,v1,,-77.46
case_083,3,3,291169,3.633605,rerun:A-P3-WAVE-N3R,,,,no_cluster_record_yet,
case_084,3,3,835164,3.002299,rerun:A-P3-WAVE-N3R,467840,5.3595,v3,,43.98
case_085,3,3,1266498,2.517098,rerun:A-P3-WAVE-N3R,2958999,1.0774,v1,,-133.64
case_086,3,3,93205,1.2703503030953276,climb:LNS-N3,89742,1.3194,v1,,3.72
case_087,3,3,1370065,2.900644,rerun:A-P3-WAVE-N3R,2327449,1.7075,v1,,-69.88
case_088,3,3,126786,1.921529190920133,climb:LNS-N3,209766,1.1614,v1,,-65.45
case_089,3,3,208395,3.325857,rerun:A-P3-WAVE-N3R,217738,3.1831,v2,,-4.48
case_090,3,3,317353,3.713099,rerun:A-P3-WAVE-N3R,398167,2.9595,v3,,-25.47
case_091,3,3,3032426,3.029511,rerun:A-P3-WAVE-N3R,,,,no_cluster_record_yet,
case_092,3,3,1347978,3.572428,rerun:A-P3-WAVE-N3R,,,,no_cluster_record_yet,
case_093,3,3,25103,2.956021192686133,archive:v2_cpc,27935,2.6563,v4,,-11.28
case_094,3,3,30169,3.145348,rerun:A-P3-WAVE-N3R,64800,1.4644,v2,,-114.79
case_095,3,3,693735,3.0052584920755043,archive:v3_main,434912,4.7937,v2,,37.31
case_096,3,3,27208,3.0944575124963247,climb:LNS-N3,57227,1.4712,v2,,-110.33
case_097,3,3,3660338,3.139467,rerun:A-P3-WAVE-N3R,3926040,2.927,v1,,-7.26
case_098,3,3,62487,2.8394706098868565,climb:LNS-N3,101683,1.7449,v2,,-62.73
case_099,3,3,537310,3.020601,rerun:A-P3-WAVE-N3R,,,,no_cluster_record_yet,
case_100,3,3,52467,2.8822497951093067,climb:LNS-N3,109935,1.3756,v2,,-109.53
case_001,3,4,58984,3.952089,rerun:A-P3-L1SPR-N4R,58984,3.9521,v4,,0.0
case_002,3,4,67470,3.8823921742996887,climb:LNS-N4,178922,1.464,v1,,-165.19
case_003,3,4,241470,2.493941276349029,climb:LNS-N4,466734,1.2903,v1,,-93.29
case_004,3,4,104188,3.765856,rerun:A-P3-L1SPR-N4R,111475,3.5197,v2,,-6.99
case_005,3,4,67585,1.4147813864023082,climb:LNS-N4,88736,1.0776,v4,,-31.3
case_006,3,4,20059,4.129667480931253,climb:LNS-N4,64714,1.28,v1,,-222.62
case_007,3,4,254398,3.980228,rerun:A-P3-L1SPR-N4R,260986,3.8798,v1,,-2.59
case_008,3,4,104264,4.676638,rerun:A-P3-L1SPR-N4R,127031,3.8385,v1,,-21.84
case_009,3,4,86960,1.7624310027598895,climb:LNS-N4,132802,1.1541,v1,,-52.72
case_010,3,4,22577,3.8521061257031493,climb:LNS-N4,66395,1.3099,v1,,-194.08
case_011,3,4,46880,3.9397824232081913,archive:v2_cpc,53726,3.4378,v2,,-14.6
case_012,3,4,11916,4.958710976837865,climb:LNS-N4,37254,1.5861,v1,,-212.64
case_013,3,4,66982,3.940596,rerun:A-P3-L1SPR-N4R,66946,3.9427,v4,,0.05
case_014,3,4,4537470,3.900549,rerun:A-P3-L1SPR-N4R,,,,no_cluster_record_yet,
case_015,3,4,35697,4.968540773734487,climb:LNS-N4,132753,1.336,v1,,-271.89
case_016,3,4,2400379,3.214294,rerun:A-P3-STRAND-N4R,7745134,0.9962,v1,,-222.66
case_017,3,4,36423,4.469978,rerun:A-P3-L1SPR-N4R,91806,1.7734,v2,,-152.06
case_018,3,4,248233,4.046066,rerun:A-P3-L1SPR-N4R,329861,3.0448,v1,,-32.88
case_019,3,4,21108,3.84423,rerun:A-P3-L1SPR-N4R,46262,1.754,v2,,-119.17
case_020,3,4,133704,3.984518039849219,archive:v2_cpc,133704,3.9845,v1,,0.0
case_021,3,4,1550324,4.236493145948847,archive:v3_main,3905144,1.6819,v2,,-151.89
case_022,3,4,14384,3.947442,rerun:A-P3-L1SPR-N4R,48073,1.1811,v1,,-234.21
case_023,3,4,25796,4.753218,rerun:A-P3-L1SPR-N4R,50751,2.416,v2,,-96.74
case_024,3,4,796735,3.207268414215517,climb:LNS-N4,2572572,0.9933,v1,,-222.89
case_025,3,4,1218152,3.992134,rerun:A-P3-L1SPR-N4R,1228261,3.9593,v1,,-0.83
case_026,3,4,34670,2.861349870204788,climb:LNS-N4,65428,1.5162,v2,,-88.72
case_027,3,4,559196,4.227412213249022,archive:v2_cpc,,,,no_cluster_record_yet,
case_028,3,4,10176567,4.307547,rerun:A-P3-L1SPR-N4R,,,,no_cluster_record_yet,
case_029,3,4,9822,3.8235593565465282,archive:v3_main,11312,3.3199,v3,,-15.17
case_030,3,4,696813,4.029824357467499,archive:v3_main,,,,no_cluster_record_yet,
case_031,3,4,359067,3.939011382276845,archive:v3_main,836656,1.6905,v2,,-133.01
case_032,3,4,9817,4.221554446368544,climb:LNS-N4,24696,1.6781,v2,,-151.56
case_033,3,4,443847,3.997314,rerun:A-P3-L1SPR-N4R,1109155,1.5996,v1,,-149.9
case_034,3,4,208623,4.040763,rerun:A-P3-L1SPR-N4R,325159,2.5926,v1,,-55.86
case_035,3,4,85757,1.977342957426216,climb:LNS-N4,155902,1.0877,v1,,-81.8
case_036,3,4,233584,3.987902,rerun:A-P3-L1SPR-N4R,233584,3.9879,v1,,0.0
case_037,3,4,53320,3.938503375843961,archive:v2_cpc,66607,3.1528,v4,,-24.92
case_038,3,4,340734,4.004752,rerun:A-P3-L1SPR-N4R,,,,no_cluster_record_yet,
case_039,3,4,368055,3.899586,rerun:A-P3-L1SPR-N4R,1094625,1.3112,v1,,-197.41
case_040,3,4,107762,2.351979,rerun:A-P3-L1SPR-N4R,193849,1.3075,v1,,-79.89
case_041,3,4,1512623,3.969236,rerun:A-P3-L1SPR-N4R,3106463,1.9327,v1,,-105.37
case_042,3,4,421559,4.001196,rerun:A-P3-L1SPR-N4R,595489,2.8325,v1,,-41.26
case_043,3,4,232022,2.920654,rerun:A-P3-L1SPR-N4R,505853,1.3396,v1,,-118.02
case_044,3,4,30216,5.110107227958697,climb:LNS-N4,58984,2.6178,v2,,-95.21
case_045,3,4,31878,3.940461,rerun:A-P3-L1SPR-N4R,37085,3.3872,v2,,-16.33
case_046,3,4,71257,3.8796890130092483,climb:LNS-N4,,,,no_cluster_record_yet,
case_047,3,4,269712,1.2105801744082576,climb:LNS-N4,319821,1.0209,v1,,-18.58
case_048,3,4,172736,1.2864718414227492,climb:LNS-N4,206791,1.0746,v1,,-19.72
case_049,3,4,81432,2.410306,rerun:A-P3-L1SPR-N4R,133729,1.4677,v1,,-64.22
case_050,3,4,78208,1.9139985679214402,climb:LNS-N4,114624,1.3059,v1,,-46.56
case_051,3,4,188440,3.224517087667162,climb:LNS-N4,627713,0.968,v1,,-233.11
case_052,3,4,42904,4.202429,rerun:A-P3-L1SPR-N4R,125869,1.4325,v1,,-193.37
case_053,3,4,418472,3.519198417098396,climb:LNS-N4,867385,1.6978,v1,,-107.27
case_054,3,4,303617,2.684471,rerun:A-P3-L1SPR-N4R,699035,1.166,v1,,-130.24
case_055,3,4,30624,3.880453239289446,archive:v3_main,91757,1.2951,v1,,-199.62
case_056,3,4,128944,2.15043,rerun:A-P3-L1SPR-N4R,238484,1.1627,v1,,-84.95
case_057,3,4,16155,3.697059733828536,climb:LNS-N4,52690,1.1335,v1,,-226.15
case_058,3,4,1141573,3.9767207178165567,archive:v3_main,4173905,1.0876,v1,,-265.63
case_059,3,4,185216,4.478409,rerun:A-P3-L1SPR-N4R,,,,no_cluster_record_yet,
case_060,3,4,216166,4.11160404503946,archive:v3_main,,,,no_cluster_record_yet,
case_061,3,4,19777,3.9030692218233303,climb:LNS-N4,36816,2.0967,v4,,-86.16
case_062,3,4,720299,3.963366601925034,climb:LNS-N4,,,,no_cluster_record_yet,
case_063,3,4,275826,3.880697,rerun:A-P3-L1SPR-N4R,903411,1.1848,v1,,-227.53
case_064,3,4,14839,1.2882269694723365,climb:LNS-N4,28813,0.6635,v1,,-94.17
case_065,3,4,12814,4.141407835180272,climb:LNS-N4,38702,1.3712,v2,,-202.03
case_066,3,4,133038,2.699003292292428,climb:LNS-N4,291170,1.2332,v1,,-118.86
case_067,3,4,15188338,4.202885,rerun:A-P3-L1SPR-N4R,,,,no_cluster_record_yet,
case_068,3,4,172644,2.097351,rerun:A-P3-L1SPR-N4R,226040,1.6019,v3,,-30.93
case_069,3,4,9715,2.5881626351003604,climb:LNS-N4,21729,1.1572,v4,,-123.66
case_070,3,4,26523,4.42257663160276,climb:LNS-N4,86636,1.3539,v3,,-226.64
case_071,3,4,7969,2.374074538837997,climb:LNS-N4,21808,0.8675,v1,,-173.66
case_072,3,4,6100247,3.9175180939394747,archive:v3_main,,,,no_cluster_record_yet,
case_073,3,4,2130819,4.731339,rerun:A-P3-L1SPR-N4R,5347405,1.8853,v1,,-150.96
case_074,3,4,420761,3.998087,rerun:A-P3-L1SPR-N4R,644616,2.6097,v1,,-53.2
case_075,3,4,458179,3.146825,rerun:A-P3-L1SPR-N4R,1394986,1.0336,v1,,-204.46
case_076,3,4,1541918,4.011311237043734,archive:v3_main,,,,no_cluster_record_yet,
case_077,3,4,131875,3.755981,rerun:A-P3-L1SPR-N4R,401757,1.2329,v1,,-204.65
case_078,3,4,524644,4.376573,rerun:A-P3-L1SPR-N4R,,,,no_cluster_record_yet,
case_079,3,4,7486178,4.147945,rerun:A-P3-L1SPR-N4R,7486178,4.1479,v1,,0.0
case_080,3,4,81477,3.585527,rerun:A-P3-L1SPR-N4R,,,,no_cluster_record_yet,
case_081,3,4,38772,3.915068,rerun:A-P3-L1SPR-N4R,41264,3.6786,v2,,-6.43
case_082,3,4,238254,3.0263542270014354,climb:LNS-N4,518834,1.3897,v1,,-117.77
case_083,3,4,214624,4.929519,rerun:A-P3-L1SPR-N4R,,,,no_cluster_record_yet,
case_084,3,4,627384,3.9966145135993267,archive:v2_cpc,451775,5.5501,v2,,27.99
case_085,3,4,1010632,3.154362,rerun:A-P3-L1SPR-N4R,2955320,1.0787,v1,,-192.42
case_086,3,4,88575,1.336754163138583,climb:LNS-N4,105059,1.127,v1,,-18.61
case_087,3,4,1103037,3.602845,rerun:A-P3-L1SPR-N4R,2021610,1.9658,v1,,-83.28
case_088,3,4,114292,2.1315840128792916,climb:LNS-N4,184933,1.3174,v1,,-61.81
case_089,3,4,152132,4.555859,rerun:A-P3-L1SPR-N4R,201383,3.4417,v2,,-32.37
case_090,3,4,255530,4.611447,rerun:A-P3-L1SPR-N4R,335493,3.5123,v2,,-31.29
case_091,3,4,2290943,4.010038,rerun:A-P3-L1SPR-N4R,,,,no_cluster_record_yet,
case_092,3,4,1005699,4.788266,rerun:A-P3-L1SPR-N4R,,,,no_cluster_record_yet,
case_093,3,4,19207,3.863435,rerun:A-P3-L1SPR-N4R,22372,3.3169,v4,,-16.48
case_094,3,4,24154,3.928625,rerun:A-P3-L1SPR-N4R,81670,1.1619,v1,,-238.12
case_095,3,4,523207,3.984757466929915,archive:v3_main,358957,5.8081,v2,,31.39
case_096,3,4,27057,3.111727094652031,climb:LNS-N4,60785,1.3851,v2,,-124.66
case_097,3,4,2626908,4.374538,rerun:A-P3-L1SPR-N4R,2626908,4.3745,v1,,0.0
case_098,3,4,47105,3.7666914340303577,climb:LNS-N4,88415,2.0068,v2,,-87.7
case_099,3,4,404180,4.015535157603048,archive:v3_main,,,,no_cluster_record_yet,
case_100,3,4,39365,3.841559761209196,climb:LNS-N4,92652,1.6322,v3,,-135.37
case_001,3,5,47502,4.9073723211654245,archive:v2_cpc,47502,4.9074,v1,,0.0
case_002,3,5,53799,4.868956672057101,audit:gpu_climb_p3,170028,1.5406,v1,,-216.04
case_003,3,5,221826,2.7147944785552642,audit:gpu_climb_p3,436690,1.379,v1,,-96.86
case_004,3,5,88341,4.441392,x2:A-P3-G5TF-X2,89668,4.3757,v3,,-1.5
case_005,3,5,42227,2.2643806095626022,audit:refined7,84783,1.1278,v1,,-100.78
case_006,3,5,17685,4.684026010743568,audit:gpu_climb_p3,43037,1.9248,v2,,-143.35
case_007,3,5,203834,4.967581463347626,archive:v2_cpc,208742,4.8508,v1,,-2.41
case_008,3,5,95353,5.113683,session:G5TF-X2,97653,4.9932,v2,,-2.41
case_009,3,5,69415,2.20789454728805,audit:gpu_climb_p3,128898,1.189,v1,,-85.69
case_010,3,5,17861,4.869212250153967,audit:gpu_climb_p3,49173,1.7686,v2,,-175.31
case_011,3,5,39877,4.631667377184844,audit:gpu_climb_p3,53010,3.4842,v2,,-32.93
case_012,3,5,11868,4.978766430738119,audit:gpu_climb_p3,35740,1.6533,v1,,-201.15
case_013,3,5,54117,4.877377,session:G5TF-X2,54117,4.8774,v4,,0.0
case_014,3,5,3678921,4.810819802871548,audit:audit_B_best,,,,no_cluster_record_yet,
case_015,3,5,38126,4.651996013219326,audit:gpu_climb_p3,163184,1.0869,v1,,-328.01
case_016,3,5,2240577,3.4435428909606767,audit:refined,7757711,0.9946,v1,,-246.24
case_017,3,5,33345,4.882591,x2:A-P3-G5TF-X2,99165,1.6418,v1,,-197.39
case_018,3,5,199472,5.0351277372262775,audit:cross_best,289785,3.4659,v1,,-45.28
case_019,3,5,16310,4.975107296137339,audit:refined,55076,1.4733,v2,,-237.68
case_020,3,5,107650,4.948871342313051,archive:v3_main,113282,4.7028,v2,,-5.23
case_021,3,5,1249380,5.256957050697146,archive:v3_main,1242980,5.284,v3,,0.51
case_022,3,5,11694,4.855481443475287,audit:cross_best,45024,1.2611,v1,,-285.02
case_023,3,5,23240,5.27599,session:G5TF-X2,111899,1.0958,v1,,-381.49
case_024,3,5,743408,3.437335890923961,audit:refined,2591898,0.9859,v1,,-248.65
case_025,3,5,975282,4.986276789687495,audit:refined,987093,4.9266,v1,,-1.21
case_026,3,5,26861,3.6931983172629463,audit:gpu_climb_p3,66235,1.4977,v2,,-146.58
case_027,3,5,460949,5.128446,session:G5TF-X2,,,,no_cluster_record_yet,
case_028,3,5,8049671,5.445693,x2:A-P3-G5TF-X2,,,,no_cluster_record_yet,
case_029,3,5,8238,4.558752124302015,audit:gpu_climb_p3,16776,2.2386,v4,,-103.64
case_030,3,5,562180,4.994902,x2:A-P3-G5TF-X2,,,,no_cluster_record_yet,
case_031,3,5,293041,4.826522568514304,archive:v3_main,933220,1.5156,v1,,-218.46
case_032,3,5,10370,3.9964320154291224,audit:gpu_climb_p3,25815,1.6054,v2,,-148.94
case_033,3,5,354075,5.0107914989762055,audit:audit_B_best,1283255,1.3826,v1,,-262.42
case_034,3,5,171673,4.910475147518829,audit:audit_B_best,340477,2.4759,v1,,-98.33
case_035,3,5,76786,2.2083582944807647,audit:gpu_climb_p3,154611,1.0968,v1,,-101.35
case_036,3,5,187182,4.976493466252097,archive:v2_cpc,187182,4.9765,v1,,0.0
case_037,3,5,43013,4.882268151489085,archive:v2_cpc,56150,3.74,v4,,-30.54
case_038,3,5,272527,5.007045,x2:A-P3-G5TF-X2,,,,no_cluster_record_yet,
case_039,3,5,293525,4.889744,session:G5TF-X2,578586,2.4806,v2,,-97.12
case_040,3,5,98093,2.583813320012641,audit:audit_B_best,197874,1.2809,v1,,-101.72
case_041,3,5,1211069,4.957568,x2:A-P3-G5TF-X2,4084561,1.4699,v1,,-237.27
case_042,3,5,341698,4.936347,x2:A-P3-G5TF-X2,513375,3.2856,v2,,-50.24
case_043,3,5,208813,3.245277,session:G5TF-X2,460790,1.4706,v1,,-120.67
case_044,3,5,35173,4.389929775680209,audit:gpu_climb_p3,58128,2.6563,v2,,-65.26
case_045,3,5,25867,4.8561487609695755,audit:cross_best,35604,3.5281,v2,,-37.64
case_046,3,5,63424,4.358838925327952,audit:refined2,,,,no_cluster_record_yet,
case_047,3,5,193167,1.6902887139107612,audit:gpu_climb_p3,324092,1.0075,v1,,-67.78
case_048,3,5,139917,1.588227306188669,audit:refined6,205749,1.0801,v1,,-47.05
case_049,3,5,79765,2.4606782423368645,audit:gpu_climb_p3,146585,1.339,v1,,-83.77
case_050,3,5,58949,2.5393136439973536,audit:gpu_climb_p3,103847,1.4414,v1,,-76.16
case_051,3,5,178061,3.412471007126771,audit:gpu_climb_p3,471429,1.2889,v2,,-164.76
case_052,3,5,34629,5.206647607496607,audit:refined,110902,1.6258,v1,,-220.26
case_053,3,5,374425,3.933194,x2:A-P3-G5TF-X2,887219,1.6599,v1,,-136.96
case_054,3,5,273282,2.9824540218528846,audit:gpu_climb_p3,712530,1.1439,v1,,-160.73
case_055,3,5,23642,5.026436003722189,audit:cross_best,99407,1.1954,v1,,-320.47
case_056,3,5,127092,2.1817659648128913,audit:gpu_climb_p3,218233,1.2706,v1,,-71.71
case_057,3,5,12877,4.638192125495069,audit:gpu_climb_p3,37541,1.591,v1,,-191.54
case_058,3,5,937354,4.843119035071061,archive:v2_cpc,4102681,1.1065,v1,,-337.69
case_059,3,5,150736,5.502819498991615,archive:v2_cpc,,,,no_cluster_record_yet,
case_060,3,5,178271,4.985606183843698,audit:cross_best,,,,no_cluster_record_yet,
case_061,3,5,16276,4.742627181125584,audit:gpu_climb_p3,36315,2.1256,v4,,-123.12
case_062,3,5,587612,4.858323179240723,audit:cross_best,,,,no_cluster_record_yet,
case_063,3,5,231697,4.619813808551686,audit:gpu_climb_p3,937957,1.1412,v1,,-304.82
case_064,3,5,14842,1.2879665813232717,audit:gpu_climb_p3,35999,0.531,v1,,-142.55
case_065,3,5,11413,4.6497853325155525,audit:gpu_climb_p3,38811,1.3673,v2,,-240.06
case_066,3,5,126663,2.834845219203714,audit:gpu_climb_p3,263501,1.3627,v1,,-108.03
case_067,3,5,12554416,5.084652,x2:A-P3-G5TF-X2,,,,no_cluster_record_yet,
case_068,3,5,157383,2.300724983003247,audit:gpu_climb_p3,200216,1.8085,v2,,-27.22
case_069,3,5,8767,2.8680278316413825,audit:gpu_climb_p3,20759,1.2112,v4,,-136.79
case_070,3,5,22568,5.197624955689472,audit:gpu_climb_p3,120687,0.9719,v1,,-434.77
case_071,3,5,7904,2.3935981781376516,audit:refined2,21189,0.8929,v1,,-168.08
case_072,3,5,4826790,4.951081,session:G5TF-X2,,,,no_cluster_record_yet,
case_073,3,5,1768210,5.7016,x2:A-P3-G5TF-X2,2567304,3.9269,v2,,-45.19
case_074,3,5,334863,5.023663408617852,audit:audit_B_best,828392,2.0307,v1,,-147.38
case_075,3,5,421997,3.4166332936016133,audit:gpu_climb_p3,1269920,1.1354,v1,,-200.93
case_076,3,5,1243489,4.974,audit:bxcpu_best,,,,no_cluster_record_yet,
case_077,3,5,108743,4.55496,session:G5TF-X2,459151,1.0788,v1,,-322.23
case_078,3,5,460816,4.982776,x2:A-P3-G5TF-X2,,,,no_cluster_record_yet,
case_079,3,5,6074334,5.112042077370128,audit:cross_best,26220117,1.1843,v1,,-331.65
case_080,3,5,72044,4.055,audit:bxcpu_best,,,,no_cluster_record_yet,
case_081,3,5,30943,4.905632937982743,archive:v2_cpc,52754,2.8774,v2,,-70.49
case_082,3,5,205915,3.5016438821843963,audit:gpu_climb_p3,512091,1.408,v1,,-148.69
case_083,3,5,198206,5.337845,x2:A-P3-G5TF-X2,,,,no_cluster_record_yet,
case_084,3,5,378550,6.623727380795139,audit:cross_best,283928,8.8312,v2,,25.0
case_085,3,5,834161,3.8216831043407686,audit:gpu_climb_p3,2846070,1.1201,v1,,-241.19
case_086,3,5,53159,2.227336857352471,audit:gpu_climb_p3,104297,1.1352,v1,,-96.2
case_087,3,5,840428,4.728628,x2:A-P3-G5TF-X2,1849189,2.1491,v1,,-120.03
case_088,3,5,101815,2.392800667878014,audit:gpu_climb_p3,202186,1.2049,v1,,-98.58
case_089,3,5,123062,5.632055,x2:A-P3-G5TF-X2,129341,5.3586,v3,,-5.1
case_090,3,5,247585,4.759428075206495,archive:v3_main,466765,2.5245,v2,,-88.53
case_091,3,5,1858021,4.944384,session:G5TF-X2,,,,no_cluster_record_yet,
case_092,3,5,804952,5.982411,x2:A-P3-G5TF-X2,,,,no_cluster_record_yet,
case_093,3,5,15876,4.674036281179139,archive:v2_cpc,19430,3.8191,v4,,-22.39
case_094,3,5,19895,4.769641,x2:A-P3-G5TF-X2,76451,1.2412,v1,,-284.27
case_095,3,5,420749,4.955099120853525,archive:v2_cpc,353619,5.8958,v2,,15.95
case_096,3,5,25159,3.3464764100321953,audit:gpu_climb_p3,55009,1.5306,v2,,-118.65
case_097,3,5,2102250,5.46629,x2:A-P3-G5TF-X2,4256173,2.7,v1,,-102.46
case_098,3,5,44297,4.005463123913583,audit:gpu_climb_p3,79476,2.2325,v2,,-79.42
case_099,3,5,326552,4.970108895367353,audit:cross_best,,,,no_cluster_record_yet,
case_100,3,5,45611,3.3154940694130803,audit:gpu_climb_p3,79812,1.8947,v3,,-74.98
