"figure_id","topic","status","source_path","source_version","data_path","script_path","output_path","tex_label","caption","review_note"
"F01","总体方法流程","计划","","","","","","fig:workflow","","待依据实际算法确定模块"
"F02","问题一总完成时间对比","条件图（升级优先：待100例基线逐例数据，T027）","","","","","","fig:q1-makespan","","数字并入TBL-004；取得100例基线与方法逐例结果则复活为paired slope图（GPT评审修订，见05）；D045：逐例基线数据列T027主动争取，复活后承担4.6.3基线论证图证（2021A每问收口对照图惯例＋防2025A零对照缺陷）"
"F03","问题一调度甘特图","计划（可做待确认）","","","","","","fig:q1-schedule","","师兄确认官方评估器可导出per-core timeline、2~3例可现做（2026-09-25答复，RES-010~016）；建议008/084/064前后方案，待用户确认后列入制作"
"F04","核数与加速比关系（P2无L2＋理想线性）","成图待审核","脚本生成","交付包0925终版（RES-012 CONFIRMED）","../../A题_交付数据包_0925终版/MANIFEST_终版.csv（q=2）＋speedup_stats_v4（分位）","scripts/fig_batch1_final_package.py","figs/F04_p2_core_scaling.png（pdf并存）","fig:q1-speedup","问题二：1~5核平均加速比曲线（100例均值＋P25–P75带＋理想线性；无L2口径，Cache数据归第六章F14）","0926凌晨成图：终值均值1.970/2.760/3.551/4.270＋P25–P75带＋理想线性；v2重生成（0926对照国一修三处：F14纵轴完整化、F08/F11标注错层+极值数值），待人工审核（A027/A029）"
"R01","v2问题一平均加速比","已有参考图待复核","../A题_代码包/deliverables/figs/fig_speedup_p1.png","03fa14a-v2","../A题_代码包/deliverables/full_scan.jsonl","../A题_代码包/deliver/make_deliverables.py","figs/v2_reference/fig_speedup_p1.png","fig:v2-p1","","报告记录100例全量；未独立复算；绘图NPZ待补"
"R02","v2问题二平均加速比","已有参考图待复核","../A题_代码包/deliverables/figs/fig_speedup_p2.png","03fa14a-v2","../A题_代码包/deliverables/full_scan.jsonl","../A题_代码包/deliver/make_deliverables.py","figs/v2_reference/fig_speedup_p2.png","fig:v2-p2","","报告记录100例全量；未独立复算；绘图NPZ待补"
"R03","v2问题三L2对比","已有参考图待复核","../A题_代码包/deliverables/figs/fig_p3_l2.png","03fa14a-v2","../A题_代码包/deliverables/full_scan.jsonl","../A题_代码包/deliver/make_deliverables.py","figs/v2_reference/fig_p3_l2.png","fig:v2-p3","","须区分相对单核与相对无L2指标；绘图NPZ待补"
"F05","多核NPU硬件抽象与存储层级示意","定稿入文（用户手绘）","用户以PowerPoint手工绘制（pptx源文件待归档figs/）；结构与措辞经AI-04会话逐项审定","S01；题面附录A/B.4/D.5","","scripts/fig_F05_hw_abstraction.py（matplotlib参考版输出scriptref，非终图来源）","figs/F05_hw_abstraction.png","fig:hw-arch","多核 NPU 硬件抽象与存储层级示意图","2026-09-25 V005用户定稿入文；三轮审查通过（写旁路L2/读经L2/核内三层错位/数字与表1-1一致/箭头齐）；人绘图无脚本，pptx源文件归档后作为可编辑重绘依据（D034修订：来源为手绘非AI，AI标注义务不适用）；09登记A020"
"F06","计算图与Task组织对照（场景A/B）","草图待审核","题面小例","S01","","scripts/fig_ch1_graph_examples.py","figs/F06_task_org_draft.png","","","1.2.3；素材就绪（D029补登）；2026-09-25 图位 1.3→1.2.3（正文锚点=1.2.3 场景A/B Task对应句，用户批准）；2026-09-26 草图v3（AI-07/A033）——图内措辞对齐V006/V007，玫红折线右缘出左缘入不穿框、带内通道分层，终版名待审定"
"F07","P1求解框架示意","计划","../A题_论文素材_0925_clean/src/p1_refine.py","b154dd4","","","","","","4.2–4.5；标注示意性质"
"F08","P1逐例加速比分布（N5）","成图待审核","脚本生成","交付包0925终版（RES-012）","../../A题_交付数据包_0925终版/MANIFEST_终版.csv（q=1 N5，sp直读）","scripts/fig_batch1_final_package.py","figs/F08_p1_speedup_dist.png（pdf并存）","fig:p1-dist","问题一：100例逐例加速比分布（N5；口径＝逐例离散与离群标注，均值趋势见F19）","0926凌晨成图：100例排序条形，均值3.705；min=048(1.047)、max=059(5.501)、>5共4例另色；v2重生成（0926对照国一修订：标注错层+极值数值），待人工审核（A027/A029）"
"F09","mechA子图重构与M/V双管道交错机制（双子图）","计划","../A题_论文素材_0925_clean/src/mechA_engine.py","b154dd4","","","","","","5.3；(a)batch×level重构前后 (b)管线交错示意；原F10并入（GPT评审修订）；非实测时间线须标注"
"F10","M/V双管道交错示意","已注销（并入F09）","素材包代码结构","b154dd4","","","","","","编号注销不复用，内容为F09双子图(b)（GPT评审修订，2026-09-25）"
"F11","P2逐例加速比分布（N5）","成图待审核","脚本生成","交付包0925终版（RES-012）","../../A题_交付数据包_0925终版/MANIFEST_终版.csv（q=2 N5，sp直读）","scripts/fig_batch1_final_package.py","figs/F11_p2_speedup_dist.png（pdf并存）","fig:p2-dist","问题二：100例逐例加速比分布（N5；口径＝逐例离散，含超离群案例标注，均值见F04）","0926凌晨成图：100例排序条形，均值4.270；min=064(1.282)、max=008(6.633)、>5共24例另色（与AI-08复算一致）；v2重生成（0926对照国一修订：标注错层+极值数值），待人工审核（A027/A029）"
"F12","消融贡献阶梯柱状图（合规产线A–E臂）","计划（D045重定口径）","","b154dd4","素材包结果摘要（点数分解）","","","","","D045重生：合规产线消融A–E臂画阶梯/堆叠柱状（基线→+构造→+指派→+精修 makespan递降），池线作对照线、性质披露沿用TBL-010协议（旧取消原因＝池口径混淆已由分列协议解决）；2025A图16堆叠贡献分解同题先例；数据=harvest消融臂＋ablation_stages.csv"
"F13","共享L2 FIFO机制示意","计划","题面","S01","","","","","","6.1；素材就绪"
"F14","L2相对增益与两配置扩展（双子图）","成图待审核","脚本生成","交付包0925终版（RES-012 CONFIRMED）","../../A题_交付数据包_0925终版/MANIFEST_终版.csv（q=2/q=3）","scripts/fig_batch1_final_package.py","figs/F14_cache_gain_vs_cores.png（pdf并存）","fig:l2-gain","问题三：(a)无L2/只读L2两配置平均加速比随核数（各自单核基准归一）(b) Cache相对增益（口径＝均值比或配对S_Cache二选一，待#8定稿后单一口径入题）","0926凌晨成图：(a)两配置曲线（q3 N5=4.309） (b)均值比口径增益×1.012/×1.010/×1.024/×1.009；逐例S_Cache口径N2/N3待stats重生成（问清单#8冻结）；v2重生成（0926对照国一修订），待人工审核（A027/A029）"
"F15","P3配对效果双子图：(a)log-log配对Makespan (b)命中率×相对收益","计划（第六章核心图）","","交付包0925终版(路径随夜版清理重定向0926)","../../A题_交付数据包_0925终版/stats/p3_scache_full.csv＋stats/p3_hit_full.csv","","","","问题三：100例配对效果(a) log-log配对Makespan散点（y=x参照）(b) 命中率×相对收益散点（口径＝逐例配对，均值见F14）","6.5.3–6.5.4；新数（N5）：中位1.0038、S_Cache=1.0恰30例、max=2.148、top=044(2.148)/080(1.596)/090(1.520)/046(1.518)（090升至第三）；命中率×收益相关系数按新数重算（旧r≈0.69作废）、措辞不写因果全解释；旧problem3_results.csv作废（RES-010）（GPT评审升级+仲裁轮重定向）"
"F16","case_084超线性案例剖析","计划","","交付包0925终版(路径随夜版清理重定向0926)","../../A题_交付数据包_0925终版/MANIFEST.csv＋stats/p3_scache_full.csv＋stats/p3_hit_full.csv","","","","","移至5.5.6：新数084 P2N5 sp=6.6237（audit:refined2_q2）、全核数S_Cache=1.0且命中率0——超线性源于调度结构、Cache零贡献仍成立（AI-08复核）；旧8.83/8.79与天花板8.75叙事作废；案例选择待新MANIFEST（case_008 6.633略高，问清单#2）；轨迹细节缺（GPT评审修订+仲裁轮重定向）"
"F17","时间–额外搬运双指标权衡","条件图（暂缓）","","交付包0925终版(路径随夜版清理重定向0926)","../../A题_交付数据包_0925终版/stats/p12_eval_full.csv（P1/P2 mk+added）＋stats/p3_scache_full.csv（P3 added）","","","","","逐例跨数个数量级，绝对量散点混淆规模与搬运；改相对口径需逐例原始数据量（包内无）；维持plan_hash对齐前提；搬运字段改由交付包p12/p3表支撑、旧素材包摘要作废（GPT评审修订+仲裁轮重定向）"
"F18","B×L敏感性热图","已取消（无全网格数据）","","b154dd4","","","","","","师兄确认B×L全网格未保留、仅每例最优（2026-09-25答复）；维持删热图决定"
"TBL-001","三问场景与交付对照表","成表待审核","题面","S01","","","","tab:problem-reqs","三个问题的硬件场景、核心任务与题面结果要求","1.5；V009 入文（AI-09/A036）；四列：问题/硬件场景/核心任务/题面结果要求；交付说明只在本表"
"TBL-002","三问机制与决策边界表","计划","题面＋评估器","S01/S02","","","","","","2.5；就绪（D015已列；D042 落位随迁）"
"TBL-003","符号说明表","计划","随正文定稿","","","","","","","3.2；随第四章定稿"
"TBL-004","P1主结果表","计划","","交付包0925终版(路径随夜版清理重定向0926)","../../A题_交付数据包_0925终版/MANIFEST.csv（q=1）＋stats/p12_eval_full.csv（added）","","","","问题一主结果表（基线→本文终值，同预算口径；口径＝精确数值配对，趋势与离散见F19/F08）","4.6.2；数据源已重定向至交付包（旧CSV作废，RES-010）；基线行按RES-015标'赛前事后择优池'（3.4608），终值3.709*待问清单#1/#2；待RES-012升级（仲裁轮重定向）"
"TBL-005","P2主结果表","计划","","交付包0925终版(路径随夜版清理重定向0926)","../../A题_交付数据包_0925终版/MANIFEST.csv（q=2）＋stats/p12_eval_full.csv（added）","","","","问题二主结果表（基线＝赛前事后择优池4.0137，性质按TBL-010协议披露；本文4.2697）","5.5.2；数据源已重定向至交付包（旧CSV作废，RES-010）；基线4.0137（赛前池，RES-015）→终值4.270（LNS后）；待RES-012升级（仲裁轮重定向）"
"TBL-006","P3配对主结果表","计划","","交付包0925终版(路径随夜版清理重定向0926)","../../A题_交付数据包_0925终版/stats/p3_scache_full.csv＋stats/p3_hit_full.csv＋MANIFEST.csv（q=3）","","","","问题三配对主结果表（同方案标识，无/有L2双列；口径＝精确配对值，分布见F15）","6.5.3；数据源已重定向（旧CSV作废，RES-010）；added为方案属性、两列并一列＋加注，不写Cache节省DDR流量；DDR口径可由p3_hit_full（hit/miss bytes）支撑；待RES-012~014升级（GPT评审修订+仲裁轮重定向）"
"TBL-007","超线性机制分类表","计划","","b154dd4","素材包结果摘要","","","","","移至5.5.6（超线性属P2/mechA机制）；需逐例归属登记（GPT评审修订）"
"TBL-008","优缺点与推广对照表","可选（随行文定）","随正文定稿","","","","","","","7.1–7.3；随第七章行文定（GPT评审修订）"
"TBL-009","统一实验设置与测试集统计表","计划","题面＋素材包＋输入图统计","S01/b154dd4","","","","","","4.6.1；用例数/核数/评估器版本提交/单核基准定义/加速比公式/指标定义/聚合/预算/失败处理/环境/算法版本提交号；节点边数统计待跑；五六章引用不重复（GPT评审新增，见05）"
"F19","P1的1~5核加速比曲线","成图待审核","脚本生成","交付包0925终版（RES-012 CONFIRMED）","../../A题_交付数据包_0925终版/MANIFEST_终版.csv（q=1）","scripts/fig_batch1_final_package.py","figs/F19_p1_core_scaling.png（pdf并存）","fig:p1-speedup","问题一：1~5核平均加速比曲线（100例均值＋理想线性对照；口径＝均值趋势，逐例离散见F08，精确值见TBL-004）","0926凌晨成图：终值1.807/2.479/3.144/3.705＋P25–P75带；P1N5已定案3.7048（终版核验）；v2重生成（0926对照国一修订），待人工审核（A027/A029）"
"F20","输入计算图最小示例（B.7）","草图待审核","题面附录B.7（S01）","","","scripts/fig_ch1_graph_examples.py","figs/F20_input_graph_example_draft.png","","拟稿（tex插图时定稿，A034）：以附录 B.7 最小用例展示输入计算图的节点类型、边方向规则与代表性节点属性；有向边仅表示数据依赖关系、不携带独立数据量字段；完整字段说明见表 1-2","2026-09-26 新增同轮登记（D029）并出草图v3（AI-07/A033）；图位1.2.2（V007图TODO处）；张量按pos上色/操作按管道族上色/cycles仅标核内计算操作；终版名待用户审定；v3.1 补形状/管道图例（A034 仲裁采纳）"
"F21","离线训练收敛曲线","计划（数据待harvest）","","合规产线","harvest训练日志/训练侧jsonl（mean逐轮）","","","","","4.6.4；③终选新增（2026-09-26用户拍板③同轮登记，见05同日节）；原拟F20编号与并行轮B.7最小例冲突，按D033改F21"
"TBL-010","消融矩阵表（A–E臂＋池线历史阶梯对照）","计划","","合规产线v5_ablation（待harvest）＋../../../../A题_交付数据包_0925终版/ablation_stages.csv（已交付）","","","","","","4.6.4（5.5.5/6.5.5引用）；A采样数/B学习先验/C精修/D解码器项/E多种子；池线阶梯=算法族贡献对照、逐段标协议、A-P3-STRAND-002标未晋级（RES-009）；F12后继并入本表对照列（③终选新增）（D042 轮格式修复补列，内容未动）"
"TBL-011","离线校准上界gap表","计划","","harvest vs MANIFEST池（RES-012）逐例对账","","","","","","7.2（4.6.6指针）；合规产线数字与离线充分搜索池的逐例差；③双数字口径的上界侧依据（'离线校准的价值'叙事，gap开关常开）（③终选新增）（D042 轮格式修复补列，内容未动）"
"TBL-012","测试用例结构类型分布表","计划","","官方算例输入图（材料包data/，待到位）","","scripts/case_structure_profile.py","results/case_structure/（待产出）","","","2.1（D042）；四类（弱连通分量型/汇聚规约型/深链型/其他）占比＋判定口径＋代表用例；数值以02登记为准（T026）；规模分位全表归TBL-009、两处同源"
"TBL-013","场景B相对问题一的模型变化对照表","已随文落稿（V013）","题面1.5/问题2/附录B.4/C.2/D.2＋官方评估器P2核验","../A题_代码包/官方评估器与配置/code/multicore_cut_evaluate_problem_2.py","","","","tab:q2-diff","场景B相对问题一的模型变化对照","5.3.4；四列（模型维度/场景A/场景B/对优化的影响）五行（Task粒度/边界搬运判定/固定等待/核内工作集/新增搬运构成）；机制依据=5.1-5.2.3节；与TBL-002分工待T024定夺（本表管P1到P2模型维度对照，TBL-002若留表收窄三问决策边界全览）；V013同轮登记（D029）
"F22","测试用例结构画像双联图：(a)规模分布 (b)四类结构占比","计划（数据就绪：results/case_structure_selftest，D045）","","","results/case_structure_selftest/（summary.json/per_case.csv，A038/T026产物）","scripts/case_structure_profile.py","","fig:case-structure","100个官方测试用例结构画像：(a)操作数/张量数规模分布 (b)弱连通分量/汇聚规约/深链/其他四类占比（判定口径同TBL-012）","D045新增：2021A谱图前置/2025A图5双联先例；数据已就绪零成本；数值口径以02台账登记（T026）为准，未经复算不入图题"
