问题,算法,均值加速比,样本数,均值额外搬运MB,均值spillMB,均值Cache命中率,均值核内驻留峰值,均值求解s,fallback占比
问题1,拓扑等分,1.057,100,32.23,7.73,,254464.0,0.04,0.0
问题1,贪心负载均衡,1.086,100,32.19,7.6,,254464.0,0.07,0.97
问题1,HEFT列表调度,1.086,100,32.19,7.6,,254464.0,0.1,0.97
问题1,KL图划分,1.112,100,32.37,7.54,,248234.0,3.48,0.13
问题1,随机搜索,1.79,9,3.22,0.0,,72376.0,3.81,0.0
问题1,同核驻留复用(题面),2.37,2,6.03,0.0,,39488.0,0.02,0.0
问题1,遗传算法,2.0842,9,(sp-only),,,,,
问题1,本文方法,3.6174,100,见problem*_results,,见problem3,,~120,
问题2,拓扑等分,1.198,100,31.53,9.9,,304173.0,0.04,0.0
问题2,贪心负载均衡,1.241,100,31.33,10.83,,312324.0,0.1,0.97
问题2,HEFT列表调度,1.241,100,31.33,10.83,,312324.0,0.09,0.97
问题2,KL图划分,1.241,100,31.32,10.03,,310920.0,3.97,0.13
问题2,随机搜索,2.8,9,0.77,0.47,,218283.0,3.1,0.0
问题2,同核驻留复用(题面),4.176,2,1.62,1.62,,373312.0,0.01,0.0
问题2,共享输入聚合(题面),1.306,100,32.88,10.39,,286866.0,0.1,0.84
问题2,管道均衡切分(题面),1.341,100,37.02,7.94,,271969.0,13.4,0.0
问题2,合并贪心(题面),1.351,100,36.25,7.17,,270597.0,24.95,0.0
问题2,遗传算法,2.4193,93,(sp-only),,,,,
问题2,本文方法,4.2292,100,见problem*_results,,见problem3,,~120,
问题3,拓扑等分,1.209,100,31.53,9.9,0.123,304173.0,0.04,0.0
问题3,贪心负载均衡,1.252,100,31.33,10.83,0.117,312324.0,0.09,0.97
问题3,HEFT列表调度,1.252,100,31.33,10.83,0.117,312324.0,0.1,0.97
问题3,KL图划分,1.253,100,31.32,10.03,0.13,310920.0,4.04,0.13
问题3,随机搜索,2.813,9,0.77,0.47,0.066,218283.0,3.17,0.0
问题3,同核驻留复用(题面),4.176,2,1.62,1.62,0.0,373312.0,0.02,0.0
问题3,共享输入聚合(题面),1.316,100,32.88,10.39,0.113,286866.0,0.11,0.84
问题3,管道均衡切分(题面),1.37,100,37.02,7.94,0.106,271969.0,12.12,0.0
问题3,合并贪心(题面),1.2,37,5.17,0.39,0.095,161099.0,5.3,0.0
问题3,遗传算法,2.4727,92,(sp-only),,,,,
问题3,本文方法,4.3011,100,见problem*_results,,见problem3,,~120,
