问题,算法,均值加速比,样本数,本文方法,相对本文
问题1,拓扑等分,1.0672,396,3.6174,29.5%
问题1,贪心负载均衡,1.0875,317,3.6174,30.1%
问题1,HEFT列表调度,1.0907,321,3.6174,30.2%
问题1,KL图划分,1.1261,388,3.6174,31.1%
问题1,遗传算法,2.0842,9,3.6174,57.6%
问题1,随机搜索,1.896,100,3.6174,52.4%
问题1,同核驻留复用(题面方向六),3.0339,22,3.6174,83.9%
问题1,本文方法,3.6174,100,3.6174,100%
问题2,拓扑等分,1.2046,404,4.2292,28.5%
问题2,贪心负载均衡,1.2341,325,4.2292,29.2%
问题2,HEFT列表调度,1.2341,325,4.2292,29.2%
问题2,KL图划分,1.242,388,4.2292,29.4%
问题2,遗传算法,2.4193,93,4.2292,57.2%
问题2,随机搜索,2.449,100,4.2292,57.9%
问题2,同核驻留复用(题面方向六),3.4385,22,4.2292,81.3%
问题2,共享输入聚合(题面),2.2452,100,4.2292,53.1%
问题2,管道均衡切分(题面),1.3407,100,4.2292,31.7%
问题2,合并贪心(题面),1.351,100,4.2292,31.9%
问题2,本文方法,4.2292,100,4.2292,100%
问题3,拓扑等分,1.2159,403,4.3011,28.3%
问题3,贪心负载均衡,1.2457,325,4.3011,29.0%
问题3,HEFT列表调度,1.2457,325,4.3011,29.0%
问题3,KL图划分,1.2549,385,4.3011,29.2%
问题3,遗传算法,2.4727,92,4.3011,57.5%
问题3,随机搜索,2.5036,100,4.3011,58.2%
问题3,同核驻留复用(题面方向六),3.6546,22,4.3011,85.0%
问题3,共享输入聚合(题面),2.288,100,4.3011,53.2%
问题3,管道均衡切分(题面),1.3696,100,4.3011,31.8%
问题3,合并贪心(题面),1.2005,37,4.3011,27.9%
问题3,本文方法,4.3011,100,4.3011,100%
