问题,算法,族,均值加速比,样本数,均值额外搬运MB,均值spillMB,均值Cache命中率(q3),均值求解时间s,fallback率,本文方法,相对本文%
问题1,拓扑等分,经典,1.0566,100,32.23,7.73,,0.04,0,3.6174,29.2%
问题1,贪心负载均衡,经典,1.0865,100,32.19,7.6,,0.07,97/100,3.6174,30.0%
问题1,HEFT列表调度,经典,1.0865,100,32.19,7.6,,0.1,97/100,3.6174,30.0%
问题1,KL图划分,经典,1.1124,100,32.37,7.54,,3.48,13/100,3.6174,30.8%
问题1,遗传算法,经典,1.8708,93,,,,69.27,0,3.6174,51.7%
问题1,随机搜索,新增,1.896,100,3.22,0.0,,16.45,0,3.6174,52.4%
问题1,同核驻留复用,题面方向六,3.0339,22,6.03,0.0,,5.68,0,3.6174,83.9%
问题1,共享输入聚合,题面建议,1.102,100,,,,14.15,84/100,3.6174,30.5%
问题1,管道均衡切分,题面建议,1.0627,100,,,,15.78,0,3.6174,29.4%
问题1,合并贪心,题面建议,1.0692,100,,,,61.83,0,3.6174,29.6%
问题1,本文方法,—,3.6174,100,见problem结果表,,见problem3,~120(搜索),0,3.6174,100%
问题2,拓扑等分,经典,1.1982,100,31.53,9.9,,0.04,0,4.2292,28.3%
问题2,贪心负载均衡,经典,1.241,100,31.33,10.83,,0.1,97/100,4.2292,29.3%
问题2,HEFT列表调度,经典,1.241,100,31.33,10.83,,0.09,97/100,4.2292,29.3%
问题2,KL图划分,经典,1.2414,100,31.32,10.03,,3.97,13/100,4.2292,29.4%
问题2,遗传算法,经典,2.4193,93,,,,23.61,0,4.2292,57.2%
问题2,随机搜索,新增,2.449,100,0.77,0.47,,2.8,0,4.2292,57.9%
问题2,同核驻留复用,题面方向六,3.4385,22,1.62,1.62,,3.64,0,4.2292,81.3%
问题2,共享输入聚合,题面建议,1.3061,100,32.88,10.39,,0.1,84/100,4.2292,30.9%
问题2,管道均衡切分,题面建议,1.3407,100,37.02,7.94,,13.4,0,4.2292,31.7%
问题2,合并贪心,题面建议,1.351,100,36.25,7.17,,24.95,0,4.2292,31.9%
问题2,本文方法,—,4.2292,100,见problem结果表,,见problem3,~120(搜索),0,4.2292,100%
问题3,拓扑等分,经典,1.2094,100,31.53,9.9,0.1225,0.04,0,4.3011,28.1%
问题3,贪心负载均衡,经典,1.2524,100,31.33,10.83,0.1173,0.09,97/100,4.3011,29.1%
问题3,HEFT列表调度,经典,1.2524,100,31.33,10.83,0.1173,0.1,97/100,4.3011,29.1%
问题3,KL图划分,经典,1.2526,100,31.32,10.03,0.1304,4.04,13/100,4.3011,29.1%
问题3,遗传算法,经典,2.4727,92,,,,20.42,0,4.3011,57.5%
问题3,随机搜索,新增,2.5036,100,0.77,0.47,0.0658,2.95,0,4.3011,58.2%
问题3,同核驻留复用,题面方向六,3.6546,22,1.62,1.62,0.0,3.5,0,4.3011,85.0%
问题3,共享输入聚合,题面建议,1.3157,100,32.88,10.39,0.1128,0.11,84/100,4.3011,30.6%
问题3,管道均衡切分,题面建议,1.3696,100,37.02,7.94,0.1064,12.12,0,4.3011,31.8%
问题3,合并贪心,题面建议,1.3797,100,5.17,0.39,0.0952,16.71,0,4.3011,32.1%
问题3,本文方法,—,4.3011,100,见problem结果表,,见problem3,~120(搜索),0,4.3011,100%
