case,ver,core,op_id,op,pipe,start,end,duration,mk
case_008,pre,0,1000002697,COPY_IN,PIPE_MTE2,0,515,515,100603
case_008,pre,0,1000002699,COPY_IN,PIPE_MTE2,515,1030,515,100603
case_008,pre,0,1036,MATMUL,PIPE_M,1030,2188,1158,100603
case_008,pre,0,1000002703,COPY_IN,PIPE_MTE2,1030,1035,5,100603
case_008,pre,0,1000002701,COPY_IN,PIPE_MTE2,1035,1550,515,100603
case_008,pre,0,1000002707,COPY_IN,PIPE_MTE2,1550,2065,515,100603
case_008,pre,0,1000002709,COPY_IN,PIPE_MTE2,2065,2580,515,100603
case_008,pre,0,1038,DIV,PIPE_V,2188,2770,582,100603
case_008,pre,0,1000002713,COPY_IN,PIPE_MTE2,2580,2585,5,100603
case_008,pre,0,1000002711,COPY_IN,PIPE_MTE2,2585,3100,515,100603
case_008,pre,0,1039,REDUCE,PIPE_V,2770,2920,150,100603
case_008,pre,0,1040,SUB,PIPE_V,2920,3070,150,100603
case_008,pre,0,1041,EXP,PIPE_V,3070,3652,582,100603
case_008,pre,0,1000002717,COPY_IN,PIPE_MTE2,3100,3615,515,100603
case_008,pre,0,1000002719,COPY_IN,PIPE_MTE2,3615,4130,515,100603
case_008,pre,0,1042,REDUCE,PIPE_V,3652,3802,150,100603
case_008,pre,0,1043,DIV,PIPE_V,3802,4384,582,100603
case_008,pre,0,1000002723,COPY_IN,PIPE_MTE2,4130,4135,5,100603
case_008,pre,0,1000002721,COPY_IN,PIPE_MTE2,4135,4650,515,100603
case_008,pre,0,1044,MATMUL,PIPE_M,4384,5542,1158,100603
case_008,pre,0,1000002727,COPY_IN,PIPE_MTE2,4650,5165,515,100603
case_008,pre,0,1000002729,COPY_IN,PIPE_MTE2,5165,5818,653,100603
case_008,pre,0,1048,MATMUL,PIPE_M,5542,6700,1158,100603
case_008,pre,0,1000002705,COPY_OUT,PIPE_MTE3,5542,6195,653,100603
case_008,pre,0,1050,DIV,PIPE_V,6700,7282,582,100603
case_008,pre,0,1051,REDUCE,PIPE_V,7282,7432,150,100603
case_008,pre,0,1052,SUB,PIPE_V,7432,7582,150,100603
case_008,pre,0,1053,EXP,PIPE_V,7582,8164,582,100603
case_008,pre,0,1000002733,COPY_IN,PIPE_MTE2,7582,7587,5,100603
case_008,pre,0,1000002731,COPY_IN,PIPE_MTE2,7587,8102,515,100603
case_008,pre,0,1000002737,COPY_IN,PIPE_MTE2,8102,8617,515,100603
case_008,pre,0,1054,REDUCE,PIPE_V,8164,8314,150,100603
case_008,pre,0,1055,DIV,PIPE_V,8314,8896,582,100603
case_008,pre,0,1000002739,COPY_IN,PIPE_MTE2,8617,9132,515,100603
case_008,pre,0,1056,MATMUL,PIPE_M,8896,10054,1158,100603
case_008,pre,0,1060,MATMUL,PIPE_M,10054,11212,1158,100603
case_008,pre,0,1000002715,COPY_OUT,PIPE_MTE3,10054,10569,515,100603
case_008,pre,0,1062,DIV,PIPE_V,11212,11794,582,100603
case_008,pre,0,1063,REDUCE,PIPE_V,11794,11944,150,100603
case_008,pre,0,1064,SUB,PIPE_V,11944,12094,150,100603
case_008,pre,0,1065,EXP,PIPE_V,12094,12676,582,100603
case_008,pre,0,1000002743,COPY_IN,PIPE_MTE2,12094,12099,5,100603
case_008,pre,0,1000002741,COPY_IN,PIPE_MTE2,12099,12614,515,100603
case_008,pre,0,1000002747,COPY_IN,PIPE_MTE2,12614,13129,515,100603
case_008,pre,0,1066,REDUCE,PIPE_V,12676,12826,150,100603
case_008,pre,0,1067,DIV,PIPE_V,12826,13408,582,100603
case_008,pre,0,1000002749,COPY_IN,PIPE_MTE2,13129,13644,515,100603
case_008,pre,0,1068,MATMUL,PIPE_M,13408,14566,1158,100603
case_008,pre,0,1072,MATMUL,PIPE_M,14566,15724,1158,100603
case_008,pre,0,1000002725,COPY_OUT,PIPE_MTE3,14566,15081,515,100603
case_008,pre,0,1074,DIV,PIPE_V,15724,16306,582,100603
case_008,pre,0,1075,REDUCE,PIPE_V,16306,16456,150,100603
case_008,pre,0,1076,SUB,PIPE_V,16456,16606,150,100603
case_008,pre,0,1077,EXP,PIPE_V,16606,17188,582,100603
case_008,pre,0,1000002753,COPY_IN,PIPE_MTE2,16606,16611,5,100603
case_008,pre,0,1000002751,COPY_IN,PIPE_MTE2,16611,17126,515,100603
case_008,pre,0,1000002757,COPY_IN,PIPE_MTE2,17126,17641,515,100603
case_008,pre,0,1078,REDUCE,PIPE_V,17188,17338,150,100603
case_008,pre,0,1079,DIV,PIPE_V,17338,17920,582,100603
case_008,pre,0,1000002759,COPY_IN,PIPE_MTE2,17641,18156,515,100603
case_008,pre,0,1080,MATMUL,PIPE_M,17920,19078,1158,100603
case_008,pre,0,1084,MATMUL,PIPE_M,19078,20236,1158,100603
case_008,pre,0,1000002735,COPY_OUT,PIPE_MTE3,19078,19593,515,100603
case_008,pre,0,1086,DIV,PIPE_V,20236,20818,582,100603
case_008,pre,0,1087,REDUCE,PIPE_V,20818,20968,150,100603
case_008,pre,0,1088,SUB,PIPE_V,20968,21118,150,100603
case_008,pre,0,1089,EXP,PIPE_V,21118,21700,582,100603
case_008,pre,0,1000002763,COPY_IN,PIPE_MTE2,21118,21123,5,100603
case_008,pre,0,1000002761,COPY_IN,PIPE_MTE2,21123,21638,515,100603
case_008,pre,0,1000002767,COPY_IN,PIPE_MTE2,21638,22153,515,100603
case_008,pre,0,1090,REDUCE,PIPE_V,21700,21850,150,100603
case_008,pre,0,1091,DIV,PIPE_V,21850,22432,582,100603
case_008,pre,0,1000002769,COPY_IN,PIPE_MTE2,22153,22668,515,100603
case_008,pre,0,1092,MATMUL,PIPE_M,22432,23590,1158,100603
case_008,pre,0,1096,MATMUL,PIPE_M,23590,24748,1158,100603
case_008,pre,0,1000002745,COPY_OUT,PIPE_MTE3,23590,24105,515,100603
case_008,pre,0,1098,DIV,PIPE_V,24748,25330,582,100603
case_008,pre,0,1099,REDUCE,PIPE_V,25330,25480,150,100603
case_008,pre,0,1100,SUB,PIPE_V,25480,25630,150,100603
case_008,pre,0,1101,EXP,PIPE_V,25630,26212,582,100603
case_008,pre,0,1000002773,COPY_IN,PIPE_MTE2,25630,25635,5,100603
case_008,pre,0,1000002771,COPY_IN,PIPE_MTE2,25635,26150,515,100603
case_008,pre,0,1000002777,COPY_IN,PIPE_MTE2,26150,26665,515,100603
case_008,pre,0,1102,REDUCE,PIPE_V,26212,26362,150,100603
case_008,pre,0,1103,DIV,PIPE_V,26362,26944,582,100603
case_008,pre,0,1000002779,COPY_IN,PIPE_MTE2,26665,27180,515,100603
case_008,pre,0,1104,MATMUL,PIPE_M,26944,28102,1158,100603
case_008,pre,0,1108,MATMUL,PIPE_M,28102,29260,1158,100603
case_008,pre,0,1000002755,COPY_OUT,PIPE_MTE3,28102,28617,515,100603
case_008,pre,0,1110,DIV,PIPE_V,29260,29842,582,100603
case_008,pre,0,1111,REDUCE,PIPE_V,29842,29992,150,100603
case_008,pre,0,1112,SUB,PIPE_V,29992,30142,150,100603
case_008,pre,0,1113,EXP,PIPE_V,30142,30724,582,100603
case_008,pre,0,1000002783,COPY_IN,PIPE_MTE2,30142,30147,5,100603
case_008,pre,0,1000002781,COPY_IN,PIPE_MTE2,30147,30662,515,100603
case_008,pre,0,1000002787,COPY_IN,PIPE_MTE2,30662,31177,515,100603
case_008,pre,0,1114,REDUCE,PIPE_V,30724,30874,150,100603
case_008,pre,0,1115,DIV,PIPE_V,30874,31456,582,100603
case_008,pre,0,1000002789,COPY_IN,PIPE_MTE2,31177,31692,515,100603
case_008,pre,0,1116,MATMUL,PIPE_M,31456,32614,1158,100603
case_008,pre,0,1120,MATMUL,PIPE_M,32614,33772,1158,100603
case_008,pre,0,1000002765,COPY_OUT,PIPE_MTE3,32614,33129,515,100603
case_008,pre,0,1122,DIV,PIPE_V,33772,34354,582,100603
case_008,pre,0,1123,REDUCE,PIPE_V,34354,34504,150,100603
case_008,pre,0,1124,SUB,PIPE_V,34504,34654,150,100603
case_008,pre,0,1125,EXP,PIPE_V,34654,35236,582,100603
case_008,pre,0,1000002793,COPY_IN,PIPE_MTE2,34654,34659,5,100603
case_008,pre,0,1000002791,COPY_IN,PIPE_MTE2,34659,35174,515,100603
case_008,pre,0,1000002797,COPY_IN,PIPE_MTE2,35174,35689,515,100603
case_008,pre,0,1126,REDUCE,PIPE_V,35236,35386,150,100603
case_008,pre,0,1127,DIV,PIPE_V,35386,35968,582,100603
case_008,pre,0,1000002799,COPY_IN,PIPE_MTE2,35689,36204,515,100603
case_008,pre,0,1128,MATMUL,PIPE_M,35968,37126,1158,100603
case_008,pre,0,1132,MATMUL,PIPE_M,37126,38284,1158,100603
case_008,pre,0,1000002775,COPY_OUT,PIPE_MTE3,37126,37641,515,100603
case_008,pre,0,1134,DIV,PIPE_V,38284,38866,582,100603
case_008,pre,0,1135,REDUCE,PIPE_V,38866,39016,150,100603
case_008,pre,0,1136,SUB,PIPE_V,39016,39166,150,100603
case_008,pre,0,1137,EXP,PIPE_V,39166,39748,582,100603
case_008,pre,0,1000002803,COPY_IN,PIPE_MTE2,39166,39171,5,100603
case_008,pre,0,1000002801,COPY_IN,PIPE_MTE2,39171,39686,515,100603
case_008,pre,0,1000002807,COPY_IN,PIPE_MTE2,39686,40201,515,100603
case_008,pre,0,1138,REDUCE,PIPE_V,39748,39898,150,100603
case_008,pre,0,1139,DIV,PIPE_V,39898,40480,582,100603
case_008,pre,0,1000002809,COPY_IN,PIPE_MTE2,40201,40716,515,100603
case_008,pre,0,1140,MATMUL,PIPE_M,40480,41638,1158,100603
case_008,pre,0,1144,MATMUL,PIPE_M,41638,42796,1158,100603
case_008,pre,0,1000002785,COPY_OUT,PIPE_MTE3,41638,42153,515,100603
case_008,pre,0,1146,DIV,PIPE_V,42796,43378,582,100603
case_008,pre,0,1147,REDUCE,PIPE_V,43378,43528,150,100603
case_008,pre,0,1148,SUB,PIPE_V,43528,43678,150,100603
case_008,pre,0,1149,EXP,PIPE_V,43678,44260,582,100603
case_008,pre,0,1000002813,COPY_IN,PIPE_MTE2,43678,43683,5,100603
case_008,pre,0,1000002811,COPY_IN,PIPE_MTE2,43683,44198,515,100603
case_008,pre,0,1000002817,COPY_IN,PIPE_MTE2,44198,44713,515,100603
case_008,pre,0,1150,REDUCE,PIPE_V,44260,44410,150,100603
case_008,pre,0,1151,DIV,PIPE_V,44410,44992,582,100603
case_008,pre,0,1000002819,COPY_IN,PIPE_MTE2,44713,45228,515,100603
case_008,pre,0,1152,MATMUL,PIPE_M,44992,46150,1158,100603
case_008,pre,0,1156,MATMUL,PIPE_M,46150,47308,1158,100603
case_008,pre,0,1000002795,COPY_OUT,PIPE_MTE3,46150,46665,515,100603
case_008,pre,0,1158,DIV,PIPE_V,47308,47890,582,100603
case_008,pre,0,1159,REDUCE,PIPE_V,47890,48040,150,100603
case_008,pre,0,1160,SUB,PIPE_V,48040,48190,150,100603
case_008,pre,0,1161,EXP,PIPE_V,48190,48772,582,100603
case_008,pre,0,1000002823,COPY_IN,PIPE_MTE2,48190,48195,5,100603
case_008,pre,0,1000002821,COPY_IN,PIPE_MTE2,48195,48710,515,100603
case_008,pre,0,1000002827,COPY_IN,PIPE_MTE2,48710,49225,515,100603
case_008,pre,0,1162,REDUCE,PIPE_V,48772,48922,150,100603
case_008,pre,0,1163,DIV,PIPE_V,48922,49504,582,100603
case_008,pre,0,1000002829,COPY_IN,PIPE_MTE2,49225,49740,515,100603
case_008,pre,0,1164,MATMUL,PIPE_M,49504,50662,1158,100603
case_008,pre,0,1168,MATMUL,PIPE_M,50662,51820,1158,100603
case_008,pre,0,1000002805,COPY_OUT,PIPE_MTE3,50662,51177,515,100603
case_008,pre,0,1170,DIV,PIPE_V,51820,52402,582,100603
case_008,pre,0,1171,REDUCE,PIPE_V,52402,52552,150,100603
case_008,pre,0,1172,SUB,PIPE_V,52552,52702,150,100603
case_008,pre,0,1173,EXP,PIPE_V,52702,53284,582,100603
case_008,pre,0,1000002833,COPY_IN,PIPE_MTE2,52702,52707,5,100603
case_008,pre,0,1000002831,COPY_IN,PIPE_MTE2,52707,53222,515,100603
case_008,pre,0,1000002837,COPY_IN,PIPE_MTE2,53222,53737,515,100603
case_008,pre,0,1174,REDUCE,PIPE_V,53284,53434,150,100603
case_008,pre,0,1175,DIV,PIPE_V,53434,54016,582,100603
case_008,pre,0,1000002839,COPY_IN,PIPE_MTE2,53737,54252,515,100603
case_008,pre,0,1176,MATMUL,PIPE_M,54016,55174,1158,100603
case_008,pre,0,1180,MATMUL,PIPE_M,55174,56332,1158,100603
case_008,pre,0,1000002815,COPY_OUT,PIPE_MTE3,55174,55689,515,100603
case_008,pre,0,1182,DIV,PIPE_V,56332,56914,582,100603
case_008,pre,0,1183,REDUCE,PIPE_V,56914,57064,150,100603
case_008,pre,0,1184,SUB,PIPE_V,57064,57214,150,100603
case_008,pre,0,1185,EXP,PIPE_V,57214,57796,582,100603
case_008,pre,0,1000002843,COPY_IN,PIPE_MTE2,57214,57219,5,100603
case_008,pre,0,1000002841,COPY_IN,PIPE_MTE2,57219,57734,515,100603
case_008,pre,0,1000002847,COPY_IN,PIPE_MTE2,57734,58249,515,100603
case_008,pre,0,1186,REDUCE,PIPE_V,57796,57946,150,100603
case_008,pre,0,1187,DIV,PIPE_V,57946,58528,582,100603
case_008,pre,0,1000002849,COPY_IN,PIPE_MTE2,58249,58764,515,100603
case_008,pre,0,1188,MATMUL,PIPE_M,58528,59686,1158,100603
case_008,pre,0,1192,MATMUL,PIPE_M,59686,60844,1158,100603
case_008,pre,0,1000002825,COPY_OUT,PIPE_MTE3,59686,60201,515,100603
case_008,pre,0,1194,DIV,PIPE_V,60844,61426,582,100603
case_008,pre,0,1195,REDUCE,PIPE_V,61426,61576,150,100603
case_008,pre,0,1196,SUB,PIPE_V,61576,61726,150,100603
case_008,pre,0,1197,EXP,PIPE_V,61726,62308,582,100603
case_008,pre,0,1000002853,COPY_IN,PIPE_MTE2,61726,61731,5,100603
case_008,pre,0,1000002851,COPY_IN,PIPE_MTE2,61731,62246,515,100603
case_008,pre,0,1000002857,COPY_IN,PIPE_MTE2,62246,62761,515,100603
case_008,pre,0,1198,REDUCE,PIPE_V,62308,62458,150,100603
case_008,pre,0,1199,DIV,PIPE_V,62458,63040,582,100603
case_008,pre,0,1000002859,COPY_IN,PIPE_MTE2,62761,63276,515,100603
case_008,pre,0,1200,MATMUL,PIPE_M,63040,64198,1158,100603
case_008,pre,0,1204,MATMUL,PIPE_M,64198,65356,1158,100603
case_008,pre,0,1000002835,COPY_OUT,PIPE_MTE3,64198,64713,515,100603
case_008,pre,0,1206,DIV,PIPE_V,65356,65938,582,100603
case_008,pre,0,1207,REDUCE,PIPE_V,65938,66088,150,100603
case_008,pre,0,1208,SUB,PIPE_V,66088,66238,150,100603
case_008,pre,0,1209,EXP,PIPE_V,66238,66820,582,100603
case_008,pre,0,1000002863,COPY_IN,PIPE_MTE2,66238,66243,5,100603
case_008,pre,0,1000002861,COPY_IN,PIPE_MTE2,66243,66758,515,100603
case_008,pre,0,1000002867,COPY_IN,PIPE_MTE2,66758,67273,515,100603
case_008,pre,0,1210,REDUCE,PIPE_V,66820,66970,150,100603
case_008,pre,0,1211,DIV,PIPE_V,66970,67552,582,100603
case_008,pre,0,1000002869,COPY_IN,PIPE_MTE2,67273,67788,515,100603
case_008,pre,0,1212,MATMUL,PIPE_M,67552,68710,1158,100603
case_008,pre,0,1216,MATMUL,PIPE_M,68710,69868,1158,100603
case_008,pre,0,1000002845,COPY_OUT,PIPE_MTE3,68710,69225,515,100603
case_008,pre,0,1218,DIV,PIPE_V,69868,70450,582,100603
case_008,pre,0,1219,REDUCE,PIPE_V,70450,70600,150,100603
case_008,pre,0,1220,SUB,PIPE_V,70600,70750,150,100603
case_008,pre,0,1221,EXP,PIPE_V,70750,71332,582,100603
case_008,pre,0,1000002873,COPY_IN,PIPE_MTE2,70750,70755,5,100603
case_008,pre,0,1000002871,COPY_IN,PIPE_MTE2,70755,71270,515,100603
case_008,pre,0,1000002877,COPY_IN,PIPE_MTE2,71270,71785,515,100603
case_008,pre,0,1222,REDUCE,PIPE_V,71332,71482,150,100603
case_008,pre,0,1223,DIV,PIPE_V,71482,72064,582,100603
case_008,pre,0,1000002879,COPY_IN,PIPE_MTE2,71785,72300,515,100603
case_008,pre,0,1224,MATMUL,PIPE_M,72064,73222,1158,100603
case_008,pre,0,1228,MATMUL,PIPE_M,73222,74380,1158,100603
case_008,pre,0,1000002855,COPY_OUT,PIPE_MTE3,73222,73737,515,100603
case_008,pre,0,1230,DIV,PIPE_V,74380,74962,582,100603
case_008,pre,0,1231,REDUCE,PIPE_V,74962,75112,150,100603
case_008,pre,0,1232,SUB,PIPE_V,75112,75262,150,100603
case_008,pre,0,1233,EXP,PIPE_V,75262,75844,582,100603
case_008,pre,0,1000002883,COPY_IN,PIPE_MTE2,75262,75267,5,100603
case_008,pre,0,1000002881,COPY_IN,PIPE_MTE2,75267,75782,515,100603
case_008,pre,0,1000002887,COPY_IN,PIPE_MTE2,75782,76297,515,100603
case_008,pre,0,1234,REDUCE,PIPE_V,75844,75994,150,100603
case_008,pre,0,1235,DIV,PIPE_V,75994,76576,582,100603
case_008,pre,0,1000002889,COPY_IN,PIPE_MTE2,76297,76812,515,100603
case_008,pre,0,1236,MATMUL,PIPE_M,76576,77734,1158,100603
case_008,pre,0,1240,MATMUL,PIPE_M,77734,78892,1158,100603
case_008,pre,0,1000002865,COPY_OUT,PIPE_MTE3,77734,78249,515,100603
case_008,pre,0,1242,DIV,PIPE_V,78892,79474,582,100603
case_008,pre,0,1243,REDUCE,PIPE_V,79474,79624,150,100603
case_008,pre,0,1244,SUB,PIPE_V,79624,79774,150,100603
case_008,pre,0,1245,EXP,PIPE_V,79774,80356,582,100603
case_008,pre,0,1000002893,COPY_IN,PIPE_MTE2,79774,79779,5,100603
case_008,pre,0,1000002891,COPY_IN,PIPE_MTE2,79779,80294,515,100603
case_008,pre,0,1000002897,COPY_IN,PIPE_MTE2,80294,80809,515,100603
case_008,pre,0,1246,REDUCE,PIPE_V,80356,80506,150,100603
case_008,pre,0,1247,DIV,PIPE_V,80506,81088,582,100603
case_008,pre,0,1000002899,COPY_IN,PIPE_MTE2,80809,81324,515,100603
case_008,pre,0,1248,MATMUL,PIPE_M,81088,82246,1158,100603
case_008,pre,0,1252,MATMUL,PIPE_M,82246,83404,1158,100603
case_008,pre,0,1000002875,COPY_OUT,PIPE_MTE3,82246,82761,515,100603
case_008,pre,0,1254,DIV,PIPE_V,83404,83986,582,100603
case_008,pre,0,1255,REDUCE,PIPE_V,83986,84136,150,100603
case_008,pre,0,1256,SUB,PIPE_V,84136,84286,150,100603
case_008,pre,0,1257,EXP,PIPE_V,84286,84868,582,100603
case_008,pre,0,1000002903,COPY_IN,PIPE_MTE2,84286,84291,5,100603
case_008,pre,0,1000002901,COPY_IN,PIPE_MTE2,84291,84806,515,100603
case_008,pre,0,1000002907,COPY_IN,PIPE_MTE2,84806,85115,309,100603
case_008,pre,0,1258,REDUCE,PIPE_V,84868,85018,150,100603
case_008,pre,0,1259,DIV,PIPE_V,85018,85600,582,100603
case_008,pre,0,1000002909,COPY_IN,PIPE_MTE2,85115,85424,309,100603
case_008,pre,0,1260,MATMUL,PIPE_M,85600,86758,1158,100603
case_008,pre,0,1264,MATMUL,PIPE_M,86758,87916,1158,100603
case_008,pre,0,1000002885,COPY_OUT,PIPE_MTE3,86758,87273,515,100603
case_008,pre,0,1266,DIV,PIPE_V,87916,88498,582,100603
case_008,pre,0,1267,REDUCE,PIPE_V,88498,88648,150,100603
case_008,pre,0,1268,SUB,PIPE_V,88648,88798,150,100603
case_008,pre,0,1269,EXP,PIPE_V,88798,89380,582,100603
case_008,pre,0,1000002913,COPY_IN,PIPE_MTE2,88798,88801,3,100603
case_008,pre,0,1000002911,COPY_IN,PIPE_MTE2,88801,89110,309,100603
case_008,pre,0,1270,REDUCE,PIPE_V,89380,89530,150,100603
case_008,pre,0,1271,DIV,PIPE_V,89530,90112,582,100603
case_008,pre,0,1272,MATMUL,PIPE_M,90112,91270,1158,100603
case_008,pre,0,1276,MATMUL,PIPE_M,91270,92428,1158,100603
case_008,pre,0,1000002895,COPY_OUT,PIPE_MTE3,91270,91785,515,100603
case_008,pre,0,1278,DIV,PIPE_V,92428,93010,582,100603
case_008,pre,0,1279,REDUCE,PIPE_V,93010,93160,150,100603
case_008,pre,0,1280,SUB,PIPE_V,93160,93310,150,100603
case_008,pre,0,1281,EXP,PIPE_V,93310,93892,582,100603
case_008,pre,0,1282,REDUCE,PIPE_V,93892,94042,150,100603
case_008,pre,0,1283,DIV,PIPE_V,94042,94624,582,100603
case_008,pre,0,1284,MATMUL,PIPE_M,94624,95782,1158,100603
case_008,pre,0,1288,MATMUL,PIPE_M,95782,96940,1158,100603
case_008,pre,0,1000002905,COPY_OUT,PIPE_MTE3,95782,96297,515,100603
case_008,pre,0,1290,DIV,PIPE_V,96940,97522,582,100603
case_008,pre,0,1291,REDUCE,PIPE_V,97522,97672,150,100603
case_008,pre,0,1292,SUB,PIPE_V,97672,97822,150,100603
case_008,pre,0,1293,EXP,PIPE_V,97822,98404,582,100603
case_008,pre,0,1294,REDUCE,PIPE_V,98404,98554,150,100603
case_008,pre,0,1295,DIV,PIPE_V,98554,99136,582,100603
case_008,pre,0,1296,MATMUL,PIPE_M,99136,100294,1158,100603
case_008,pre,0,1000002915,COPY_OUT,PIPE_MTE3,100294,100603,309,100603
case_008,pre,1,1000002477,COPY_IN,PIPE_MTE2,0,515,515,100603
case_008,pre,1,1000002479,COPY_IN,PIPE_MTE2,515,1030,515,100603
case_008,pre,1,772,MATMUL,PIPE_M,1030,2188,1158,100603
case_008,pre,1,1000002483,COPY_IN,PIPE_MTE2,1030,1035,5,100603
case_008,pre,1,1000002481,COPY_IN,PIPE_MTE2,1035,1550,515,100603
case_008,pre,1,1000002487,COPY_IN,PIPE_MTE2,1550,2065,515,100603
case_008,pre,1,1000002489,COPY_IN,PIPE_MTE2,2065,2580,515,100603
case_008,pre,1,774,DIV,PIPE_V,2188,2770,582,100603
case_008,pre,1,1000002493,COPY_IN,PIPE_MTE2,2580,2585,5,100603
case_008,pre,1,1000002491,COPY_IN,PIPE_MTE2,2585,3100,515,100603
case_008,pre,1,775,REDUCE,PIPE_V,2770,2920,150,100603
case_008,pre,1,776,SUB,PIPE_V,2920,3070,150,100603
case_008,pre,1,777,EXP,PIPE_V,3070,3652,582,100603
case_008,pre,1,1000002497,COPY_IN,PIPE_MTE2,3100,3615,515,100603
case_008,pre,1,1000002499,COPY_IN,PIPE_MTE2,3615,4130,515,100603
case_008,pre,1,778,REDUCE,PIPE_V,3652,3802,150,100603
case_008,pre,1,779,DIV,PIPE_V,3802,4384,582,100603
case_008,pre,1,1000002503,COPY_IN,PIPE_MTE2,4130,4135,5,100603
case_008,pre,1,1000002501,COPY_IN,PIPE_MTE2,4135,4650,515,100603
case_008,pre,1,780,MATMUL,PIPE_M,4384,5542,1158,100603
case_008,pre,1,1000002507,COPY_IN,PIPE_MTE2,4650,5165,515,100603
case_008,pre,1,1000002509,COPY_IN,PIPE_MTE2,5165,5818,653,100603
case_008,pre,1,784,MATMUL,PIPE_M,5542,6700,1158,100603
case_008,pre,1,1000002485,COPY_OUT,PIPE_MTE3,5542,6195,653,100603
case_008,pre,1,786,DIV,PIPE_V,6700,7282,582,100603
case_008,pre,1,787,REDUCE,PIPE_V,7282,7432,150,100603
case_008,pre,1,788,SUB,PIPE_V,7432,7582,150,100603
case_008,pre,1,789,EXP,PIPE_V,7582,8164,582,100603
case_008,pre,1,1000002513,COPY_IN,PIPE_MTE2,7582,7587,5,100603
case_008,pre,1,1000002511,COPY_IN,PIPE_MTE2,7587,8102,515,100603
case_008,pre,1,1000002517,COPY_IN,PIPE_MTE2,8102,8617,515,100603
case_008,pre,1,790,REDUCE,PIPE_V,8164,8314,150,100603
case_008,pre,1,791,DIV,PIPE_V,8314,8896,582,100603
case_008,pre,1,1000002519,COPY_IN,PIPE_MTE2,8617,9132,515,100603
case_008,pre,1,792,MATMUL,PIPE_M,8896,10054,1158,100603
case_008,pre,1,796,MATMUL,PIPE_M,10054,11212,1158,100603
case_008,pre,1,1000002495,COPY_OUT,PIPE_MTE3,10054,10569,515,100603
case_008,pre,1,798,DIV,PIPE_V,11212,11794,582,100603
case_008,pre,1,799,REDUCE,PIPE_V,11794,11944,150,100603
case_008,pre,1,800,SUB,PIPE_V,11944,12094,150,100603
case_008,pre,1,801,EXP,PIPE_V,12094,12676,582,100603
case_008,pre,1,1000002523,COPY_IN,PIPE_MTE2,12094,12099,5,100603
case_008,pre,1,1000002521,COPY_IN,PIPE_MTE2,12099,12614,515,100603
case_008,pre,1,1000002527,COPY_IN,PIPE_MTE2,12614,13129,515,100603
case_008,pre,1,802,REDUCE,PIPE_V,12676,12826,150,100603
case_008,pre,1,803,DIV,PIPE_V,12826,13408,582,100603
case_008,pre,1,1000002529,COPY_IN,PIPE_MTE2,13129,13644,515,100603
case_008,pre,1,804,MATMUL,PIPE_M,13408,14566,1158,100603
case_008,pre,1,808,MATMUL,PIPE_M,14566,15724,1158,100603
case_008,pre,1,1000002505,COPY_OUT,PIPE_MTE3,14566,15081,515,100603
case_008,pre,1,810,DIV,PIPE_V,15724,16306,582,100603
case_008,pre,1,811,REDUCE,PIPE_V,16306,16456,150,100603
case_008,pre,1,812,SUB,PIPE_V,16456,16606,150,100603
case_008,pre,1,813,EXP,PIPE_V,16606,17188,582,100603
case_008,pre,1,1000002533,COPY_IN,PIPE_MTE2,16606,16611,5,100603
case_008,pre,1,1000002531,COPY_IN,PIPE_MTE2,16611,17126,515,100603
case_008,pre,1,1000002537,COPY_IN,PIPE_MTE2,17126,17641,515,100603
case_008,pre,1,814,REDUCE,PIPE_V,17188,17338,150,100603
case_008,pre,1,815,DIV,PIPE_V,17338,17920,582,100603
case_008,pre,1,1000002539,COPY_IN,PIPE_MTE2,17641,18156,515,100603
case_008,pre,1,816,MATMUL,PIPE_M,17920,19078,1158,100603
case_008,pre,1,820,MATMUL,PIPE_M,19078,20236,1158,100603
case_008,pre,1,1000002515,COPY_OUT,PIPE_MTE3,19078,19593,515,100603
case_008,pre,1,822,DIV,PIPE_V,20236,20818,582,100603
case_008,pre,1,823,REDUCE,PIPE_V,20818,20968,150,100603
case_008,pre,1,824,SUB,PIPE_V,20968,21118,150,100603
case_008,pre,1,825,EXP,PIPE_V,21118,21700,582,100603
case_008,pre,1,1000002543,COPY_IN,PIPE_MTE2,21118,21123,5,100603
case_008,pre,1,1000002541,COPY_IN,PIPE_MTE2,21123,21638,515,100603
case_008,pre,1,1000002547,COPY_IN,PIPE_MTE2,21638,22153,515,100603
case_008,pre,1,826,REDUCE,PIPE_V,21700,21850,150,100603
case_008,pre,1,827,DIV,PIPE_V,21850,22432,582,100603
case_008,pre,1,1000002549,COPY_IN,PIPE_MTE2,22153,22668,515,100603
case_008,pre,1,828,MATMUL,PIPE_M,22432,23590,1158,100603
case_008,pre,1,832,MATMUL,PIPE_M,23590,24748,1158,100603
case_008,pre,1,1000002525,COPY_OUT,PIPE_MTE3,23590,24105,515,100603
case_008,pre,1,834,DIV,PIPE_V,24748,25330,582,100603
case_008,pre,1,835,REDUCE,PIPE_V,25330,25480,150,100603
case_008,pre,1,836,SUB,PIPE_V,25480,25630,150,100603
case_008,pre,1,837,EXP,PIPE_V,25630,26212,582,100603
case_008,pre,1,1000002553,COPY_IN,PIPE_MTE2,25630,25635,5,100603
case_008,pre,1,1000002551,COPY_IN,PIPE_MTE2,25635,26150,515,100603
case_008,pre,1,1000002557,COPY_IN,PIPE_MTE2,26150,26665,515,100603
case_008,pre,1,838,REDUCE,PIPE_V,26212,26362,150,100603
case_008,pre,1,839,DIV,PIPE_V,26362,26944,582,100603
case_008,pre,1,1000002559,COPY_IN,PIPE_MTE2,26665,27180,515,100603
case_008,pre,1,840,MATMUL,PIPE_M,26944,28102,1158,100603
case_008,pre,1,844,MATMUL,PIPE_M,28102,29260,1158,100603
case_008,pre,1,1000002535,COPY_OUT,PIPE_MTE3,28102,28617,515,100603
case_008,pre,1,846,DIV,PIPE_V,29260,29842,582,100603
case_008,pre,1,847,REDUCE,PIPE_V,29842,29992,150,100603
case_008,pre,1,848,SUB,PIPE_V,29992,30142,150,100603
case_008,pre,1,849,EXP,PIPE_V,30142,30724,582,100603
case_008,pre,1,1000002563,COPY_IN,PIPE_MTE2,30142,30147,5,100603
case_008,pre,1,1000002561,COPY_IN,PIPE_MTE2,30147,30662,515,100603
case_008,pre,1,1000002567,COPY_IN,PIPE_MTE2,30662,31177,515,100603
case_008,pre,1,850,REDUCE,PIPE_V,30724,30874,150,100603
case_008,pre,1,851,DIV,PIPE_V,30874,31456,582,100603
case_008,pre,1,1000002569,COPY_IN,PIPE_MTE2,31177,31692,515,100603
case_008,pre,1,852,MATMUL,PIPE_M,31456,32614,1158,100603
case_008,pre,1,856,MATMUL,PIPE_M,32614,33772,1158,100603
case_008,pre,1,1000002545,COPY_OUT,PIPE_MTE3,32614,33129,515,100603
case_008,pre,1,858,DIV,PIPE_V,33772,34354,582,100603
case_008,pre,1,859,REDUCE,PIPE_V,34354,34504,150,100603
case_008,pre,1,860,SUB,PIPE_V,34504,34654,150,100603
case_008,pre,1,861,EXP,PIPE_V,34654,35236,582,100603
case_008,pre,1,1000002573,COPY_IN,PIPE_MTE2,34654,34659,5,100603
case_008,pre,1,1000002571,COPY_IN,PIPE_MTE2,34659,35174,515,100603
case_008,pre,1,1000002577,COPY_IN,PIPE_MTE2,35174,35689,515,100603
case_008,pre,1,862,REDUCE,PIPE_V,35236,35386,150,100603
case_008,pre,1,863,DIV,PIPE_V,35386,35968,582,100603
case_008,pre,1,1000002579,COPY_IN,PIPE_MTE2,35689,36204,515,100603
case_008,pre,1,864,MATMUL,PIPE_M,35968,37126,1158,100603
case_008,pre,1,868,MATMUL,PIPE_M,37126,38284,1158,100603
case_008,pre,1,1000002555,COPY_OUT,PIPE_MTE3,37126,37641,515,100603
case_008,pre,1,870,DIV,PIPE_V,38284,38866,582,100603
case_008,pre,1,871,REDUCE,PIPE_V,38866,39016,150,100603
case_008,pre,1,872,SUB,PIPE_V,39016,39166,150,100603
case_008,pre,1,873,EXP,PIPE_V,39166,39748,582,100603
case_008,pre,1,1000002583,COPY_IN,PIPE_MTE2,39166,39171,5,100603
case_008,pre,1,1000002581,COPY_IN,PIPE_MTE2,39171,39686,515,100603
case_008,pre,1,1000002587,COPY_IN,PIPE_MTE2,39686,40201,515,100603
case_008,pre,1,874,REDUCE,PIPE_V,39748,39898,150,100603
case_008,pre,1,875,DIV,PIPE_V,39898,40480,582,100603
case_008,pre,1,1000002589,COPY_IN,PIPE_MTE2,40201,40716,515,100603
case_008,pre,1,876,MATMUL,PIPE_M,40480,41638,1158,100603
case_008,pre,1,880,MATMUL,PIPE_M,41638,42796,1158,100603
case_008,pre,1,1000002565,COPY_OUT,PIPE_MTE3,41638,42153,515,100603
case_008,pre,1,882,DIV,PIPE_V,42796,43378,582,100603
case_008,pre,1,883,REDUCE,PIPE_V,43378,43528,150,100603
case_008,pre,1,884,SUB,PIPE_V,43528,43678,150,100603
case_008,pre,1,885,EXP,PIPE_V,43678,44260,582,100603
case_008,pre,1,1000002593,COPY_IN,PIPE_MTE2,43678,43683,5,100603
case_008,pre,1,1000002591,COPY_IN,PIPE_MTE2,43683,44198,515,100603
case_008,pre,1,1000002597,COPY_IN,PIPE_MTE2,44198,44713,515,100603
case_008,pre,1,886,REDUCE,PIPE_V,44260,44410,150,100603
case_008,pre,1,887,DIV,PIPE_V,44410,44992,582,100603
case_008,pre,1,1000002599,COPY_IN,PIPE_MTE2,44713,45228,515,100603
case_008,pre,1,888,MATMUL,PIPE_M,44992,46150,1158,100603
case_008,pre,1,892,MATMUL,PIPE_M,46150,47308,1158,100603
case_008,pre,1,1000002575,COPY_OUT,PIPE_MTE3,46150,46665,515,100603
case_008,pre,1,894,DIV,PIPE_V,47308,47890,582,100603
case_008,pre,1,895,REDUCE,PIPE_V,47890,48040,150,100603
case_008,pre,1,896,SUB,PIPE_V,48040,48190,150,100603
case_008,pre,1,897,EXP,PIPE_V,48190,48772,582,100603
case_008,pre,1,1000002603,COPY_IN,PIPE_MTE2,48190,48195,5,100603
case_008,pre,1,1000002601,COPY_IN,PIPE_MTE2,48195,48710,515,100603
case_008,pre,1,1000002607,COPY_IN,PIPE_MTE2,48710,49225,515,100603
case_008,pre,1,898,REDUCE,PIPE_V,48772,48922,150,100603
case_008,pre,1,899,DIV,PIPE_V,48922,49504,582,100603
case_008,pre,1,1000002609,COPY_IN,PIPE_MTE2,49225,49740,515,100603
case_008,pre,1,900,MATMUL,PIPE_M,49504,50662,1158,100603
case_008,pre,1,904,MATMUL,PIPE_M,50662,51820,1158,100603
case_008,pre,1,1000002585,COPY_OUT,PIPE_MTE3,50662,51177,515,100603
case_008,pre,1,906,DIV,PIPE_V,51820,52402,582,100603
case_008,pre,1,907,REDUCE,PIPE_V,52402,52552,150,100603
case_008,pre,1,908,SUB,PIPE_V,52552,52702,150,100603
case_008,pre,1,909,EXP,PIPE_V,52702,53284,582,100603
case_008,pre,1,1000002613,COPY_IN,PIPE_MTE2,52702,52707,5,100603
case_008,pre,1,1000002611,COPY_IN,PIPE_MTE2,52707,53222,515,100603
case_008,pre,1,1000002617,COPY_IN,PIPE_MTE2,53222,53737,515,100603
case_008,pre,1,910,REDUCE,PIPE_V,53284,53434,150,100603
case_008,pre,1,911,DIV,PIPE_V,53434,54016,582,100603
case_008,pre,1,1000002619,COPY_IN,PIPE_MTE2,53737,54252,515,100603
case_008,pre,1,912,MATMUL,PIPE_M,54016,55174,1158,100603
case_008,pre,1,916,MATMUL,PIPE_M,55174,56332,1158,100603
case_008,pre,1,1000002595,COPY_OUT,PIPE_MTE3,55174,55689,515,100603
case_008,pre,1,918,DIV,PIPE_V,56332,56914,582,100603
case_008,pre,1,919,REDUCE,PIPE_V,56914,57064,150,100603
case_008,pre,1,920,SUB,PIPE_V,57064,57214,150,100603
case_008,pre,1,921,EXP,PIPE_V,57214,57796,582,100603
case_008,pre,1,1000002623,COPY_IN,PIPE_MTE2,57214,57219,5,100603
case_008,pre,1,1000002621,COPY_IN,PIPE_MTE2,57219,57734,515,100603
case_008,pre,1,1000002627,COPY_IN,PIPE_MTE2,57734,58249,515,100603
case_008,pre,1,922,REDUCE,PIPE_V,57796,57946,150,100603
case_008,pre,1,923,DIV,PIPE_V,57946,58528,582,100603
case_008,pre,1,1000002629,COPY_IN,PIPE_MTE2,58249,58764,515,100603
case_008,pre,1,924,MATMUL,PIPE_M,58528,59686,1158,100603
case_008,pre,1,928,MATMUL,PIPE_M,59686,60844,1158,100603
case_008,pre,1,1000002605,COPY_OUT,PIPE_MTE3,59686,60201,515,100603
case_008,pre,1,930,DIV,PIPE_V,60844,61426,582,100603
case_008,pre,1,931,REDUCE,PIPE_V,61426,61576,150,100603
case_008,pre,1,932,SUB,PIPE_V,61576,61726,150,100603
case_008,pre,1,933,EXP,PIPE_V,61726,62308,582,100603
case_008,pre,1,1000002633,COPY_IN,PIPE_MTE2,61726,61731,5,100603
case_008,pre,1,1000002631,COPY_IN,PIPE_MTE2,61731,62246,515,100603
case_008,pre,1,1000002637,COPY_IN,PIPE_MTE2,62246,62761,515,100603
case_008,pre,1,934,REDUCE,PIPE_V,62308,62458,150,100603
case_008,pre,1,935,DIV,PIPE_V,62458,63040,582,100603
case_008,pre,1,1000002639,COPY_IN,PIPE_MTE2,62761,63276,515,100603
case_008,pre,1,936,MATMUL,PIPE_M,63040,64198,1158,100603
case_008,pre,1,940,MATMUL,PIPE_M,64198,65356,1158,100603
case_008,pre,1,1000002615,COPY_OUT,PIPE_MTE3,64198,64713,515,100603
case_008,pre,1,942,DIV,PIPE_V,65356,65938,582,100603
case_008,pre,1,943,REDUCE,PIPE_V,65938,66088,150,100603
case_008,pre,1,944,SUB,PIPE_V,66088,66238,150,100603
case_008,pre,1,945,EXP,PIPE_V,66238,66820,582,100603
case_008,pre,1,1000002643,COPY_IN,PIPE_MTE2,66238,66243,5,100603
case_008,pre,1,1000002641,COPY_IN,PIPE_MTE2,66243,66758,515,100603
case_008,pre,1,1000002647,COPY_IN,PIPE_MTE2,66758,67273,515,100603
case_008,pre,1,946,REDUCE,PIPE_V,66820,66970,150,100603
case_008,pre,1,947,DIV,PIPE_V,66970,67552,582,100603
case_008,pre,1,1000002649,COPY_IN,PIPE_MTE2,67273,67788,515,100603
case_008,pre,1,948,MATMUL,PIPE_M,67552,68710,1158,100603
case_008,pre,1,952,MATMUL,PIPE_M,68710,69868,1158,100603
case_008,pre,1,1000002625,COPY_OUT,PIPE_MTE3,68710,69225,515,100603
case_008,pre,1,954,DIV,PIPE_V,69868,70450,582,100603
case_008,pre,1,955,REDUCE,PIPE_V,70450,70600,150,100603
case_008,pre,1,956,SUB,PIPE_V,70600,70750,150,100603
case_008,pre,1,957,EXP,PIPE_V,70750,71332,582,100603
case_008,pre,1,1000002653,COPY_IN,PIPE_MTE2,70750,70755,5,100603
case_008,pre,1,1000002651,COPY_IN,PIPE_MTE2,70755,71270,515,100603
case_008,pre,1,1000002657,COPY_IN,PIPE_MTE2,71270,71785,515,100603
case_008,pre,1,958,REDUCE,PIPE_V,71332,71482,150,100603
case_008,pre,1,959,DIV,PIPE_V,71482,72064,582,100603
case_008,pre,1,1000002659,COPY_IN,PIPE_MTE2,71785,72300,515,100603
case_008,pre,1,960,MATMUL,PIPE_M,72064,73222,1158,100603
case_008,pre,1,964,MATMUL,PIPE_M,73222,74380,1158,100603
case_008,pre,1,1000002635,COPY_OUT,PIPE_MTE3,73222,73737,515,100603
case_008,pre,1,966,DIV,PIPE_V,74380,74962,582,100603
case_008,pre,1,967,REDUCE,PIPE_V,74962,75112,150,100603
case_008,pre,1,968,SUB,PIPE_V,75112,75262,150,100603
case_008,pre,1,969,EXP,PIPE_V,75262,75844,582,100603
case_008,pre,1,1000002663,COPY_IN,PIPE_MTE2,75262,75267,5,100603
case_008,pre,1,1000002661,COPY_IN,PIPE_MTE2,75267,75782,515,100603
case_008,pre,1,1000002667,COPY_IN,PIPE_MTE2,75782,76297,515,100603
case_008,pre,1,970,REDUCE,PIPE_V,75844,75994,150,100603
case_008,pre,1,971,DIV,PIPE_V,75994,76576,582,100603
case_008,pre,1,1000002669,COPY_IN,PIPE_MTE2,76297,76812,515,100603
case_008,pre,1,972,MATMUL,PIPE_M,76576,77734,1158,100603
case_008,pre,1,976,MATMUL,PIPE_M,77734,78892,1158,100603
case_008,pre,1,1000002645,COPY_OUT,PIPE_MTE3,77734,78249,515,100603
case_008,pre,1,978,DIV,PIPE_V,78892,79474,582,100603
case_008,pre,1,979,REDUCE,PIPE_V,79474,79624,150,100603
case_008,pre,1,980,SUB,PIPE_V,79624,79774,150,100603
case_008,pre,1,981,EXP,PIPE_V,79774,80356,582,100603
case_008,pre,1,1000002673,COPY_IN,PIPE_MTE2,79774,79779,5,100603
case_008,pre,1,1000002671,COPY_IN,PIPE_MTE2,79779,80294,515,100603
case_008,pre,1,1000002677,COPY_IN,PIPE_MTE2,80294,80809,515,100603
case_008,pre,1,982,REDUCE,PIPE_V,80356,80506,150,100603
case_008,pre,1,983,DIV,PIPE_V,80506,81088,582,100603
case_008,pre,1,1000002679,COPY_IN,PIPE_MTE2,80809,81324,515,100603
case_008,pre,1,984,MATMUL,PIPE_M,81088,82246,1158,100603
case_008,pre,1,988,MATMUL,PIPE_M,82246,83404,1158,100603
case_008,pre,1,1000002655,COPY_OUT,PIPE_MTE3,82246,82761,515,100603
case_008,pre,1,990,DIV,PIPE_V,83404,83986,582,100603
case_008,pre,1,991,REDUCE,PIPE_V,83986,84136,150,100603
case_008,pre,1,992,SUB,PIPE_V,84136,84286,150,100603
case_008,pre,1,993,EXP,PIPE_V,84286,84868,582,100603
case_008,pre,1,1000002683,COPY_IN,PIPE_MTE2,84286,84291,5,100603
case_008,pre,1,1000002681,COPY_IN,PIPE_MTE2,84291,84806,515,100603
case_008,pre,1,1000002687,COPY_IN,PIPE_MTE2,84806,85115,309,100603
case_008,pre,1,994,REDUCE,PIPE_V,84868,85018,150,100603
case_008,pre,1,995,DIV,PIPE_V,85018,85600,582,100603
case_008,pre,1,1000002689,COPY_IN,PIPE_MTE2,85115,85424,309,100603
case_008,pre,1,996,MATMUL,PIPE_M,85600,86758,1158,100603
case_008,pre,1,1000,MATMUL,PIPE_M,86758,87916,1158,100603
case_008,pre,1,1000002665,COPY_OUT,PIPE_MTE3,86758,87273,515,100603
case_008,pre,1,1002,DIV,PIPE_V,87916,88498,582,100603
case_008,pre,1,1003,REDUCE,PIPE_V,88498,88648,150,100603
case_008,pre,1,1004,SUB,PIPE_V,88648,88798,150,100603
case_008,pre,1,1005,EXP,PIPE_V,88798,89380,582,100603
case_008,pre,1,1000002693,COPY_IN,PIPE_MTE2,88798,88801,3,100603
case_008,pre,1,1000002691,COPY_IN,PIPE_MTE2,88801,89110,309,100603
case_008,pre,1,1006,REDUCE,PIPE_V,89380,89530,150,100603
case_008,pre,1,1007,DIV,PIPE_V,89530,90112,582,100603
case_008,pre,1,1008,MATMUL,PIPE_M,90112,91270,1158,100603
case_008,pre,1,1012,MATMUL,PIPE_M,91270,92428,1158,100603
case_008,pre,1,1000002675,COPY_OUT,PIPE_MTE3,91270,91785,515,100603
case_008,pre,1,1014,DIV,PIPE_V,92428,93010,582,100603
case_008,pre,1,1015,REDUCE,PIPE_V,93010,93160,150,100603
case_008,pre,1,1016,SUB,PIPE_V,93160,93310,150,100603
case_008,pre,1,1017,EXP,PIPE_V,93310,93892,582,100603
case_008,pre,1,1018,REDUCE,PIPE_V,93892,94042,150,100603
case_008,pre,1,1019,DIV,PIPE_V,94042,94624,582,100603
case_008,pre,1,1020,MATMUL,PIPE_M,94624,95782,1158,100603
case_008,pre,1,1024,MATMUL,PIPE_M,95782,96940,1158,100603
case_008,pre,1,1000002685,COPY_OUT,PIPE_MTE3,95782,96297,515,100603
case_008,pre,1,1026,DIV,PIPE_V,96940,97522,582,100603
case_008,pre,1,1027,REDUCE,PIPE_V,97522,97672,150,100603
case_008,pre,1,1028,SUB,PIPE_V,97672,97822,150,100603
case_008,pre,1,1029,EXP,PIPE_V,97822,98404,582,100603
case_008,pre,1,1030,REDUCE,PIPE_V,98404,98554,150,100603
case_008,pre,1,1031,DIV,PIPE_V,98554,99136,582,100603
case_008,pre,1,1032,MATMUL,PIPE_M,99136,100294,1158,100603
case_008,pre,1,1000002695,COPY_OUT,PIPE_MTE3,100294,100603,309,100603
case_008,pre,2,1000002047,COPY_IN,PIPE_MTE2,0,515,515,100603
case_008,pre,2,1000002049,COPY_IN,PIPE_MTE2,515,1030,515,100603
case_008,pre,2,256,MATMUL,PIPE_M,1030,2188,1158,100603
case_008,pre,2,1000002053,COPY_IN,PIPE_MTE2,1030,1035,5,100603
case_008,pre,2,1000002051,COPY_IN,PIPE_MTE2,1035,1550,515,100603
case_008,pre,2,1000002057,COPY_IN,PIPE_MTE2,1550,2065,515,100603
case_008,pre,2,1000002059,COPY_IN,PIPE_MTE2,2065,2580,515,100603
case_008,pre,2,258,DIV,PIPE_V,2188,2770,582,100603
case_008,pre,2,1000002063,COPY_IN,PIPE_MTE2,2580,2585,5,100603
case_008,pre,2,1000002061,COPY_IN,PIPE_MTE2,2585,3100,515,100603
case_008,pre,2,259,REDUCE,PIPE_V,2770,2920,150,100603
case_008,pre,2,260,SUB,PIPE_V,2920,3070,150,100603
case_008,pre,2,261,EXP,PIPE_V,3070,3652,582,100603
case_008,pre,2,1000002067,COPY_IN,PIPE_MTE2,3100,3615,515,100603
case_008,pre,2,1000002069,COPY_IN,PIPE_MTE2,3615,4130,515,100603
case_008,pre,2,262,REDUCE,PIPE_V,3652,3802,150,100603
case_008,pre,2,263,DIV,PIPE_V,3802,4384,582,100603
case_008,pre,2,1000002073,COPY_IN,PIPE_MTE2,4130,4135,5,100603
case_008,pre,2,1000002071,COPY_IN,PIPE_MTE2,4135,4650,515,100603
case_008,pre,2,264,MATMUL,PIPE_M,4384,5542,1158,100603
case_008,pre,2,1000002077,COPY_IN,PIPE_MTE2,4650,5165,515,100603
case_008,pre,2,1000002079,COPY_IN,PIPE_MTE2,5165,5818,653,100603
case_008,pre,2,268,MATMUL,PIPE_M,5542,6700,1158,100603
case_008,pre,2,1000002055,COPY_OUT,PIPE_MTE3,5542,6195,653,100603
case_008,pre,2,270,DIV,PIPE_V,6700,7282,582,100603
case_008,pre,2,271,REDUCE,PIPE_V,7282,7432,150,100603
case_008,pre,2,272,SUB,PIPE_V,7432,7582,150,100603
case_008,pre,2,273,EXP,PIPE_V,7582,8164,582,100603
case_008,pre,2,1000002083,COPY_IN,PIPE_MTE2,7582,7587,5,100603
case_008,pre,2,1000002081,COPY_IN,PIPE_MTE2,7587,8102,515,100603
case_008,pre,2,1000002087,COPY_IN,PIPE_MTE2,8102,8617,515,100603
case_008,pre,2,274,REDUCE,PIPE_V,8164,8314,150,100603
case_008,pre,2,275,DIV,PIPE_V,8314,8896,582,100603
case_008,pre,2,1000002089,COPY_IN,PIPE_MTE2,8617,9132,515,100603
case_008,pre,2,276,MATMUL,PIPE_M,8896,10054,1158,100603
case_008,pre,2,280,MATMUL,PIPE_M,10054,11212,1158,100603
case_008,pre,2,1000002065,COPY_OUT,PIPE_MTE3,10054,10569,515,100603
case_008,pre,2,282,DIV,PIPE_V,11212,11794,582,100603
case_008,pre,2,283,REDUCE,PIPE_V,11794,11944,150,100603
case_008,pre,2,284,SUB,PIPE_V,11944,12094,150,100603
case_008,pre,2,285,EXP,PIPE_V,12094,12676,582,100603
case_008,pre,2,1000002093,COPY_IN,PIPE_MTE2,12094,12099,5,100603
case_008,pre,2,1000002091,COPY_IN,PIPE_MTE2,12099,12614,515,100603
case_008,pre,2,1000002097,COPY_IN,PIPE_MTE2,12614,13129,515,100603
case_008,pre,2,286,REDUCE,PIPE_V,12676,12826,150,100603
case_008,pre,2,287,DIV,PIPE_V,12826,13408,582,100603
case_008,pre,2,1000002099,COPY_IN,PIPE_MTE2,13129,13644,515,100603
case_008,pre,2,288,MATMUL,PIPE_M,13408,14566,1158,100603
case_008,pre,2,292,MATMUL,PIPE_M,14566,15724,1158,100603
case_008,pre,2,1000002075,COPY_OUT,PIPE_MTE3,14566,15081,515,100603
case_008,pre,2,294,DIV,PIPE_V,15724,16306,582,100603
case_008,pre,2,295,REDUCE,PIPE_V,16306,16456,150,100603
case_008,pre,2,296,SUB,PIPE_V,16456,16606,150,100603
case_008,pre,2,297,EXP,PIPE_V,16606,17188,582,100603
case_008,pre,2,1000002103,COPY_IN,PIPE_MTE2,16606,16611,5,100603
case_008,pre,2,1000002101,COPY_IN,PIPE_MTE2,16611,17126,515,100603
case_008,pre,2,1000002107,COPY_IN,PIPE_MTE2,17126,17641,515,100603
case_008,pre,2,298,REDUCE,PIPE_V,17188,17338,150,100603
case_008,pre,2,299,DIV,PIPE_V,17338,17920,582,100603
case_008,pre,2,1000002109,COPY_IN,PIPE_MTE2,17641,18156,515,100603
case_008,pre,2,300,MATMUL,PIPE_M,17920,19078,1158,100603
case_008,pre,2,304,MATMUL,PIPE_M,19078,20236,1158,100603
case_008,pre,2,1000002085,COPY_OUT,PIPE_MTE3,19078,19593,515,100603
case_008,pre,2,306,DIV,PIPE_V,20236,20818,582,100603
case_008,pre,2,307,REDUCE,PIPE_V,20818,20968,150,100603
case_008,pre,2,308,SUB,PIPE_V,20968,21118,150,100603
case_008,pre,2,309,EXP,PIPE_V,21118,21700,582,100603
case_008,pre,2,1000002113,COPY_IN,PIPE_MTE2,21118,21123,5,100603
case_008,pre,2,1000002111,COPY_IN,PIPE_MTE2,21123,21638,515,100603
case_008,pre,2,1000002117,COPY_IN,PIPE_MTE2,21638,22153,515,100603
case_008,pre,2,310,REDUCE,PIPE_V,21700,21850,150,100603
case_008,pre,2,311,DIV,PIPE_V,21850,22432,582,100603
case_008,pre,2,1000002119,COPY_IN,PIPE_MTE2,22153,22668,515,100603
case_008,pre,2,312,MATMUL,PIPE_M,22432,23590,1158,100603
case_008,pre,2,316,MATMUL,PIPE_M,23590,24748,1158,100603
case_008,pre,2,1000002095,COPY_OUT,PIPE_MTE3,23590,24105,515,100603
case_008,pre,2,318,DIV,PIPE_V,24748,25330,582,100603
case_008,pre,2,319,REDUCE,PIPE_V,25330,25480,150,100603
case_008,pre,2,320,SUB,PIPE_V,25480,25630,150,100603
case_008,pre,2,321,EXP,PIPE_V,25630,26212,582,100603
case_008,pre,2,1000002123,COPY_IN,PIPE_MTE2,25630,25635,5,100603
case_008,pre,2,1000002121,COPY_IN,PIPE_MTE2,25635,26150,515,100603
case_008,pre,2,1000002127,COPY_IN,PIPE_MTE2,26150,26665,515,100603
case_008,pre,2,322,REDUCE,PIPE_V,26212,26362,150,100603
case_008,pre,2,323,DIV,PIPE_V,26362,26944,582,100603
case_008,pre,2,1000002129,COPY_IN,PIPE_MTE2,26665,27180,515,100603
case_008,pre,2,324,MATMUL,PIPE_M,26944,28102,1158,100603
case_008,pre,2,328,MATMUL,PIPE_M,28102,29260,1158,100603
case_008,pre,2,1000002105,COPY_OUT,PIPE_MTE3,28102,28617,515,100603
case_008,pre,2,330,DIV,PIPE_V,29260,29842,582,100603
case_008,pre,2,331,REDUCE,PIPE_V,29842,29992,150,100603
case_008,pre,2,332,SUB,PIPE_V,29992,30142,150,100603
case_008,pre,2,333,EXP,PIPE_V,30142,30724,582,100603
case_008,pre,2,1000002133,COPY_IN,PIPE_MTE2,30142,30147,5,100603
case_008,pre,2,1000002131,COPY_IN,PIPE_MTE2,30147,30662,515,100603
case_008,pre,2,1000002137,COPY_IN,PIPE_MTE2,30662,31177,515,100603
case_008,pre,2,334,REDUCE,PIPE_V,30724,30874,150,100603
case_008,pre,2,335,DIV,PIPE_V,30874,31456,582,100603
case_008,pre,2,1000002139,COPY_IN,PIPE_MTE2,31177,31692,515,100603
case_008,pre,2,336,MATMUL,PIPE_M,31456,32614,1158,100603
case_008,pre,2,340,MATMUL,PIPE_M,32614,33772,1158,100603
case_008,pre,2,1000002115,COPY_OUT,PIPE_MTE3,32614,33129,515,100603
case_008,pre,2,342,DIV,PIPE_V,33772,34354,582,100603
case_008,pre,2,343,REDUCE,PIPE_V,34354,34504,150,100603
case_008,pre,2,344,SUB,PIPE_V,34504,34654,150,100603
case_008,pre,2,345,EXP,PIPE_V,34654,35236,582,100603
case_008,pre,2,1000002143,COPY_IN,PIPE_MTE2,34654,34659,5,100603
case_008,pre,2,1000002141,COPY_IN,PIPE_MTE2,34659,35174,515,100603
case_008,pre,2,1000002147,COPY_IN,PIPE_MTE2,35174,35689,515,100603
case_008,pre,2,346,REDUCE,PIPE_V,35236,35386,150,100603
case_008,pre,2,347,DIV,PIPE_V,35386,35968,582,100603
case_008,pre,2,1000002149,COPY_IN,PIPE_MTE2,35689,36204,515,100603
case_008,pre,2,348,MATMUL,PIPE_M,35968,37126,1158,100603
case_008,pre,2,352,MATMUL,PIPE_M,37126,38284,1158,100603
case_008,pre,2,1000002125,COPY_OUT,PIPE_MTE3,37126,37641,515,100603
case_008,pre,2,354,DIV,PIPE_V,38284,38866,582,100603
case_008,pre,2,355,REDUCE,PIPE_V,38866,39016,150,100603
case_008,pre,2,356,SUB,PIPE_V,39016,39166,150,100603
case_008,pre,2,357,EXP,PIPE_V,39166,39748,582,100603
case_008,pre,2,1000002153,COPY_IN,PIPE_MTE2,39166,39171,5,100603
case_008,pre,2,1000002151,COPY_IN,PIPE_MTE2,39171,39686,515,100603
case_008,pre,2,1000002157,COPY_IN,PIPE_MTE2,39686,40201,515,100603
case_008,pre,2,358,REDUCE,PIPE_V,39748,39898,150,100603
case_008,pre,2,359,DIV,PIPE_V,39898,40480,582,100603
case_008,pre,2,1000002159,COPY_IN,PIPE_MTE2,40201,40716,515,100603
case_008,pre,2,360,MATMUL,PIPE_M,40480,41638,1158,100603
case_008,pre,2,364,MATMUL,PIPE_M,41638,42796,1158,100603
case_008,pre,2,1000002135,COPY_OUT,PIPE_MTE3,41638,42153,515,100603
case_008,pre,2,366,DIV,PIPE_V,42796,43378,582,100603
case_008,pre,2,367,REDUCE,PIPE_V,43378,43528,150,100603
case_008,pre,2,368,SUB,PIPE_V,43528,43678,150,100603
case_008,pre,2,369,EXP,PIPE_V,43678,44260,582,100603
case_008,pre,2,1000002163,COPY_IN,PIPE_MTE2,43678,43683,5,100603
case_008,pre,2,1000002161,COPY_IN,PIPE_MTE2,43683,44198,515,100603
case_008,pre,2,1000002167,COPY_IN,PIPE_MTE2,44198,44713,515,100603
case_008,pre,2,370,REDUCE,PIPE_V,44260,44410,150,100603
case_008,pre,2,371,DIV,PIPE_V,44410,44992,582,100603
case_008,pre,2,1000002169,COPY_IN,PIPE_MTE2,44713,45228,515,100603
case_008,pre,2,372,MATMUL,PIPE_M,44992,46150,1158,100603
case_008,pre,2,376,MATMUL,PIPE_M,46150,47308,1158,100603
case_008,pre,2,1000002145,COPY_OUT,PIPE_MTE3,46150,46665,515,100603
case_008,pre,2,378,DIV,PIPE_V,47308,47890,582,100603
case_008,pre,2,379,REDUCE,PIPE_V,47890,48040,150,100603
case_008,pre,2,380,SUB,PIPE_V,48040,48190,150,100603
case_008,pre,2,381,EXP,PIPE_V,48190,48772,582,100603
case_008,pre,2,1000002173,COPY_IN,PIPE_MTE2,48190,48195,5,100603
case_008,pre,2,1000002171,COPY_IN,PIPE_MTE2,48195,48710,515,100603
case_008,pre,2,1000002177,COPY_IN,PIPE_MTE2,48710,49225,515,100603
case_008,pre,2,382,REDUCE,PIPE_V,48772,48922,150,100603
case_008,pre,2,383,DIV,PIPE_V,48922,49504,582,100603
case_008,pre,2,1000002179,COPY_IN,PIPE_MTE2,49225,49740,515,100603
case_008,pre,2,384,MATMUL,PIPE_M,49504,50662,1158,100603
case_008,pre,2,388,MATMUL,PIPE_M,50662,51820,1158,100603
case_008,pre,2,1000002155,COPY_OUT,PIPE_MTE3,50662,51177,515,100603
case_008,pre,2,390,DIV,PIPE_V,51820,52402,582,100603
case_008,pre,2,391,REDUCE,PIPE_V,52402,52552,150,100603
case_008,pre,2,392,SUB,PIPE_V,52552,52702,150,100603
case_008,pre,2,393,EXP,PIPE_V,52702,53284,582,100603
case_008,pre,2,1000002183,COPY_IN,PIPE_MTE2,52702,52707,5,100603
case_008,pre,2,1000002181,COPY_IN,PIPE_MTE2,52707,53222,515,100603
case_008,pre,2,1000002187,COPY_IN,PIPE_MTE2,53222,53737,515,100603
case_008,pre,2,394,REDUCE,PIPE_V,53284,53434,150,100603
case_008,pre,2,395,DIV,PIPE_V,53434,54016,582,100603
case_008,pre,2,1000002189,COPY_IN,PIPE_MTE2,53737,54252,515,100603
case_008,pre,2,396,MATMUL,PIPE_M,54016,55174,1158,100603
case_008,pre,2,400,MATMUL,PIPE_M,55174,56332,1158,100603
case_008,pre,2,1000002165,COPY_OUT,PIPE_MTE3,55174,55689,515,100603
case_008,pre,2,402,DIV,PIPE_V,56332,56914,582,100603
case_008,pre,2,403,REDUCE,PIPE_V,56914,57064,150,100603
case_008,pre,2,404,SUB,PIPE_V,57064,57214,150,100603
case_008,pre,2,405,EXP,PIPE_V,57214,57796,582,100603
case_008,pre,2,1000002193,COPY_IN,PIPE_MTE2,57214,57219,5,100603
case_008,pre,2,1000002191,COPY_IN,PIPE_MTE2,57219,57734,515,100603
case_008,pre,2,1000002197,COPY_IN,PIPE_MTE2,57734,58249,515,100603
case_008,pre,2,406,REDUCE,PIPE_V,57796,57946,150,100603
case_008,pre,2,407,DIV,PIPE_V,57946,58528,582,100603
case_008,pre,2,1000002199,COPY_IN,PIPE_MTE2,58249,58764,515,100603
case_008,pre,2,408,MATMUL,PIPE_M,58528,59686,1158,100603
case_008,pre,2,412,MATMUL,PIPE_M,59686,60844,1158,100603
case_008,pre,2,1000002175,COPY_OUT,PIPE_MTE3,59686,60201,515,100603
case_008,pre,2,414,DIV,PIPE_V,60844,61426,582,100603
case_008,pre,2,415,REDUCE,PIPE_V,61426,61576,150,100603
case_008,pre,2,416,SUB,PIPE_V,61576,61726,150,100603
case_008,pre,2,417,EXP,PIPE_V,61726,62308,582,100603
case_008,pre,2,1000002203,COPY_IN,PIPE_MTE2,61726,61731,5,100603
case_008,pre,2,1000002201,COPY_IN,PIPE_MTE2,61731,62246,515,100603
case_008,pre,2,1000002207,COPY_IN,PIPE_MTE2,62246,62761,515,100603
case_008,pre,2,418,REDUCE,PIPE_V,62308,62458,150,100603
case_008,pre,2,419,DIV,PIPE_V,62458,63040,582,100603
case_008,pre,2,1000002209,COPY_IN,PIPE_MTE2,62761,63276,515,100603
case_008,pre,2,420,MATMUL,PIPE_M,63040,64198,1158,100603
case_008,pre,2,424,MATMUL,PIPE_M,64198,65356,1158,100603
case_008,pre,2,1000002185,COPY_OUT,PIPE_MTE3,64198,64713,515,100603
case_008,pre,2,426,DIV,PIPE_V,65356,65938,582,100603
case_008,pre,2,427,REDUCE,PIPE_V,65938,66088,150,100603
case_008,pre,2,428,SUB,PIPE_V,66088,66238,150,100603
case_008,pre,2,429,EXP,PIPE_V,66238,66820,582,100603
case_008,pre,2,1000002213,COPY_IN,PIPE_MTE2,66238,66243,5,100603
case_008,pre,2,1000002211,COPY_IN,PIPE_MTE2,66243,66758,515,100603
case_008,pre,2,1000002217,COPY_IN,PIPE_MTE2,66758,67273,515,100603
case_008,pre,2,430,REDUCE,PIPE_V,66820,66970,150,100603
case_008,pre,2,431,DIV,PIPE_V,66970,67552,582,100603
case_008,pre,2,1000002219,COPY_IN,PIPE_MTE2,67273,67788,515,100603
case_008,pre,2,432,MATMUL,PIPE_M,67552,68710,1158,100603
case_008,pre,2,436,MATMUL,PIPE_M,68710,69868,1158,100603
case_008,pre,2,1000002195,COPY_OUT,PIPE_MTE3,68710,69225,515,100603
case_008,pre,2,438,DIV,PIPE_V,69868,70450,582,100603
case_008,pre,2,439,REDUCE,PIPE_V,70450,70600,150,100603
case_008,pre,2,440,SUB,PIPE_V,70600,70750,150,100603
case_008,pre,2,441,EXP,PIPE_V,70750,71332,582,100603
case_008,pre,2,1000002223,COPY_IN,PIPE_MTE2,70750,70755,5,100603
case_008,pre,2,1000002221,COPY_IN,PIPE_MTE2,70755,71270,515,100603
case_008,pre,2,1000002227,COPY_IN,PIPE_MTE2,71270,71785,515,100603
case_008,pre,2,442,REDUCE,PIPE_V,71332,71482,150,100603
case_008,pre,2,443,DIV,PIPE_V,71482,72064,582,100603
case_008,pre,2,1000002229,COPY_IN,PIPE_MTE2,71785,72300,515,100603
case_008,pre,2,444,MATMUL,PIPE_M,72064,73222,1158,100603
case_008,pre,2,448,MATMUL,PIPE_M,73222,74380,1158,100603
case_008,pre,2,1000002205,COPY_OUT,PIPE_MTE3,73222,73737,515,100603
case_008,pre,2,450,DIV,PIPE_V,74380,74962,582,100603
case_008,pre,2,451,REDUCE,PIPE_V,74962,75112,150,100603
case_008,pre,2,452,SUB,PIPE_V,75112,75262,150,100603
case_008,pre,2,453,EXP,PIPE_V,75262,75844,582,100603
case_008,pre,2,1000002233,COPY_IN,PIPE_MTE2,75262,75267,5,100603
case_008,pre,2,1000002231,COPY_IN,PIPE_MTE2,75267,75782,515,100603
case_008,pre,2,1000002237,COPY_IN,PIPE_MTE2,75782,76297,515,100603
case_008,pre,2,454,REDUCE,PIPE_V,75844,75994,150,100603
case_008,pre,2,455,DIV,PIPE_V,75994,76576,582,100603
case_008,pre,2,1000002239,COPY_IN,PIPE_MTE2,76297,76812,515,100603
case_008,pre,2,456,MATMUL,PIPE_M,76576,77734,1158,100603
case_008,pre,2,460,MATMUL,PIPE_M,77734,78892,1158,100603
case_008,pre,2,1000002215,COPY_OUT,PIPE_MTE3,77734,78249,515,100603
case_008,pre,2,462,DIV,PIPE_V,78892,79474,582,100603
case_008,pre,2,463,REDUCE,PIPE_V,79474,79624,150,100603
case_008,pre,2,464,SUB,PIPE_V,79624,79774,150,100603
case_008,pre,2,465,EXP,PIPE_V,79774,80356,582,100603
case_008,pre,2,1000002243,COPY_IN,PIPE_MTE2,79774,79779,5,100603
case_008,pre,2,1000002241,COPY_IN,PIPE_MTE2,79779,80294,515,100603
case_008,pre,2,1000002247,COPY_IN,PIPE_MTE2,80294,80809,515,100603
case_008,pre,2,466,REDUCE,PIPE_V,80356,80506,150,100603
case_008,pre,2,467,DIV,PIPE_V,80506,81088,582,100603
case_008,pre,2,1000002249,COPY_IN,PIPE_MTE2,80809,81324,515,100603
case_008,pre,2,468,MATMUL,PIPE_M,81088,82246,1158,100603
case_008,pre,2,472,MATMUL,PIPE_M,82246,83404,1158,100603
case_008,pre,2,1000002225,COPY_OUT,PIPE_MTE3,82246,82761,515,100603
case_008,pre,2,474,DIV,PIPE_V,83404,83986,582,100603
case_008,pre,2,475,REDUCE,PIPE_V,83986,84136,150,100603
case_008,pre,2,476,SUB,PIPE_V,84136,84286,150,100603
case_008,pre,2,477,EXP,PIPE_V,84286,84868,582,100603
case_008,pre,2,1000002253,COPY_IN,PIPE_MTE2,84286,84291,5,100603
case_008,pre,2,1000002251,COPY_IN,PIPE_MTE2,84291,84806,515,100603
case_008,pre,2,1000002257,COPY_IN,PIPE_MTE2,84806,85115,309,100603
case_008,pre,2,478,REDUCE,PIPE_V,84868,85018,150,100603
case_008,pre,2,479,DIV,PIPE_V,85018,85600,582,100603
case_008,pre,2,1000002259,COPY_IN,PIPE_MTE2,85115,85424,309,100603
case_008,pre,2,480,MATMUL,PIPE_M,85600,86758,1158,100603
case_008,pre,2,484,MATMUL,PIPE_M,86758,87916,1158,100603
case_008,pre,2,1000002235,COPY_OUT,PIPE_MTE3,86758,87273,515,100603
case_008,pre,2,486,DIV,PIPE_V,87916,88498,582,100603
case_008,pre,2,487,REDUCE,PIPE_V,88498,88648,150,100603
case_008,pre,2,488,SUB,PIPE_V,88648,88798,150,100603
case_008,pre,2,489,EXP,PIPE_V,88798,89380,582,100603
case_008,pre,2,1000002263,COPY_IN,PIPE_MTE2,88798,88801,3,100603
case_008,pre,2,1000002261,COPY_IN,PIPE_MTE2,88801,89110,309,100603
case_008,pre,2,490,REDUCE,PIPE_V,89380,89530,150,100603
case_008,pre,2,491,DIV,PIPE_V,89530,90112,582,100603
case_008,pre,2,492,MATMUL,PIPE_M,90112,91270,1158,100603
case_008,pre,2,496,MATMUL,PIPE_M,91270,92428,1158,100603
case_008,pre,2,1000002245,COPY_OUT,PIPE_MTE3,91270,91785,515,100603
case_008,pre,2,498,DIV,PIPE_V,92428,93010,582,100603
case_008,pre,2,499,REDUCE,PIPE_V,93010,93160,150,100603
case_008,pre,2,500,SUB,PIPE_V,93160,93310,150,100603
case_008,pre,2,501,EXP,PIPE_V,93310,93892,582,100603
case_008,pre,2,502,REDUCE,PIPE_V,93892,94042,150,100603
case_008,pre,2,503,DIV,PIPE_V,94042,94624,582,100603
case_008,pre,2,504,MATMUL,PIPE_M,94624,95782,1158,100603
case_008,pre,2,508,MATMUL,PIPE_M,95782,96940,1158,100603
case_008,pre,2,1000002255,COPY_OUT,PIPE_MTE3,95782,96297,515,100603
case_008,pre,2,510,DIV,PIPE_V,96940,97522,582,100603
case_008,pre,2,511,REDUCE,PIPE_V,97522,97672,150,100603
case_008,pre,2,512,SUB,PIPE_V,97672,97822,150,100603
case_008,pre,2,513,EXP,PIPE_V,97822,98404,582,100603
case_008,pre,2,514,REDUCE,PIPE_V,98404,98554,150,100603
case_008,pre,2,515,DIV,PIPE_V,98554,99136,582,100603
case_008,pre,2,516,MATMUL,PIPE_M,99136,100294,1158,100603
case_008,pre,2,1000002265,COPY_OUT,PIPE_MTE3,100294,100603,309,100603
case_008,pre,3,1000002267,COPY_IN,PIPE_MTE2,0,515,515,100603
case_008,pre,3,1000002269,COPY_IN,PIPE_MTE2,515,1030,515,100603
case_008,pre,3,520,MATMUL,PIPE_M,1030,2188,1158,100603
case_008,pre,3,1000002273,COPY_IN,PIPE_MTE2,1030,1035,5,100603
case_008,pre,3,1000002271,COPY_IN,PIPE_MTE2,1035,1550,515,100603
case_008,pre,3,1000002277,COPY_IN,PIPE_MTE2,1550,2065,515,100603
case_008,pre,3,1000002279,COPY_IN,PIPE_MTE2,2065,2580,515,100603
case_008,pre,3,522,DIV,PIPE_V,2188,2770,582,100603
case_008,pre,3,1000002283,COPY_IN,PIPE_MTE2,2580,2585,5,100603
case_008,pre,3,1000002281,COPY_IN,PIPE_MTE2,2585,3100,515,100603
case_008,pre,3,523,REDUCE,PIPE_V,2770,2920,150,100603
case_008,pre,3,524,SUB,PIPE_V,2920,3070,150,100603
case_008,pre,3,525,EXP,PIPE_V,3070,3652,582,100603
case_008,pre,3,1000002287,COPY_IN,PIPE_MTE2,3100,3615,515,100603
case_008,pre,3,1000002289,COPY_IN,PIPE_MTE2,3615,4130,515,100603
case_008,pre,3,526,REDUCE,PIPE_V,3652,3802,150,100603
case_008,pre,3,527,DIV,PIPE_V,3802,4384,582,100603
case_008,pre,3,1000002293,COPY_IN,PIPE_MTE2,4130,4135,5,100603
case_008,pre,3,1000002291,COPY_IN,PIPE_MTE2,4135,4650,515,100603
case_008,pre,3,528,MATMUL,PIPE_M,4384,5542,1158,100603
case_008,pre,3,1000002297,COPY_IN,PIPE_MTE2,4650,5165,515,100603
case_008,pre,3,1000002299,COPY_IN,PIPE_MTE2,5165,5818,653,100603
case_008,pre,3,532,MATMUL,PIPE_M,5542,6700,1158,100603
case_008,pre,3,1000002275,COPY_OUT,PIPE_MTE3,5542,6195,653,100603
case_008,pre,3,534,DIV,PIPE_V,6700,7282,582,100603
case_008,pre,3,535,REDUCE,PIPE_V,7282,7432,150,100603
case_008,pre,3,536,SUB,PIPE_V,7432,7582,150,100603
case_008,pre,3,537,EXP,PIPE_V,7582,8164,582,100603
case_008,pre,3,1000002303,COPY_IN,PIPE_MTE2,7582,7587,5,100603
case_008,pre,3,1000002301,COPY_IN,PIPE_MTE2,7587,8102,515,100603
case_008,pre,3,1000002307,COPY_IN,PIPE_MTE2,8102,8617,515,100603
case_008,pre,3,538,REDUCE,PIPE_V,8164,8314,150,100603
case_008,pre,3,539,DIV,PIPE_V,8314,8896,582,100603
case_008,pre,3,1000002309,COPY_IN,PIPE_MTE2,8617,9132,515,100603
case_008,pre,3,540,MATMUL,PIPE_M,8896,10054,1158,100603
case_008,pre,3,544,MATMUL,PIPE_M,10054,11212,1158,100603
case_008,pre,3,1000002285,COPY_OUT,PIPE_MTE3,10054,10569,515,100603
case_008,pre,3,546,DIV,PIPE_V,11212,11794,582,100603
case_008,pre,3,547,REDUCE,PIPE_V,11794,11944,150,100603
case_008,pre,3,548,SUB,PIPE_V,11944,12094,150,100603
case_008,pre,3,549,EXP,PIPE_V,12094,12676,582,100603
case_008,pre,3,1000002313,COPY_IN,PIPE_MTE2,12094,12099,5,100603
case_008,pre,3,1000002311,COPY_IN,PIPE_MTE2,12099,12614,515,100603
case_008,pre,3,1000002317,COPY_IN,PIPE_MTE2,12614,13129,515,100603
case_008,pre,3,550,REDUCE,PIPE_V,12676,12826,150,100603
case_008,pre,3,551,DIV,PIPE_V,12826,13408,582,100603
case_008,pre,3,1000002319,COPY_IN,PIPE_MTE2,13129,13644,515,100603
case_008,pre,3,552,MATMUL,PIPE_M,13408,14566,1158,100603
case_008,pre,3,556,MATMUL,PIPE_M,14566,15724,1158,100603
case_008,pre,3,1000002295,COPY_OUT,PIPE_MTE3,14566,15081,515,100603
case_008,pre,3,558,DIV,PIPE_V,15724,16306,582,100603
case_008,pre,3,559,REDUCE,PIPE_V,16306,16456,150,100603
case_008,pre,3,560,SUB,PIPE_V,16456,16606,150,100603
case_008,pre,3,561,EXP,PIPE_V,16606,17188,582,100603
case_008,pre,3,1000002323,COPY_IN,PIPE_MTE2,16606,16611,5,100603
case_008,pre,3,1000002321,COPY_IN,PIPE_MTE2,16611,17126,515,100603
case_008,pre,3,1000002327,COPY_IN,PIPE_MTE2,17126,17641,515,100603
case_008,pre,3,562,REDUCE,PIPE_V,17188,17338,150,100603
case_008,pre,3,563,DIV,PIPE_V,17338,17920,582,100603
case_008,pre,3,1000002329,COPY_IN,PIPE_MTE2,17641,18156,515,100603
case_008,pre,3,564,MATMUL,PIPE_M,17920,19078,1158,100603
case_008,pre,3,568,MATMUL,PIPE_M,19078,20236,1158,100603
case_008,pre,3,1000002305,COPY_OUT,PIPE_MTE3,19078,19593,515,100603
case_008,pre,3,570,DIV,PIPE_V,20236,20818,582,100603
case_008,pre,3,571,REDUCE,PIPE_V,20818,20968,150,100603
case_008,pre,3,572,SUB,PIPE_V,20968,21118,150,100603
case_008,pre,3,573,EXP,PIPE_V,21118,21700,582,100603
case_008,pre,3,1000002333,COPY_IN,PIPE_MTE2,21118,21123,5,100603
case_008,pre,3,1000002331,COPY_IN,PIPE_MTE2,21123,21638,515,100603
case_008,pre,3,1000002337,COPY_IN,PIPE_MTE2,21638,22153,515,100603
case_008,pre,3,574,REDUCE,PIPE_V,21700,21850,150,100603
case_008,pre,3,575,DIV,PIPE_V,21850,22432,582,100603
case_008,pre,3,1000002339,COPY_IN,PIPE_MTE2,22153,22668,515,100603
case_008,pre,3,576,MATMUL,PIPE_M,22432,23590,1158,100603
case_008,pre,3,580,MATMUL,PIPE_M,23590,24748,1158,100603
case_008,pre,3,1000002315,COPY_OUT,PIPE_MTE3,23590,24105,515,100603
case_008,pre,3,582,DIV,PIPE_V,24748,25330,582,100603
case_008,pre,3,583,REDUCE,PIPE_V,25330,25480,150,100603
case_008,pre,3,584,SUB,PIPE_V,25480,25630,150,100603
case_008,pre,3,585,EXP,PIPE_V,25630,26212,582,100603
case_008,pre,3,1000002343,COPY_IN,PIPE_MTE2,25630,25635,5,100603
case_008,pre,3,1000002341,COPY_IN,PIPE_MTE2,25635,26150,515,100603
case_008,pre,3,1000002347,COPY_IN,PIPE_MTE2,26150,26665,515,100603
case_008,pre,3,586,REDUCE,PIPE_V,26212,26362,150,100603
case_008,pre,3,587,DIV,PIPE_V,26362,26944,582,100603
case_008,pre,3,1000002349,COPY_IN,PIPE_MTE2,26665,27180,515,100603
case_008,pre,3,588,MATMUL,PIPE_M,26944,28102,1158,100603
case_008,pre,3,592,MATMUL,PIPE_M,28102,29260,1158,100603
case_008,pre,3,1000002325,COPY_OUT,PIPE_MTE3,28102,28617,515,100603
case_008,pre,3,594,DIV,PIPE_V,29260,29842,582,100603
case_008,pre,3,595,REDUCE,PIPE_V,29842,29992,150,100603
case_008,pre,3,596,SUB,PIPE_V,29992,30142,150,100603
case_008,pre,3,597,EXP,PIPE_V,30142,30724,582,100603
case_008,pre,3,1000002353,COPY_IN,PIPE_MTE2,30142,30147,5,100603
case_008,pre,3,1000002351,COPY_IN,PIPE_MTE2,30147,30662,515,100603
case_008,pre,3,1000002357,COPY_IN,PIPE_MTE2,30662,31177,515,100603
case_008,pre,3,598,REDUCE,PIPE_V,30724,30874,150,100603
case_008,pre,3,599,DIV,PIPE_V,30874,31456,582,100603
case_008,pre,3,1000002359,COPY_IN,PIPE_MTE2,31177,31692,515,100603
case_008,pre,3,600,MATMUL,PIPE_M,31456,32614,1158,100603
case_008,pre,3,604,MATMUL,PIPE_M,32614,33772,1158,100603
case_008,pre,3,1000002335,COPY_OUT,PIPE_MTE3,32614,33129,515,100603
case_008,pre,3,606,DIV,PIPE_V,33772,34354,582,100603
case_008,pre,3,607,REDUCE,PIPE_V,34354,34504,150,100603
case_008,pre,3,608,SUB,PIPE_V,34504,34654,150,100603
case_008,pre,3,609,EXP,PIPE_V,34654,35236,582,100603
case_008,pre,3,1000002363,COPY_IN,PIPE_MTE2,34654,34659,5,100603
case_008,pre,3,1000002361,COPY_IN,PIPE_MTE2,34659,35174,515,100603
case_008,pre,3,1000002367,COPY_IN,PIPE_MTE2,35174,35689,515,100603
case_008,pre,3,610,REDUCE,PIPE_V,35236,35386,150,100603
case_008,pre,3,611,DIV,PIPE_V,35386,35968,582,100603
case_008,pre,3,1000002369,COPY_IN,PIPE_MTE2,35689,36204,515,100603
case_008,pre,3,612,MATMUL,PIPE_M,35968,37126,1158,100603
case_008,pre,3,616,MATMUL,PIPE_M,37126,38284,1158,100603
case_008,pre,3,1000002345,COPY_OUT,PIPE_MTE3,37126,37641,515,100603
case_008,pre,3,618,DIV,PIPE_V,38284,38866,582,100603
case_008,pre,3,619,REDUCE,PIPE_V,38866,39016,150,100603
case_008,pre,3,620,SUB,PIPE_V,39016,39166,150,100603
case_008,pre,3,621,EXP,PIPE_V,39166,39748,582,100603
case_008,pre,3,1000002373,COPY_IN,PIPE_MTE2,39166,39171,5,100603
case_008,pre,3,1000002371,COPY_IN,PIPE_MTE2,39171,39686,515,100603
case_008,pre,3,1000002377,COPY_IN,PIPE_MTE2,39686,40201,515,100603
case_008,pre,3,622,REDUCE,PIPE_V,39748,39898,150,100603
case_008,pre,3,623,DIV,PIPE_V,39898,40480,582,100603
case_008,pre,3,1000002379,COPY_IN,PIPE_MTE2,40201,40716,515,100603
case_008,pre,3,624,MATMUL,PIPE_M,40480,41638,1158,100603
case_008,pre,3,628,MATMUL,PIPE_M,41638,42796,1158,100603
case_008,pre,3,1000002355,COPY_OUT,PIPE_MTE3,41638,42153,515,100603
case_008,pre,3,630,DIV,PIPE_V,42796,43378,582,100603
case_008,pre,3,631,REDUCE,PIPE_V,43378,43528,150,100603
case_008,pre,3,632,SUB,PIPE_V,43528,43678,150,100603
case_008,pre,3,633,EXP,PIPE_V,43678,44260,582,100603
case_008,pre,3,1000002383,COPY_IN,PIPE_MTE2,43678,43683,5,100603
case_008,pre,3,1000002381,COPY_IN,PIPE_MTE2,43683,44198,515,100603
case_008,pre,3,1000002387,COPY_IN,PIPE_MTE2,44198,44713,515,100603
case_008,pre,3,634,REDUCE,PIPE_V,44260,44410,150,100603
case_008,pre,3,635,DIV,PIPE_V,44410,44992,582,100603
case_008,pre,3,1000002389,COPY_IN,PIPE_MTE2,44713,45228,515,100603
case_008,pre,3,636,MATMUL,PIPE_M,44992,46150,1158,100603
case_008,pre,3,640,MATMUL,PIPE_M,46150,47308,1158,100603
case_008,pre,3,1000002365,COPY_OUT,PIPE_MTE3,46150,46665,515,100603
case_008,pre,3,642,DIV,PIPE_V,47308,47890,582,100603
case_008,pre,3,643,REDUCE,PIPE_V,47890,48040,150,100603
case_008,pre,3,644,SUB,PIPE_V,48040,48190,150,100603
case_008,pre,3,645,EXP,PIPE_V,48190,48772,582,100603
case_008,pre,3,1000002393,COPY_IN,PIPE_MTE2,48190,48195,5,100603
case_008,pre,3,1000002391,COPY_IN,PIPE_MTE2,48195,48710,515,100603
case_008,pre,3,1000002397,COPY_IN,PIPE_MTE2,48710,49225,515,100603
case_008,pre,3,646,REDUCE,PIPE_V,48772,48922,150,100603
case_008,pre,3,647,DIV,PIPE_V,48922,49504,582,100603
case_008,pre,3,1000002399,COPY_IN,PIPE_MTE2,49225,49740,515,100603
case_008,pre,3,648,MATMUL,PIPE_M,49504,50662,1158,100603
case_008,pre,3,652,MATMUL,PIPE_M,50662,51820,1158,100603
case_008,pre,3,1000002375,COPY_OUT,PIPE_MTE3,50662,51177,515,100603
case_008,pre,3,654,DIV,PIPE_V,51820,52402,582,100603
case_008,pre,3,655,REDUCE,PIPE_V,52402,52552,150,100603
case_008,pre,3,656,SUB,PIPE_V,52552,52702,150,100603
case_008,pre,3,657,EXP,PIPE_V,52702,53284,582,100603
case_008,pre,3,1000002403,COPY_IN,PIPE_MTE2,52702,52707,5,100603
case_008,pre,3,1000002401,COPY_IN,PIPE_MTE2,52707,53222,515,100603
case_008,pre,3,1000002407,COPY_IN,PIPE_MTE2,53222,53737,515,100603
case_008,pre,3,658,REDUCE,PIPE_V,53284,53434,150,100603
case_008,pre,3,659,DIV,PIPE_V,53434,54016,582,100603
case_008,pre,3,1000002409,COPY_IN,PIPE_MTE2,53737,54252,515,100603
case_008,pre,3,660,MATMUL,PIPE_M,54016,55174,1158,100603
case_008,pre,3,664,MATMUL,PIPE_M,55174,56332,1158,100603
case_008,pre,3,1000002385,COPY_OUT,PIPE_MTE3,55174,55689,515,100603
case_008,pre,3,666,DIV,PIPE_V,56332,56914,582,100603
case_008,pre,3,667,REDUCE,PIPE_V,56914,57064,150,100603
case_008,pre,3,668,SUB,PIPE_V,57064,57214,150,100603
case_008,pre,3,669,EXP,PIPE_V,57214,57796,582,100603
case_008,pre,3,1000002413,COPY_IN,PIPE_MTE2,57214,57219,5,100603
case_008,pre,3,1000002411,COPY_IN,PIPE_MTE2,57219,57734,515,100603
case_008,pre,3,1000002417,COPY_IN,PIPE_MTE2,57734,58249,515,100603
case_008,pre,3,670,REDUCE,PIPE_V,57796,57946,150,100603
case_008,pre,3,671,DIV,PIPE_V,57946,58528,582,100603
case_008,pre,3,1000002419,COPY_IN,PIPE_MTE2,58249,58764,515,100603
case_008,pre,3,672,MATMUL,PIPE_M,58528,59686,1158,100603
case_008,pre,3,676,MATMUL,PIPE_M,59686,60844,1158,100603
case_008,pre,3,1000002395,COPY_OUT,PIPE_MTE3,59686,60201,515,100603
case_008,pre,3,678,DIV,PIPE_V,60844,61426,582,100603
case_008,pre,3,679,REDUCE,PIPE_V,61426,61576,150,100603
case_008,pre,3,680,SUB,PIPE_V,61576,61726,150,100603
case_008,pre,3,681,EXP,PIPE_V,61726,62308,582,100603
case_008,pre,3,1000002423,COPY_IN,PIPE_MTE2,61726,61731,5,100603
case_008,pre,3,1000002421,COPY_IN,PIPE_MTE2,61731,62246,515,100603
case_008,pre,3,1000002427,COPY_IN,PIPE_MTE2,62246,62761,515,100603
case_008,pre,3,682,REDUCE,PIPE_V,62308,62458,150,100603
case_008,pre,3,683,DIV,PIPE_V,62458,63040,582,100603
case_008,pre,3,1000002429,COPY_IN,PIPE_MTE2,62761,63276,515,100603
case_008,pre,3,684,MATMUL,PIPE_M,63040,64198,1158,100603
case_008,pre,3,688,MATMUL,PIPE_M,64198,65356,1158,100603
case_008,pre,3,1000002405,COPY_OUT,PIPE_MTE3,64198,64713,515,100603
case_008,pre,3,690,DIV,PIPE_V,65356,65938,582,100603
case_008,pre,3,691,REDUCE,PIPE_V,65938,66088,150,100603
case_008,pre,3,692,SUB,PIPE_V,66088,66238,150,100603
case_008,pre,3,693,EXP,PIPE_V,66238,66820,582,100603
case_008,pre,3,1000002433,COPY_IN,PIPE_MTE2,66238,66243,5,100603
case_008,pre,3,1000002431,COPY_IN,PIPE_MTE2,66243,66758,515,100603
case_008,pre,3,1000002437,COPY_IN,PIPE_MTE2,66758,67273,515,100603
case_008,pre,3,694,REDUCE,PIPE_V,66820,66970,150,100603
case_008,pre,3,695,DIV,PIPE_V,66970,67552,582,100603
case_008,pre,3,1000002439,COPY_IN,PIPE_MTE2,67273,67788,515,100603
case_008,pre,3,696,MATMUL,PIPE_M,67552,68710,1158,100603
case_008,pre,3,700,MATMUL,PIPE_M,68710,69868,1158,100603
case_008,pre,3,1000002415,COPY_OUT,PIPE_MTE3,68710,69225,515,100603
case_008,pre,3,702,DIV,PIPE_V,69868,70450,582,100603
case_008,pre,3,703,REDUCE,PIPE_V,70450,70600,150,100603
case_008,pre,3,704,SUB,PIPE_V,70600,70750,150,100603
case_008,pre,3,705,EXP,PIPE_V,70750,71332,582,100603
case_008,pre,3,1000002443,COPY_IN,PIPE_MTE2,70750,70755,5,100603
case_008,pre,3,1000002441,COPY_IN,PIPE_MTE2,70755,71270,515,100603
case_008,pre,3,1000002447,COPY_IN,PIPE_MTE2,71270,71785,515,100603
case_008,pre,3,706,REDUCE,PIPE_V,71332,71482,150,100603
case_008,pre,3,707,DIV,PIPE_V,71482,72064,582,100603
case_008,pre,3,1000002449,COPY_IN,PIPE_MTE2,71785,72300,515,100603
case_008,pre,3,708,MATMUL,PIPE_M,72064,73222,1158,100603
case_008,pre,3,712,MATMUL,PIPE_M,73222,74380,1158,100603
case_008,pre,3,1000002425,COPY_OUT,PIPE_MTE3,73222,73737,515,100603
case_008,pre,3,714,DIV,PIPE_V,74380,74962,582,100603
case_008,pre,3,715,REDUCE,PIPE_V,74962,75112,150,100603
case_008,pre,3,716,SUB,PIPE_V,75112,75262,150,100603
case_008,pre,3,717,EXP,PIPE_V,75262,75844,582,100603
case_008,pre,3,1000002453,COPY_IN,PIPE_MTE2,75262,75267,5,100603
case_008,pre,3,1000002451,COPY_IN,PIPE_MTE2,75267,75782,515,100603
case_008,pre,3,1000002457,COPY_IN,PIPE_MTE2,75782,76297,515,100603
case_008,pre,3,718,REDUCE,PIPE_V,75844,75994,150,100603
case_008,pre,3,719,DIV,PIPE_V,75994,76576,582,100603
case_008,pre,3,1000002459,COPY_IN,PIPE_MTE2,76297,76812,515,100603
case_008,pre,3,720,MATMUL,PIPE_M,76576,77734,1158,100603
case_008,pre,3,724,MATMUL,PIPE_M,77734,78892,1158,100603
case_008,pre,3,1000002435,COPY_OUT,PIPE_MTE3,77734,78249,515,100603
case_008,pre,3,726,DIV,PIPE_V,78892,79474,582,100603
case_008,pre,3,727,REDUCE,PIPE_V,79474,79624,150,100603
case_008,pre,3,728,SUB,PIPE_V,79624,79774,150,100603
case_008,pre,3,729,EXP,PIPE_V,79774,80356,582,100603
case_008,pre,3,1000002463,COPY_IN,PIPE_MTE2,79774,79779,5,100603
case_008,pre,3,1000002461,COPY_IN,PIPE_MTE2,79779,80294,515,100603
case_008,pre,3,1000002467,COPY_IN,PIPE_MTE2,80294,80809,515,100603
case_008,pre,3,730,REDUCE,PIPE_V,80356,80506,150,100603
case_008,pre,3,731,DIV,PIPE_V,80506,81088,582,100603
case_008,pre,3,1000002469,COPY_IN,PIPE_MTE2,80809,81324,515,100603
case_008,pre,3,732,MATMUL,PIPE_M,81088,82246,1158,100603
case_008,pre,3,736,MATMUL,PIPE_M,82246,83404,1158,100603
case_008,pre,3,1000002445,COPY_OUT,PIPE_MTE3,82246,82761,515,100603
case_008,pre,3,738,DIV,PIPE_V,83404,83986,582,100603
case_008,pre,3,739,REDUCE,PIPE_V,83986,84136,150,100603
case_008,pre,3,740,SUB,PIPE_V,84136,84286,150,100603
case_008,pre,3,741,EXP,PIPE_V,84286,84868,582,100603
case_008,pre,3,1000002473,COPY_IN,PIPE_MTE2,84286,84291,5,100603
case_008,pre,3,1000002471,COPY_IN,PIPE_MTE2,84291,84806,515,100603
case_008,pre,3,742,REDUCE,PIPE_V,84868,85018,150,100603
case_008,pre,3,743,DIV,PIPE_V,85018,85600,582,100603
case_008,pre,3,744,MATMUL,PIPE_M,85600,86758,1158,100603
case_008,pre,3,748,MATMUL,PIPE_M,86758,87916,1158,100603
case_008,pre,3,1000002455,COPY_OUT,PIPE_MTE3,86758,87273,515,100603
case_008,pre,3,750,DIV,PIPE_V,87916,88498,582,100603
case_008,pre,3,751,REDUCE,PIPE_V,88498,88648,150,100603
case_008,pre,3,752,SUB,PIPE_V,88648,88798,150,100603
case_008,pre,3,753,EXP,PIPE_V,88798,89380,582,100603
case_008,pre,3,754,REDUCE,PIPE_V,89380,89530,150,100603
case_008,pre,3,755,DIV,PIPE_V,89530,90112,582,100603
case_008,pre,3,756,MATMUL,PIPE_M,90112,91270,1158,100603
case_008,pre,3,760,MATMUL,PIPE_M,91270,92428,1158,100603
case_008,pre,3,1000002465,COPY_OUT,PIPE_MTE3,91270,91785,515,100603
case_008,pre,3,762,DIV,PIPE_V,92428,93010,582,100603
case_008,pre,3,763,REDUCE,PIPE_V,93010,93160,150,100603
case_008,pre,3,764,SUB,PIPE_V,93160,93310,150,100603
case_008,pre,3,765,EXP,PIPE_V,93310,93892,582,100603
case_008,pre,3,766,REDUCE,PIPE_V,93892,94042,150,100603
case_008,pre,3,767,DIV,PIPE_V,94042,94624,582,100603
case_008,pre,3,768,MATMUL,PIPE_M,94624,95782,1158,100603
case_008,pre,3,1000002475,COPY_OUT,PIPE_MTE3,95782,96297,515,100603
case_008,pre,4,1000001837,COPY_IN,PIPE_MTE2,0,515,515,100603
case_008,pre,4,1000001839,COPY_IN,PIPE_MTE2,515,1030,515,100603
case_008,pre,4,4,MATMUL,PIPE_M,1030,2188,1158,100603
case_008,pre,4,1000001843,COPY_IN,PIPE_MTE2,1030,1035,5,100603
case_008,pre,4,1000001841,COPY_IN,PIPE_MTE2,1035,1550,515,100603
case_008,pre,4,1000001847,COPY_IN,PIPE_MTE2,1550,2065,515,100603
case_008,pre,4,1000001849,COPY_IN,PIPE_MTE2,2065,2580,515,100603
case_008,pre,4,6,DIV,PIPE_V,2188,2770,582,100603
case_008,pre,4,1000001853,COPY_IN,PIPE_MTE2,2580,2585,5,100603
case_008,pre,4,1000001851,COPY_IN,PIPE_MTE2,2585,3100,515,100603
case_008,pre,4,7,REDUCE,PIPE_V,2770,2920,150,100603
case_008,pre,4,8,SUB,PIPE_V,2920,3070,150,100603
case_008,pre,4,9,EXP,PIPE_V,3070,3652,582,100603
case_008,pre,4,1000001857,COPY_IN,PIPE_MTE2,3100,3615,515,100603
case_008,pre,4,1000001859,COPY_IN,PIPE_MTE2,3615,4130,515,100603
case_008,pre,4,10,REDUCE,PIPE_V,3652,3802,150,100603
case_008,pre,4,11,DIV,PIPE_V,3802,4384,582,100603
case_008,pre,4,1000001863,COPY_IN,PIPE_MTE2,4130,4135,5,100603
case_008,pre,4,1000001861,COPY_IN,PIPE_MTE2,4135,4650,515,100603
case_008,pre,4,12,MATMUL,PIPE_M,4384,5542,1158,100603
case_008,pre,4,1000001867,COPY_IN,PIPE_MTE2,4650,5165,515,100603
case_008,pre,4,1000001869,COPY_IN,PIPE_MTE2,5165,5818,653,100603
case_008,pre,4,16,MATMUL,PIPE_M,5542,6700,1158,100603
case_008,pre,4,1000001845,COPY_OUT,PIPE_MTE3,5542,6195,653,100603
case_008,pre,4,18,DIV,PIPE_V,6700,7282,582,100603
case_008,pre,4,19,REDUCE,PIPE_V,7282,7432,150,100603
case_008,pre,4,20,SUB,PIPE_V,7432,7582,150,100603
case_008,pre,4,21,EXP,PIPE_V,7582,8164,582,100603
case_008,pre,4,1000001873,COPY_IN,PIPE_MTE2,7582,7587,5,100603
case_008,pre,4,1000001871,COPY_IN,PIPE_MTE2,7587,8102,515,100603
case_008,pre,4,1000001877,COPY_IN,PIPE_MTE2,8102,8617,515,100603
case_008,pre,4,22,REDUCE,PIPE_V,8164,8314,150,100603
case_008,pre,4,23,DIV,PIPE_V,8314,8896,582,100603
case_008,pre,4,1000001879,COPY_IN,PIPE_MTE2,8617,9132,515,100603
case_008,pre,4,24,MATMUL,PIPE_M,8896,10054,1158,100603
case_008,pre,4,28,MATMUL,PIPE_M,10054,11212,1158,100603
case_008,pre,4,1000001855,COPY_OUT,PIPE_MTE3,10054,10569,515,100603
case_008,pre,4,30,DIV,PIPE_V,11212,11794,582,100603
case_008,pre,4,31,REDUCE,PIPE_V,11794,11944,150,100603
case_008,pre,4,32,SUB,PIPE_V,11944,12094,150,100603
case_008,pre,4,33,EXP,PIPE_V,12094,12676,582,100603
case_008,pre,4,1000001883,COPY_IN,PIPE_MTE2,12094,12099,5,100603
case_008,pre,4,1000001881,COPY_IN,PIPE_MTE2,12099,12614,515,100603
case_008,pre,4,1000001887,COPY_IN,PIPE_MTE2,12614,13129,515,100603
case_008,pre,4,34,REDUCE,PIPE_V,12676,12826,150,100603
case_008,pre,4,35,DIV,PIPE_V,12826,13408,582,100603
case_008,pre,4,1000001889,COPY_IN,PIPE_MTE2,13129,13644,515,100603
case_008,pre,4,36,MATMUL,PIPE_M,13408,14566,1158,100603
case_008,pre,4,40,MATMUL,PIPE_M,14566,15724,1158,100603
case_008,pre,4,1000001865,COPY_OUT,PIPE_MTE3,14566,15081,515,100603
case_008,pre,4,42,DIV,PIPE_V,15724,16306,582,100603
case_008,pre,4,43,REDUCE,PIPE_V,16306,16456,150,100603
case_008,pre,4,44,SUB,PIPE_V,16456,16606,150,100603
case_008,pre,4,45,EXP,PIPE_V,16606,17188,582,100603
case_008,pre,4,1000001893,COPY_IN,PIPE_MTE2,16606,16611,5,100603
case_008,pre,4,1000001891,COPY_IN,PIPE_MTE2,16611,17126,515,100603
case_008,pre,4,1000001897,COPY_IN,PIPE_MTE2,17126,17641,515,100603
case_008,pre,4,46,REDUCE,PIPE_V,17188,17338,150,100603
case_008,pre,4,47,DIV,PIPE_V,17338,17920,582,100603
case_008,pre,4,1000001899,COPY_IN,PIPE_MTE2,17641,18156,515,100603
case_008,pre,4,48,MATMUL,PIPE_M,17920,19078,1158,100603
case_008,pre,4,52,MATMUL,PIPE_M,19078,20236,1158,100603
case_008,pre,4,1000001875,COPY_OUT,PIPE_MTE3,19078,19593,515,100603
case_008,pre,4,54,DIV,PIPE_V,20236,20818,582,100603
case_008,pre,4,55,REDUCE,PIPE_V,20818,20968,150,100603
case_008,pre,4,56,SUB,PIPE_V,20968,21118,150,100603
case_008,pre,4,57,EXP,PIPE_V,21118,21700,582,100603
case_008,pre,4,1000001903,COPY_IN,PIPE_MTE2,21118,21123,5,100603
case_008,pre,4,1000001901,COPY_IN,PIPE_MTE2,21123,21638,515,100603
case_008,pre,4,1000001907,COPY_IN,PIPE_MTE2,21638,22153,515,100603
case_008,pre,4,58,REDUCE,PIPE_V,21700,21850,150,100603
case_008,pre,4,59,DIV,PIPE_V,21850,22432,582,100603
case_008,pre,4,1000001909,COPY_IN,PIPE_MTE2,22153,22668,515,100603
case_008,pre,4,60,MATMUL,PIPE_M,22432,23590,1158,100603
case_008,pre,4,64,MATMUL,PIPE_M,23590,24748,1158,100603
case_008,pre,4,1000001885,COPY_OUT,PIPE_MTE3,23590,24105,515,100603
case_008,pre,4,66,DIV,PIPE_V,24748,25330,582,100603
case_008,pre,4,67,REDUCE,PIPE_V,25330,25480,150,100603
case_008,pre,4,68,SUB,PIPE_V,25480,25630,150,100603
case_008,pre,4,69,EXP,PIPE_V,25630,26212,582,100603
case_008,pre,4,1000001913,COPY_IN,PIPE_MTE2,25630,25635,5,100603
case_008,pre,4,1000001911,COPY_IN,PIPE_MTE2,25635,26150,515,100603
case_008,pre,4,1000001917,COPY_IN,PIPE_MTE2,26150,26665,515,100603
case_008,pre,4,70,REDUCE,PIPE_V,26212,26362,150,100603
case_008,pre,4,71,DIV,PIPE_V,26362,26944,582,100603
case_008,pre,4,1000001919,COPY_IN,PIPE_MTE2,26665,27180,515,100603
case_008,pre,4,72,MATMUL,PIPE_M,26944,28102,1158,100603
case_008,pre,4,76,MATMUL,PIPE_M,28102,29260,1158,100603
case_008,pre,4,1000001895,COPY_OUT,PIPE_MTE3,28102,28617,515,100603
case_008,pre,4,78,DIV,PIPE_V,29260,29842,582,100603
case_008,pre,4,79,REDUCE,PIPE_V,29842,29992,150,100603
case_008,pre,4,80,SUB,PIPE_V,29992,30142,150,100603
case_008,pre,4,81,EXP,PIPE_V,30142,30724,582,100603
case_008,pre,4,1000001923,COPY_IN,PIPE_MTE2,30142,30147,5,100603
case_008,pre,4,1000001921,COPY_IN,PIPE_MTE2,30147,30662,515,100603
case_008,pre,4,1000001927,COPY_IN,PIPE_MTE2,30662,31177,515,100603
case_008,pre,4,82,REDUCE,PIPE_V,30724,30874,150,100603
case_008,pre,4,83,DIV,PIPE_V,30874,31456,582,100603
case_008,pre,4,1000001929,COPY_IN,PIPE_MTE2,31177,31692,515,100603
case_008,pre,4,84,MATMUL,PIPE_M,31456,32614,1158,100603
case_008,pre,4,88,MATMUL,PIPE_M,32614,33772,1158,100603
case_008,pre,4,1000001905,COPY_OUT,PIPE_MTE3,32614,33129,515,100603
case_008,pre,4,90,DIV,PIPE_V,33772,34354,582,100603
case_008,pre,4,91,REDUCE,PIPE_V,34354,34504,150,100603
case_008,pre,4,92,SUB,PIPE_V,34504,34654,150,100603
case_008,pre,4,93,EXP,PIPE_V,34654,35236,582,100603
case_008,pre,4,1000001933,COPY_IN,PIPE_MTE2,34654,34659,5,100603
case_008,pre,4,1000001931,COPY_IN,PIPE_MTE2,34659,35174,515,100603
case_008,pre,4,1000001937,COPY_IN,PIPE_MTE2,35174,35689,515,100603
case_008,pre,4,94,REDUCE,PIPE_V,35236,35386,150,100603
case_008,pre,4,95,DIV,PIPE_V,35386,35968,582,100603
case_008,pre,4,1000001939,COPY_IN,PIPE_MTE2,35689,36204,515,100603
case_008,pre,4,96,MATMUL,PIPE_M,35968,37126,1158,100603
case_008,pre,4,100,MATMUL,PIPE_M,37126,38284,1158,100603
case_008,pre,4,1000001915,COPY_OUT,PIPE_MTE3,37126,37641,515,100603
case_008,pre,4,102,DIV,PIPE_V,38284,38866,582,100603
case_008,pre,4,103,REDUCE,PIPE_V,38866,39016,150,100603
case_008,pre,4,104,SUB,PIPE_V,39016,39166,150,100603
case_008,pre,4,105,EXP,PIPE_V,39166,39748,582,100603
case_008,pre,4,1000001943,COPY_IN,PIPE_MTE2,39166,39171,5,100603
case_008,pre,4,1000001941,COPY_IN,PIPE_MTE2,39171,39686,515,100603
case_008,pre,4,1000001947,COPY_IN,PIPE_MTE2,39686,40201,515,100603
case_008,pre,4,106,REDUCE,PIPE_V,39748,39898,150,100603
case_008,pre,4,107,DIV,PIPE_V,39898,40480,582,100603
case_008,pre,4,1000001949,COPY_IN,PIPE_MTE2,40201,40716,515,100603
case_008,pre,4,108,MATMUL,PIPE_M,40480,41638,1158,100603
case_008,pre,4,112,MATMUL,PIPE_M,41638,42796,1158,100603
case_008,pre,4,1000001925,COPY_OUT,PIPE_MTE3,41638,42153,515,100603
case_008,pre,4,114,DIV,PIPE_V,42796,43378,582,100603
case_008,pre,4,115,REDUCE,PIPE_V,43378,43528,150,100603
case_008,pre,4,116,SUB,PIPE_V,43528,43678,150,100603
case_008,pre,4,117,EXP,PIPE_V,43678,44260,582,100603
case_008,pre,4,1000001953,COPY_IN,PIPE_MTE2,43678,43683,5,100603
case_008,pre,4,1000001951,COPY_IN,PIPE_MTE2,43683,44198,515,100603
case_008,pre,4,1000001957,COPY_IN,PIPE_MTE2,44198,44713,515,100603
case_008,pre,4,118,REDUCE,PIPE_V,44260,44410,150,100603
case_008,pre,4,119,DIV,PIPE_V,44410,44992,582,100603
case_008,pre,4,1000001959,COPY_IN,PIPE_MTE2,44713,45228,515,100603
case_008,pre,4,120,MATMUL,PIPE_M,44992,46150,1158,100603
case_008,pre,4,124,MATMUL,PIPE_M,46150,47308,1158,100603
case_008,pre,4,1000001935,COPY_OUT,PIPE_MTE3,46150,46665,515,100603
case_008,pre,4,126,DIV,PIPE_V,47308,47890,582,100603
case_008,pre,4,127,REDUCE,PIPE_V,47890,48040,150,100603
case_008,pre,4,128,SUB,PIPE_V,48040,48190,150,100603
case_008,pre,4,129,EXP,PIPE_V,48190,48772,582,100603
case_008,pre,4,1000001963,COPY_IN,PIPE_MTE2,48190,48195,5,100603
case_008,pre,4,1000001961,COPY_IN,PIPE_MTE2,48195,48710,515,100603
case_008,pre,4,1000001967,COPY_IN,PIPE_MTE2,48710,49225,515,100603
case_008,pre,4,130,REDUCE,PIPE_V,48772,48922,150,100603
case_008,pre,4,131,DIV,PIPE_V,48922,49504,582,100603
case_008,pre,4,1000001969,COPY_IN,PIPE_MTE2,49225,49740,515,100603
case_008,pre,4,132,MATMUL,PIPE_M,49504,50662,1158,100603
case_008,pre,4,136,MATMUL,PIPE_M,50662,51820,1158,100603
case_008,pre,4,1000001945,COPY_OUT,PIPE_MTE3,50662,51177,515,100603
case_008,pre,4,138,DIV,PIPE_V,51820,52402,582,100603
case_008,pre,4,139,REDUCE,PIPE_V,52402,52552,150,100603
case_008,pre,4,140,SUB,PIPE_V,52552,52702,150,100603
case_008,pre,4,141,EXP,PIPE_V,52702,53284,582,100603
case_008,pre,4,1000001973,COPY_IN,PIPE_MTE2,52702,52707,5,100603
case_008,pre,4,1000001971,COPY_IN,PIPE_MTE2,52707,53222,515,100603
case_008,pre,4,1000001977,COPY_IN,PIPE_MTE2,53222,53737,515,100603
case_008,pre,4,142,REDUCE,PIPE_V,53284,53434,150,100603
case_008,pre,4,143,DIV,PIPE_V,53434,54016,582,100603
case_008,pre,4,1000001979,COPY_IN,PIPE_MTE2,53737,54252,515,100603
case_008,pre,4,144,MATMUL,PIPE_M,54016,55174,1158,100603
case_008,pre,4,148,MATMUL,PIPE_M,55174,56332,1158,100603
case_008,pre,4,1000001955,COPY_OUT,PIPE_MTE3,55174,55689,515,100603
case_008,pre,4,150,DIV,PIPE_V,56332,56914,582,100603
case_008,pre,4,151,REDUCE,PIPE_V,56914,57064,150,100603
case_008,pre,4,152,SUB,PIPE_V,57064,57214,150,100603
case_008,pre,4,153,EXP,PIPE_V,57214,57796,582,100603
case_008,pre,4,1000001983,COPY_IN,PIPE_MTE2,57214,57219,5,100603
case_008,pre,4,1000001981,COPY_IN,PIPE_MTE2,57219,57734,515,100603
case_008,pre,4,1000001987,COPY_IN,PIPE_MTE2,57734,58249,515,100603
case_008,pre,4,154,REDUCE,PIPE_V,57796,57946,150,100603
case_008,pre,4,155,DIV,PIPE_V,57946,58528,582,100603
case_008,pre,4,1000001989,COPY_IN,PIPE_MTE2,58249,58764,515,100603
case_008,pre,4,156,MATMUL,PIPE_M,58528,59686,1158,100603
case_008,pre,4,160,MATMUL,PIPE_M,59686,60844,1158,100603
case_008,pre,4,1000001965,COPY_OUT,PIPE_MTE3,59686,60201,515,100603
case_008,pre,4,162,DIV,PIPE_V,60844,61426,582,100603
case_008,pre,4,163,REDUCE,PIPE_V,61426,61576,150,100603
case_008,pre,4,164,SUB,PIPE_V,61576,61726,150,100603
case_008,pre,4,165,EXP,PIPE_V,61726,62308,582,100603
case_008,pre,4,1000001993,COPY_IN,PIPE_MTE2,61726,61731,5,100603
case_008,pre,4,1000001991,COPY_IN,PIPE_MTE2,61731,62246,515,100603
case_008,pre,4,1000001997,COPY_IN,PIPE_MTE2,62246,62761,515,100603
case_008,pre,4,166,REDUCE,PIPE_V,62308,62458,150,100603
case_008,pre,4,167,DIV,PIPE_V,62458,63040,582,100603
case_008,pre,4,1000001999,COPY_IN,PIPE_MTE2,62761,63276,515,100603
case_008,pre,4,168,MATMUL,PIPE_M,63040,64198,1158,100603
case_008,pre,4,172,MATMUL,PIPE_M,64198,65356,1158,100603
case_008,pre,4,1000001975,COPY_OUT,PIPE_MTE3,64198,64713,515,100603
case_008,pre,4,174,DIV,PIPE_V,65356,65938,582,100603
case_008,pre,4,175,REDUCE,PIPE_V,65938,66088,150,100603
case_008,pre,4,176,SUB,PIPE_V,66088,66238,150,100603
case_008,pre,4,177,EXP,PIPE_V,66238,66820,582,100603
case_008,pre,4,1000002003,COPY_IN,PIPE_MTE2,66238,66243,5,100603
case_008,pre,4,1000002001,COPY_IN,PIPE_MTE2,66243,66758,515,100603
case_008,pre,4,1000002007,COPY_IN,PIPE_MTE2,66758,67273,515,100603
case_008,pre,4,178,REDUCE,PIPE_V,66820,66970,150,100603
case_008,pre,4,179,DIV,PIPE_V,66970,67552,582,100603
case_008,pre,4,1000002009,COPY_IN,PIPE_MTE2,67273,67788,515,100603
case_008,pre,4,180,MATMUL,PIPE_M,67552,68710,1158,100603
case_008,pre,4,184,MATMUL,PIPE_M,68710,69868,1158,100603
case_008,pre,4,1000001985,COPY_OUT,PIPE_MTE3,68710,69225,515,100603
case_008,pre,4,186,DIV,PIPE_V,69868,70450,582,100603
case_008,pre,4,187,REDUCE,PIPE_V,70450,70600,150,100603
case_008,pre,4,188,SUB,PIPE_V,70600,70750,150,100603
case_008,pre,4,189,EXP,PIPE_V,70750,71332,582,100603
case_008,pre,4,1000002013,COPY_IN,PIPE_MTE2,70750,70755,5,100603
case_008,pre,4,1000002011,COPY_IN,PIPE_MTE2,70755,71270,515,100603
case_008,pre,4,1000002017,COPY_IN,PIPE_MTE2,71270,71785,515,100603
case_008,pre,4,190,REDUCE,PIPE_V,71332,71482,150,100603
case_008,pre,4,191,DIV,PIPE_V,71482,72064,582,100603
case_008,pre,4,1000002019,COPY_IN,PIPE_MTE2,71785,72300,515,100603
case_008,pre,4,192,MATMUL,PIPE_M,72064,73222,1158,100603
case_008,pre,4,196,MATMUL,PIPE_M,73222,74380,1158,100603
case_008,pre,4,1000001995,COPY_OUT,PIPE_MTE3,73222,73737,515,100603
case_008,pre,4,198,DIV,PIPE_V,74380,74962,582,100603
case_008,pre,4,199,REDUCE,PIPE_V,74962,75112,150,100603
case_008,pre,4,200,SUB,PIPE_V,75112,75262,150,100603
case_008,pre,4,201,EXP,PIPE_V,75262,75844,582,100603
case_008,pre,4,1000002023,COPY_IN,PIPE_MTE2,75262,75267,5,100603
case_008,pre,4,1000002021,COPY_IN,PIPE_MTE2,75267,75782,515,100603
case_008,pre,4,1000002027,COPY_IN,PIPE_MTE2,75782,76297,515,100603
case_008,pre,4,202,REDUCE,PIPE_V,75844,75994,150,100603
case_008,pre,4,203,DIV,PIPE_V,75994,76576,582,100603
case_008,pre,4,1000002029,COPY_IN,PIPE_MTE2,76297,76812,515,100603
case_008,pre,4,204,MATMUL,PIPE_M,76576,77734,1158,100603
case_008,pre,4,208,MATMUL,PIPE_M,77734,78892,1158,100603
case_008,pre,4,1000002005,COPY_OUT,PIPE_MTE3,77734,78249,515,100603
case_008,pre,4,210,DIV,PIPE_V,78892,79474,582,100603
case_008,pre,4,211,REDUCE,PIPE_V,79474,79624,150,100603
case_008,pre,4,212,SUB,PIPE_V,79624,79774,150,100603
case_008,pre,4,213,EXP,PIPE_V,79774,80356,582,100603
case_008,pre,4,1000002033,COPY_IN,PIPE_MTE2,79774,79779,5,100603
case_008,pre,4,1000002031,COPY_IN,PIPE_MTE2,79779,80294,515,100603
case_008,pre,4,1000002037,COPY_IN,PIPE_MTE2,80294,80809,515,100603
case_008,pre,4,214,REDUCE,PIPE_V,80356,80506,150,100603
case_008,pre,4,215,DIV,PIPE_V,80506,81088,582,100603
case_008,pre,4,1000002039,COPY_IN,PIPE_MTE2,80809,81324,515,100603
case_008,pre,4,216,MATMUL,PIPE_M,81088,82246,1158,100603
case_008,pre,4,220,MATMUL,PIPE_M,82246,83404,1158,100603
case_008,pre,4,1000002015,COPY_OUT,PIPE_MTE3,82246,82761,515,100603
case_008,pre,4,222,DIV,PIPE_V,83404,83986,582,100603
case_008,pre,4,223,REDUCE,PIPE_V,83986,84136,150,100603
case_008,pre,4,224,SUB,PIPE_V,84136,84286,150,100603
case_008,pre,4,225,EXP,PIPE_V,84286,84868,582,100603
case_008,pre,4,1000002043,COPY_IN,PIPE_MTE2,84286,84291,5,100603
case_008,pre,4,1000002041,COPY_IN,PIPE_MTE2,84291,84806,515,100603
case_008,pre,4,226,REDUCE,PIPE_V,84868,85018,150,100603
case_008,pre,4,227,DIV,PIPE_V,85018,85600,582,100603
case_008,pre,4,228,MATMUL,PIPE_M,85600,86758,1158,100603
case_008,pre,4,232,MATMUL,PIPE_M,86758,87916,1158,100603
case_008,pre,4,1000002025,COPY_OUT,PIPE_MTE3,86758,87273,515,100603
case_008,pre,4,234,DIV,PIPE_V,87916,88498,582,100603
case_008,pre,4,235,REDUCE,PIPE_V,88498,88648,150,100603
case_008,pre,4,236,SUB,PIPE_V,88648,88798,150,100603
case_008,pre,4,237,EXP,PIPE_V,88798,89380,582,100603
case_008,pre,4,238,REDUCE,PIPE_V,89380,89530,150,100603
case_008,pre,4,239,DIV,PIPE_V,89530,90112,582,100603
case_008,pre,4,240,MATMUL,PIPE_M,90112,91270,1158,100603
case_008,pre,4,244,MATMUL,PIPE_M,91270,92428,1158,100603
case_008,pre,4,1000002035,COPY_OUT,PIPE_MTE3,91270,91785,515,100603
case_008,pre,4,246,DIV,PIPE_V,92428,93010,582,100603
case_008,pre,4,247,REDUCE,PIPE_V,93010,93160,150,100603
case_008,pre,4,248,SUB,PIPE_V,93160,93310,150,100603
case_008,pre,4,249,EXP,PIPE_V,93310,93892,582,100603
case_008,pre,4,250,REDUCE,PIPE_V,93892,94042,150,100603
case_008,pre,4,251,DIV,PIPE_V,94042,94624,582,100603
case_008,pre,4,252,MATMUL,PIPE_M,94624,95782,1158,100603
case_008,pre,4,1000002045,COPY_OUT,PIPE_MTE3,95782,96297,515,100603
