algorithm,version,problem,N2,N3,N4,N5
v2(结构感知构造+局部搜索),v2基线,1,1.6005,2.0746,2.3366,2.5827
v2(结构感知构造+局部搜索),v2基线,2,1.6422,2.1573,2.5664,2.9418
v2(结构感知构造+局部搜索),v2基线,3,1.6609,2.1879,2.6007,2.9830
offline_calibrated_v5(本文·最终方案轨),final,1,,,,3.6508
offline_calibrated_v5(本文·最终方案轨),final,2,,,,4.3132
offline_calibrated_v5(本文·最终方案轨),final,3,,,,4.3970
v5_two_stage_online(本文·在线轨),online,1,1.3295,1.6178,1.8210,1.9634
v5_two_stage_online(本文·在线轨),online,2,1.6508,2.0984,2.4657,2.7965
v5_two_stage_online(本文·在线轨),online,3,1.6438,2.0998,2.4821,2.8241
