用例,N,Makespan(cycles),额外搬运量(bytes)
case_001,5,47502,4608
case_002,5,53799,43008
case_003,5,235418,8076396
case_004,5,85236,442368
case_005,5,46313,1780852
case_006,5,19736,520044
case_007,5,197052,110592
case_008,5,63883,0
case_009,5,82666,0
case_010,5,18737,538772
case_011,5,39441,1308672
case_012,5,13536,105600
case_013,5,54117,32768
case_014,5,3552237,116905200
case_015,5,37891,777916
case_016,5,2240433,16632
case_017,5,32743,272024
case_018,5,197324,4501504
case_019,5,15040,93260
case_020,5,107111,0
case_021,5,1249261,12021760
case_022,5,11654,137020
case_023,5,23240,628796
case_024,5,743336,5528
case_025,5,943120,110592
case_026,5,34778,611532
case_027,5,460949,14155776
case_028,5,8056841,24789504
case_029,5,8406,55376
case_030,5,559258,8347648
case_031,5,285308,5596040
case_032,5,12125,137324
case_033,5,354075,11157096
case_034,5,163258,3578880
case_035,5,78524,1555960
case_036,5,187182,4608
case_037,5,43013,1310720
case_038,5,274321,8365056
case_039,5,309829,10289152
case_040,5,88594,2359776
case_041,5,1197056,41680896
case_042,5,342415,9520132
case_043,5,191753,2573312
case_044,5,36988,777920
case_045,5,25694,323584
case_046,5,74398,2571456
case_047,5,203922,1556174
case_048,5,143722,838224
case_049,5,80512,1306828
case_050,5,59376,1053208
case_051,5,178070,1312
case_052,5,37293,435768
case_053,5,399608,13567754
case_054,5,280680,8307044
case_055,5,27351,263720
case_056,5,124664,2696338
case_057,5,12813,362064
case_058,5,906467,31494144
case_059,5,150782,3063808
case_060,5,179432,4145416
case_061,5,19061,135240
case_062,5,587612,1236480
case_063,5,227101,147456
case_064,5,14916,33996
case_065,5,10277,107542
case_066,5,126172,2649894
case_067,5,12588983,17327616
case_068,5,167859,4342392
case_069,5,8920,331856
case_070,5,24440,881688
case_071,5,7578,283150
case_072,5,4696136,139920048
case_073,5,1854429,14886400
case_074,5,335984,8409120
case_075,5,427591,9085016
case_076,5,1227055,30243840
case_077,5,107630,979494
case_078,5,477567,10092096
case_079,5,5981709,66727936
case_080,5,93299,2514944
case_081,5,31373,8192
case_082,5,209247,6022616
case_083,5,200760,5257600
case_084,5,283824,0
case_085,5,848638,25298168
case_086,5,58160,2066004
case_087,5,853863,7536820
case_088,5,102798,1837656
case_089,5,123062,954880
case_090,5,276685,8499192
case_091,5,1848400,48835072
case_092,5,806778,5425536
case_093,5,15876,32768
case_094,5,19895,368640
case_095,5,263772,0
case_096,5,24217,871472
case_097,5,2102348,21311488
case_098,5,51910,557200
case_099,5,327029,8712192
case_100,5,51921,1509412
